choice_id,player_id,time_stamp,trial_id
A,1,NA,1
K,1,NA,2
C,1,NA,3
L,1,NA,4
E,1,NA,5
G,1,NA,6
F,1,NA,7
H,1,NA,8
I,1,NA,9
J,1,NA,10
B,1,NA,11
D,1,NA,12
A,1,NA,13
G,1,NA,14
C,1,NA,15
D,1,NA,16
E,1,NA,17
F,1,NA,18
B,1,NA,19
H,1,NA,20
I,1,NA,21
J,1,NA,22
K,1,NA,23
L,1,NA,24
A,1,NA,25
K,1,NA,26
C,1,NA,27
D,1,NA,28
E,1,NA,29
F,1,NA,30
B,1,NA,31
H,1,NA,32
I,1,NA,33
J,1,NA,34
G,1,NA,35
L,1,NA,36
A,1,NA,37
B,1,NA,38
C,1,NA,39
D,1,NA,40
E,1,NA,41
F,1,NA,42
L,1,NA,43
H,1,NA,44
I,1,NA,45
J,1,NA,46
G,1,NA,47
K,1,NA,48
I,1,NA,49
B,1,NA,50
C,1,NA,51
D,1,NA,52
E,1,NA,53
F,1,NA,54
K,1,NA,55
H,1,NA,56
A,1,NA,57
J,1,NA,58
G,1,NA,59
L,1,NA,60
A,1,NA,61
B,1,NA,62
C,1,NA,63
D,1,NA,64
E,1,NA,65
F,1,NA,66
G,1,NA,67
H,1,NA,68
I,1,NA,69
J,1,NA,70
K,1,NA,71
L,1,NA,72
L,2,NA,73
K,2,NA,74
C,2,NA,75
D,2,NA,76
E,2,NA,77
F,2,NA,78
A,2,NA,79
G,2,NA,80
I,2,NA,81
J,2,NA,82
B,2,NA,83
H,2,NA,84
G,2,NA,85
B,2,NA,86
C,2,NA,87
D,2,NA,88
E,2,NA,89
F,2,NA,90
A,2,NA,91
H,2,NA,92
I,2,NA,93
J,2,NA,94
K,2,NA,95
L,2,NA,96
A,2,NA,97
B,2,NA,98
C,2,NA,99
D,2,NA,100
E,2,NA,101
F,2,NA,102
G,2,NA,103
H,2,NA,104
I,2,NA,105
J,2,NA,106
K,2,NA,107
L,2,NA,108
A,2,NA,109
B,2,NA,110
C,2,NA,111
D,2,NA,112
E,2,NA,113
F,2,NA,114
G,2,NA,115
H,2,NA,116
I,2,NA,117
J,2,NA,118
K,2,NA,119
L,2,NA,120
A,2,NA,121
B,2,NA,122
C,2,NA,123
D,2,NA,124
E,2,NA,125
F,2,NA,126
G,2,NA,127
H,2,NA,128
I,2,NA,129
J,2,NA,130
K,2,NA,131
L,2,NA,132
A,2,NA,133
B,2,NA,134
C,2,NA,135
D,2,NA,136
E,2,NA,137
F,2,NA,138
G,2,NA,139
H,2,NA,140
I,2,NA,141
J,2,NA,142
K,2,NA,143
L,2,NA,144
A,3,NA,145
B,3,NA,146
C,3,NA,147
D,3,NA,148
E,3,NA,149
F,3,NA,150
G,3,NA,151
J,3,NA,152
I,3,NA,153
K,3,NA,154
L,3,NA,155
H,3,NA,156
A,3,NA,157
E,3,NA,158
G,3,NA,159
D,3,NA,160
H,3,NA,161
F,3,NA,162
C,3,NA,163
J,3,NA,164
I,3,NA,165
L,3,NA,166
K,3,NA,167
B,3,NA,168
A,3,NA,169
B,3,NA,170
C,3,NA,171
D,3,NA,172
E,3,NA,173
F,3,NA,174
G,3,NA,175
J,3,NA,176
I,3,NA,177
L,3,NA,178
K,3,NA,179
H,3,NA,180
A,3,NA,181
B,3,NA,182
C,3,NA,183
D,3,NA,184
E,3,NA,185
F,3,NA,186
G,3,NA,187
J,3,NA,188
I,3,NA,189
L,3,NA,190
K,3,NA,191
H,3,NA,192
B,3,NA,193
G,3,NA,194
I,3,NA,195
F,3,NA,196
L,3,NA,197
D,3,NA,198
A,3,NA,199
J,3,NA,200
C,3,NA,201
E,3,NA,202
H,3,NA,203
K,3,NA,204
A,3,NA,205
B,3,NA,206
C,3,NA,207
D,3,NA,208
E,3,NA,209
F,3,NA,210
G,3,NA,211
H,3,NA,212
I,3,NA,213
J,3,NA,214
K,3,NA,215
L,3,NA,216
A,4,NA,217
B,4,NA,218
C,4,NA,219
D,4,NA,220
E,4,NA,221
F,4,NA,222
G,4,NA,223
H,4,NA,224
I,4,NA,225
J,4,NA,226
K,4,NA,227
L,4,NA,228
A,4,NA,229
B,4,NA,230
C,4,NA,231
D,4,NA,232
E,4,NA,233
F,4,NA,234
G,4,NA,235
H,4,NA,236
I,4,NA,237
J,4,NA,238
L,4,NA,239
K,4,NA,240
A,4,NA,241
B,4,NA,242
C,4,NA,243
D,4,NA,244
E,4,NA,245
F,4,NA,246
K,4,NA,247
H,4,NA,248
I,4,NA,249
J,4,NA,250
G,4,NA,251
L,4,NA,252
A,4,NA,253
B,4,NA,254
C,4,NA,255
D,4,NA,256
E,4,NA,257
F,4,NA,258
G,4,NA,259
H,4,NA,260
I,4,NA,261
J,4,NA,262
K,4,NA,263
L,4,NA,264
A,4,NA,265
B,4,NA,266
C,4,NA,267
D,4,NA,268
E,4,NA,269
F,4,NA,270
K,4,NA,271
H,4,NA,272
I,4,NA,273
J,4,NA,274
G,4,NA,275
L,4,NA,276
A,4,NA,277
B,4,NA,278
C,4,NA,279
D,4,NA,280
E,4,NA,281
F,4,NA,282
G,4,NA,283
H,4,NA,284
I,4,NA,285
J,4,NA,286
K,4,NA,287
L,4,NA,288
A,5,NA,289
B,5,NA,290
C,5,NA,291
D,5,NA,292
E,5,NA,293
F,5,NA,294
G,5,NA,295
H,5,NA,296
I,5,NA,297
J,5,NA,298
K,5,NA,299
L,5,NA,300
A,5,NA,301
K,5,NA,302
C,5,NA,303
D,5,NA,304
E,5,NA,305
F,5,NA,306
G,5,NA,307
H,5,NA,308
I,5,NA,309
B,5,NA,310
L,5,NA,311
J,5,NA,312
A,5,NA,313
B,5,NA,314
C,5,NA,315
D,5,NA,316
E,5,NA,317
F,5,NA,318
G,5,NA,319
H,5,NA,320
I,5,NA,321
J,5,NA,322
K,5,NA,323
L,5,NA,324
A,5,NA,325
B,5,NA,326
C,5,NA,327
D,5,NA,328
E,5,NA,329
F,5,NA,330
G,5,NA,331
H,5,NA,332
I,5,NA,333
J,5,NA,334
K,5,NA,335
L,5,NA,336
A,5,NA,337
B,5,NA,338
C,5,NA,339
D,5,NA,340
E,5,NA,341
F,5,NA,342
G,5,NA,343
H,5,NA,344
I,5,NA,345
J,5,NA,346
K,5,NA,347
L,5,NA,348
A,5,NA,349
B,5,NA,350
C,5,NA,351
D,5,NA,352
E,5,NA,353
F,5,NA,354
G,5,NA,355
H,5,NA,356
I,5,NA,357
J,5,NA,358
K,5,NA,359
L,5,NA,360
A,6,NA,361
B,6,NA,362
C,6,NA,363
I,6,NA,364
E,6,NA,365
F,6,NA,366
D,6,NA,367
H,6,NA,368
J,6,NA,369
G,6,NA,370
K,6,NA,371
L,6,NA,372
A,6,NA,373
G,6,NA,374
C,6,NA,375
B,6,NA,376
E,6,NA,377
F,6,NA,378
J,6,NA,379
H,6,NA,380
I,6,NA,381
D,6,NA,382
K,6,NA,383
L,6,NA,384
A,6,NA,385
B,6,NA,386
C,6,NA,387
D,6,NA,388
E,6,NA,389
F,6,NA,390
G,6,NA,391
H,6,NA,392
I,6,NA,393
J,6,NA,394
K,6,NA,395
L,6,NA,396
A,6,NA,397
B,6,NA,398
C,6,NA,399
D,6,NA,400
E,6,NA,401
F,6,NA,402
G,6,NA,403
H,6,NA,404
I,6,NA,405
J,6,NA,406
K,6,NA,407
L,6,NA,408
A,6,NA,409
B,6,NA,410
C,6,NA,411
D,6,NA,412
E,6,NA,413
F,6,NA,414
G,6,NA,415
H,6,NA,416
I,6,NA,417
J,6,NA,418
K,6,NA,419
L,6,NA,420
A,6,NA,421
B,6,NA,422
C,6,NA,423
D,6,NA,424
E,6,NA,425
F,6,NA,426
G,6,NA,427
H,6,NA,428
I,6,NA,429
J,6,NA,430
K,6,NA,431
L,6,NA,432
G,7,NA,433
K,7,NA,434
C,7,NA,435
D,7,NA,436
E,7,NA,437
F,7,NA,438
A,7,NA,439
H,7,NA,440
I,7,NA,441
B,7,NA,442
L,7,NA,443
J,7,NA,444
A,7,NA,445
B,7,NA,446
E,7,NA,447
D,7,NA,448
G,7,NA,449
F,7,NA,450
C,7,NA,451
H,7,NA,452
I,7,NA,453
J,7,NA,454
L,7,NA,455
K,7,NA,456
A,7,NA,457
K,7,NA,458
E,7,NA,459
D,7,NA,460
G,7,NA,461
F,7,NA,462
C,7,NA,463
H,7,NA,464
I,7,NA,465
J,7,NA,466
L,7,NA,467
B,7,NA,468
B,7,NA,469
H,7,NA,470
A,7,NA,471
D,7,NA,472
G,7,NA,473
F,7,NA,474
C,7,NA,475
L,7,NA,476
I,7,NA,477
J,7,NA,478
E,7,NA,479
K,7,NA,480
A,7,NA,481
G,7,NA,482
L,7,NA,483
D,7,NA,484
C,7,NA,485
F,7,NA,486
J,7,NA,487
H,7,NA,488
I,7,NA,489
E,7,NA,490
B,7,NA,491
K,7,NA,492
G,7,NA,493
K,7,NA,494
C,7,NA,495
D,7,NA,496
E,7,NA,497
A,7,NA,498
I,7,NA,499
H,7,NA,500
B,7,NA,501
J,7,NA,502
L,7,NA,503
F,7,NA,504
A,8,NA,505
B,8,NA,506
C,8,NA,507
D,8,NA,508
E,8,NA,509
F,8,NA,510
G,8,NA,511
H,8,NA,512
I,8,NA,513
J,8,NA,514
K,8,NA,515
L,8,NA,516
A,8,NA,517
B,8,NA,518
C,8,NA,519
D,8,NA,520
E,8,NA,521
F,8,NA,522
G,8,NA,523
H,8,NA,524
I,8,NA,525
J,8,NA,526
K,8,NA,527
L,8,NA,528
A,8,NA,529
B,8,NA,530
C,8,NA,531
D,8,NA,532
E,8,NA,533
F,8,NA,534
G,8,NA,535
H,8,NA,536
I,8,NA,537
J,8,NA,538
K,8,NA,539
L,8,NA,540
A,8,NA,541
B,8,NA,542
C,8,NA,543
D,8,NA,544
E,8,NA,545
F,8,NA,546
G,8,NA,547
H,8,NA,548
I,8,NA,549
J,8,NA,550
K,8,NA,551
L,8,NA,552
A,8,NA,553
B,8,NA,554
C,8,NA,555
D,8,NA,556
E,8,NA,557
F,8,NA,558
G,8,NA,559
H,8,NA,560
I,8,NA,561
J,8,NA,562
K,8,NA,563
L,8,NA,564
A,8,NA,565
B,8,NA,566
C,8,NA,567
D,8,NA,568
E,8,NA,569
F,8,NA,570
G,8,NA,571
H,8,NA,572
I,8,NA,573
J,8,NA,574
K,8,NA,575
L,8,NA,576
A,9,NA,577
B,9,NA,578
C,9,NA,579
D,9,NA,580
E,9,NA,581
F,9,NA,582
G,9,NA,583
H,9,NA,584
I,9,NA,585
J,9,NA,586
K,9,NA,587
L,9,NA,588
A,9,NA,589
B,9,NA,590
C,9,NA,591
D,9,NA,592
E,9,NA,593
F,9,NA,594
G,9,NA,595
H,9,NA,596
I,9,NA,597
J,9,NA,598
K,9,NA,599
L,9,NA,600
A,9,NA,601
B,9,NA,602
C,9,NA,603
D,9,NA,604
E,9,NA,605
F,9,NA,606
G,9,NA,607
H,9,NA,608
I,9,NA,609
J,9,NA,610
K,9,NA,611
L,9,NA,612
A,9,NA,613
B,9,NA,614
C,9,NA,615
D,9,NA,616
E,9,NA,617
F,9,NA,618
G,9,NA,619
H,9,NA,620
I,9,NA,621
J,9,NA,622
K,9,NA,623
L,9,NA,624
A,9,NA,625
B,9,NA,626
C,9,NA,627
D,9,NA,628
E,9,NA,629
F,9,NA,630
G,9,NA,631
H,9,NA,632
I,9,NA,633
J,9,NA,634
K,9,NA,635
L,9,NA,636
A,9,NA,637
B,9,NA,638
C,9,NA,639
D,9,NA,640
E,9,NA,641
F,9,NA,642
G,9,NA,643
H,9,NA,644
I,9,NA,645
J,9,NA,646
K,9,NA,647
L,9,NA,648
A,10,NA,649
L,10,NA,650
C,10,NA,651
D,10,NA,652
E,10,NA,653
F,10,NA,654
G,10,NA,655
H,10,NA,656
I,10,NA,657
J,10,NA,658
B,10,NA,659
K,10,NA,660
J,10,NA,661
B,10,NA,662
C,10,NA,663
A,10,NA,664
E,10,NA,665
F,10,NA,666
G,10,NA,667
H,10,NA,668
I,10,NA,669
D,10,NA,670
K,10,NA,671
L,10,NA,672
J,10,NA,673
B,10,NA,674
C,10,NA,675
A,10,NA,676
E,10,NA,677
F,10,NA,678
G,10,NA,679
H,10,NA,680
I,10,NA,681
D,10,NA,682
K,10,NA,683
L,10,NA,684
J,10,NA,685
B,10,NA,686
C,10,NA,687
A,10,NA,688
E,10,NA,689
F,10,NA,690
G,10,NA,691
H,10,NA,692
I,10,NA,693
D,10,NA,694
K,10,NA,695
L,10,NA,696
J,10,NA,697
B,10,NA,698
C,10,NA,699
A,10,NA,700
E,10,NA,701
F,10,NA,702
G,10,NA,703
H,10,NA,704
I,10,NA,705
D,10,NA,706
K,10,NA,707
L,10,NA,708
J,10,NA,709
A,10,NA,710
C,10,NA,711
B,10,NA,712
E,10,NA,713
F,10,NA,714
G,10,NA,715
H,10,NA,716
I,10,NA,717
D,10,NA,718
K,10,NA,719
L,10,NA,720
A,11,NA,721
F,11,NA,722
C,11,NA,723
D,11,NA,724
E,11,NA,725
B,11,NA,726
G,11,NA,727
H,11,NA,728
I,11,NA,729
J,11,NA,730
K,11,NA,731
L,11,NA,732
A,11,NA,733
F,11,NA,734
C,11,NA,735
D,11,NA,736
E,11,NA,737
B,11,NA,738
G,11,NA,739
H,11,NA,740
I,11,NA,741
J,11,NA,742
K,11,NA,743
L,11,NA,744
A,11,NA,745
F,11,NA,746
C,11,NA,747
D,11,NA,748
E,11,NA,749
B,11,NA,750
G,11,NA,751
H,11,NA,752
I,11,NA,753
J,11,NA,754
K,11,NA,755
L,11,NA,756
A,11,NA,757
F,11,NA,758
C,11,NA,759
D,11,NA,760
E,11,NA,761
B,11,NA,762
G,11,NA,763
H,11,NA,764
I,11,NA,765
J,11,NA,766
K,11,NA,767
L,11,NA,768
A,11,NA,769
F,11,NA,770
C,11,NA,771
D,11,NA,772
E,11,NA,773
H,11,NA,774
G,11,NA,775
L,11,NA,776
I,11,NA,777
J,11,NA,778
K,11,NA,779
B,11,NA,780
A,11,NA,781
F,11,NA,782
C,11,NA,783
D,11,NA,784
E,11,NA,785
B,11,NA,786
G,11,NA,787
H,11,NA,788
I,11,NA,789
J,11,NA,790
K,11,NA,791
L,11,NA,792
A,12,NA,793
B,12,NA,794
C,12,NA,795
D,12,NA,796
E,12,NA,797
F,12,NA,798
G,12,NA,799
H,12,NA,800
I,12,NA,801
J,12,NA,802
K,12,NA,803
L,12,NA,804
A,12,NA,805
B,12,NA,806
C,12,NA,807
D,12,NA,808
E,12,NA,809
F,12,NA,810
G,12,NA,811
H,12,NA,812
I,12,NA,813
J,12,NA,814
L,12,NA,815
K,12,NA,816
A,12,NA,817
B,12,NA,818
C,12,NA,819
D,12,NA,820
E,12,NA,821
F,12,NA,822
G,12,NA,823
L,12,NA,824
I,12,NA,825
J,12,NA,826
K,12,NA,827
H,12,NA,828
A,12,NA,829
B,12,NA,830
C,12,NA,831
D,12,NA,832
E,12,NA,833
F,12,NA,834
G,12,NA,835
H,12,NA,836
I,12,NA,837
J,12,NA,838
L,12,NA,839
K,12,NA,840
A,12,NA,841
B,12,NA,842
C,12,NA,843
D,12,NA,844
E,12,NA,845
F,12,NA,846
G,12,NA,847
H,12,NA,848
I,12,NA,849
J,12,NA,850
L,12,NA,851
K,12,NA,852
A,12,NA,853
G,12,NA,854
C,12,NA,855
D,12,NA,856
E,12,NA,857
F,12,NA,858
B,12,NA,859
H,12,NA,860
I,12,NA,861
J,12,NA,862
L,12,NA,863
K,12,NA,864
A,13,NA,865
L,13,NA,866
C,13,NA,867
D,13,NA,868
B,13,NA,869
F,13,NA,870
G,13,NA,871
H,13,NA,872
I,13,NA,873
J,13,NA,874
E,13,NA,875
K,13,NA,876
A,13,NA,877
G,13,NA,878
C,13,NA,879
D,13,NA,880
E,13,NA,881
F,13,NA,882
K,13,NA,883
H,13,NA,884
I,13,NA,885
J,13,NA,886
B,13,NA,887
L,13,NA,888
A,13,NA,889
G,13,NA,890
C,13,NA,891
E,13,NA,892
B,13,NA,893
F,13,NA,894
D,13,NA,895
H,13,NA,896
I,13,NA,897
J,13,NA,898
L,13,NA,899
K,13,NA,900
A,13,NA,901
D,13,NA,902
C,13,NA,903
E,13,NA,904
B,13,NA,905
F,13,NA,906
L,13,NA,907
H,13,NA,908
I,13,NA,909
J,13,NA,910
G,13,NA,911
K,13,NA,912
A,13,NA,913
G,13,NA,914
C,13,NA,915
K,13,NA,916
B,13,NA,917
F,13,NA,918
D,13,NA,919
H,13,NA,920
I,13,NA,921
J,13,NA,922
E,13,NA,923
L,13,NA,924
A,13,NA,925
G,13,NA,926
C,13,NA,927
L,13,NA,928
B,13,NA,929
F,13,NA,930
E,13,NA,931
H,13,NA,932
I,13,NA,933
J,13,NA,934
K,13,NA,935
D,13,NA,936
I,14,NA,937
B,14,NA,938
C,14,NA,939
D,14,NA,940
E,14,NA,941
F,14,NA,942
G,14,NA,943
H,14,NA,944
A,14,NA,945
J,14,NA,946
K,14,NA,947
L,14,NA,948
A,14,NA,949
B,14,NA,950
C,14,NA,951
D,14,NA,952
E,14,NA,953
F,14,NA,954
G,14,NA,955
H,14,NA,956
I,14,NA,957
J,14,NA,958
K,14,NA,959
L,14,NA,960
G,14,NA,961
B,14,NA,962
C,14,NA,963
D,14,NA,964
E,14,NA,965
F,14,NA,966
A,14,NA,967
H,14,NA,968
I,14,NA,969
J,14,NA,970
L,14,NA,971
K,14,NA,972
G,14,NA,973
B,14,NA,974
C,14,NA,975
D,14,NA,976
E,14,NA,977
F,14,NA,978
A,14,NA,979
H,14,NA,980
I,14,NA,981
J,14,NA,982
K,14,NA,983
L,14,NA,984
G,14,NA,985
B,14,NA,986
C,14,NA,987
D,14,NA,988
E,14,NA,989
F,14,NA,990
A,14,NA,991
H,14,NA,992
I,14,NA,993
J,14,NA,994
K,14,NA,995
L,14,NA,996
A,14,NA,997
B,14,NA,998
C,14,NA,999
D,14,NA,1000
E,14,NA,1001
F,14,NA,1002
G,14,NA,1003
H,14,NA,1004
I,14,NA,1005
J,14,NA,1006
K,14,NA,1007
L,14,NA,1008
A,15,NA,1009
B,15,NA,1010
C,15,NA,1011
D,15,NA,1012
E,15,NA,1013
F,15,NA,1014
G,15,NA,1015
H,15,NA,1016
I,15,NA,1017
J,15,NA,1018
K,15,NA,1019
L,15,NA,1020
A,15,NA,1021
B,15,NA,1022
C,15,NA,1023
D,15,NA,1024
E,15,NA,1025
F,15,NA,1026
G,15,NA,1027
H,15,NA,1028
I,15,NA,1029
J,15,NA,1030
K,15,NA,1031
L,15,NA,1032
A,15,NA,1033
B,15,NA,1034
C,15,NA,1035
D,15,NA,1036
E,15,NA,1037
F,15,NA,1038
G,15,NA,1039
H,15,NA,1040
I,15,NA,1041
J,15,NA,1042
K,15,NA,1043
L,15,NA,1044
A,15,NA,1045
B,15,NA,1046
C,15,NA,1047
D,15,NA,1048
E,15,NA,1049
F,15,NA,1050
G,15,NA,1051
H,15,NA,1052
I,15,NA,1053
J,15,NA,1054
K,15,NA,1055
L,15,NA,1056
A,15,NA,1057
B,15,NA,1058
C,15,NA,1059
D,15,NA,1060
E,15,NA,1061
F,15,NA,1062
G,15,NA,1063
H,15,NA,1064
I,15,NA,1065
J,15,NA,1066
K,15,NA,1067
L,15,NA,1068
A,15,NA,1069
B,15,NA,1070
C,15,NA,1071
D,15,NA,1072
E,15,NA,1073
F,15,NA,1074
G,15,NA,1075
H,15,NA,1076
I,15,NA,1077
J,15,NA,1078
K,15,NA,1079
L,15,NA,1080
A,16,NA,1081
B,16,NA,1082
C,16,NA,1083
D,16,NA,1084
E,16,NA,1085
F,16,NA,1086
G,16,NA,1087
L,16,NA,1088
I,16,NA,1089
J,16,NA,1090
H,16,NA,1091
K,16,NA,1092
A,16,NA,1093
K,16,NA,1094
C,16,NA,1095
D,16,NA,1096
E,16,NA,1097
F,16,NA,1098
G,16,NA,1099
H,16,NA,1100
I,16,NA,1101
J,16,NA,1102
B,16,NA,1103
L,16,NA,1104
A,16,NA,1105
B,16,NA,1106
C,16,NA,1107
D,16,NA,1108
E,16,NA,1109
F,16,NA,1110
G,16,NA,1111
H,16,NA,1112
I,16,NA,1113
J,16,NA,1114
K,16,NA,1115
L,16,NA,1116
A,16,NA,1117
B,16,NA,1118
C,16,NA,1119
D,16,NA,1120
E,16,NA,1121
F,16,NA,1122
G,16,NA,1123
H,16,NA,1124
I,16,NA,1125
J,16,NA,1126
K,16,NA,1127
L,16,NA,1128
A,16,NA,1129
B,16,NA,1130
C,16,NA,1131
D,16,NA,1132
E,16,NA,1133
F,16,NA,1134
G,16,NA,1135
H,16,NA,1136
I,16,NA,1137
J,16,NA,1138
K,16,NA,1139
L,16,NA,1140
A,16,NA,1141
B,16,NA,1142
C,16,NA,1143
D,16,NA,1144
E,16,NA,1145
F,16,NA,1146
G,16,NA,1147
H,16,NA,1148
I,16,NA,1149
J,16,NA,1150
K,16,NA,1151
L,16,NA,1152
A,17,NA,1153
G,17,NA,1154
C,17,NA,1155
H,17,NA,1156
E,17,NA,1157
F,17,NA,1158
B,17,NA,1159
K,17,NA,1160
I,17,NA,1161
J,17,NA,1162
D,17,NA,1163
L,17,NA,1164
I,17,NA,1165
B,17,NA,1166
C,17,NA,1167
D,17,NA,1168
E,17,NA,1169
F,17,NA,1170
G,17,NA,1171
J,17,NA,1172
A,17,NA,1173
K,17,NA,1174
H,17,NA,1175
L,17,NA,1176
A,17,NA,1177
H,17,NA,1178
C,17,NA,1179
D,17,NA,1180
E,17,NA,1181
B,17,NA,1182
G,17,NA,1183
J,17,NA,1184
I,17,NA,1185
L,17,NA,1186
F,17,NA,1187
K,17,NA,1188
A,17,NA,1189
B,17,NA,1190
C,17,NA,1191
D,17,NA,1192
E,17,NA,1193
F,17,NA,1194
G,17,NA,1195
J,17,NA,1196
I,17,NA,1197
K,17,NA,1198
H,17,NA,1199
L,17,NA,1200
A,17,NA,1201
B,17,NA,1202
C,17,NA,1203
D,17,NA,1204
E,17,NA,1205
F,17,NA,1206
G,17,NA,1207
K,17,NA,1208
I,17,NA,1209
J,17,NA,1210
H,17,NA,1211
L,17,NA,1212
A,17,NA,1213
G,17,NA,1214
C,17,NA,1215
D,17,NA,1216
E,17,NA,1217
F,17,NA,1218
B,17,NA,1219
H,17,NA,1220
I,17,NA,1221
J,17,NA,1222
K,17,NA,1223
L,17,NA,1224
F,18,NA,1225
L,18,NA,1226
C,18,NA,1227
E,18,NA,1228
I,18,NA,1229
K,18,NA,1230
G,18,NA,1231
H,18,NA,1232
J,18,NA,1233
D,18,NA,1234
A,18,NA,1235
B,18,NA,1236
A,18,NA,1237
B,18,NA,1238
C,18,NA,1239
D,18,NA,1240
E,18,NA,1241
F,18,NA,1242
G,18,NA,1243
H,18,NA,1244
I,18,NA,1245
J,18,NA,1246
K,18,NA,1247
L,18,NA,1248
A,18,NA,1249
B,18,NA,1250
C,18,NA,1251
D,18,NA,1252
E,18,NA,1253
F,18,NA,1254
G,18,NA,1255
H,18,NA,1256
I,18,NA,1257
J,18,NA,1258
K,18,NA,1259
L,18,NA,1260
A,18,NA,1261
B,18,NA,1262
C,18,NA,1263
D,18,NA,1264
E,18,NA,1265
F,18,NA,1266
G,18,NA,1267
H,18,NA,1268
I,18,NA,1269
J,18,NA,1270
K,18,NA,1271
L,18,NA,1272
A,18,NA,1273
B,18,NA,1274
C,18,NA,1275
D,18,NA,1276
E,18,NA,1277
F,18,NA,1278
G,18,NA,1279
H,18,NA,1280
I,18,NA,1281
J,18,NA,1282
K,18,NA,1283
L,18,NA,1284
A,18,NA,1285
B,18,NA,1286
C,18,NA,1287
D,18,NA,1288
E,18,NA,1289
F,18,NA,1290
G,18,NA,1291
H,18,NA,1292
I,18,NA,1293
J,18,NA,1294
K,18,NA,1295
L,18,NA,1296
A,19,NA,1297
B,19,NA,1298
C,19,NA,1299
D,19,NA,1300
E,19,NA,1301
F,19,NA,1302
G,19,NA,1303
H,19,NA,1304
I,19,NA,1305
J,19,NA,1306
K,19,NA,1307
L,19,NA,1308
A,19,NA,1309
B,19,NA,1310
C,19,NA,1311
D,19,NA,1312
E,19,NA,1313
F,19,NA,1314
G,19,NA,1315
L,19,NA,1316
I,19,NA,1317
J,19,NA,1318
H,19,NA,1319
K,19,NA,1320
A,19,NA,1321
B,19,NA,1322
C,19,NA,1323
D,19,NA,1324
E,19,NA,1325
F,19,NA,1326
G,19,NA,1327
H,19,NA,1328
I,19,NA,1329
J,19,NA,1330
L,19,NA,1331
K,19,NA,1332
A,19,NA,1333
B,19,NA,1334
C,19,NA,1335
D,19,NA,1336
E,19,NA,1337
F,19,NA,1338
G,19,NA,1339
H,19,NA,1340
I,19,NA,1341
J,19,NA,1342
K,19,NA,1343
L,19,NA,1344
A,19,NA,1345
B,19,NA,1346
C,19,NA,1347
D,19,NA,1348
E,19,NA,1349
F,19,NA,1350
G,19,NA,1351
H,19,NA,1352
I,19,NA,1353
J,19,NA,1354
L,19,NA,1355
K,19,NA,1356
A,19,NA,1357
B,19,NA,1358
C,19,NA,1359
D,19,NA,1360
E,19,NA,1361
F,19,NA,1362
G,19,NA,1363
H,19,NA,1364
I,19,NA,1365
J,19,NA,1366
K,19,NA,1367
L,19,NA,1368
A,20,NA,1369
B,20,NA,1370
C,20,NA,1371
D,20,NA,1372
E,20,NA,1373
F,20,NA,1374
G,20,NA,1375
H,20,NA,1376
I,20,NA,1377
J,20,NA,1378
K,20,NA,1379
L,20,NA,1380
A,20,NA,1381
B,20,NA,1382
C,20,NA,1383
D,20,NA,1384
E,20,NA,1385
F,20,NA,1386
G,20,NA,1387
H,20,NA,1388
I,20,NA,1389
J,20,NA,1390
K,20,NA,1391
L,20,NA,1392
A,20,NA,1393
B,20,NA,1394
C,20,NA,1395
D,20,NA,1396
E,20,NA,1397
F,20,NA,1398
G,20,NA,1399
H,20,NA,1400
I,20,NA,1401
J,20,NA,1402
K,20,NA,1403
L,20,NA,1404
A,20,NA,1405
B,20,NA,1406
C,20,NA,1407
D,20,NA,1408
E,20,NA,1409
F,20,NA,1410
G,20,NA,1411
H,20,NA,1412
I,20,NA,1413
J,20,NA,1414
K,20,NA,1415
L,20,NA,1416
A,20,NA,1417
B,20,NA,1418
C,20,NA,1419
D,20,NA,1420
E,20,NA,1421
F,20,NA,1422
G,20,NA,1423
H,20,NA,1424
I,20,NA,1425
J,20,NA,1426
K,20,NA,1427
L,20,NA,1428
A,20,NA,1429
B,20,NA,1430
C,20,NA,1431
D,20,NA,1432
E,20,NA,1433
F,20,NA,1434
G,20,NA,1435
H,20,NA,1436
I,20,NA,1437
J,20,NA,1438
K,20,NA,1439
L,20,NA,1440
G,21,NA,1441
B,21,NA,1442
C,21,NA,1443
D,21,NA,1444
E,21,NA,1445
F,21,NA,1446
A,21,NA,1447
H,21,NA,1448
I,21,NA,1449
J,21,NA,1450
K,21,NA,1451
L,21,NA,1452
G,21,NA,1453
B,21,NA,1454
C,21,NA,1455
D,21,NA,1456
E,21,NA,1457
F,21,NA,1458
A,21,NA,1459
H,21,NA,1460
I,21,NA,1461
J,21,NA,1462
K,21,NA,1463
L,21,NA,1464
A,21,NA,1465
B,21,NA,1466
C,21,NA,1467
D,21,NA,1468
E,21,NA,1469
F,21,NA,1470
G,21,NA,1471
H,21,NA,1472
I,21,NA,1473
J,21,NA,1474
K,21,NA,1475
L,21,NA,1476
A,21,NA,1477
B,21,NA,1478
C,21,NA,1479
D,21,NA,1480
E,21,NA,1481
F,21,NA,1482
G,21,NA,1483
H,21,NA,1484
I,21,NA,1485
J,21,NA,1486
K,21,NA,1487
L,21,NA,1488
A,21,NA,1489
B,21,NA,1490
C,21,NA,1491
D,21,NA,1492
E,21,NA,1493
F,21,NA,1494
G,21,NA,1495
H,21,NA,1496
I,21,NA,1497
J,21,NA,1498
K,21,NA,1499
L,21,NA,1500
A,21,NA,1501
B,21,NA,1502
C,21,NA,1503
D,21,NA,1504
E,21,NA,1505
F,21,NA,1506
G,21,NA,1507
H,21,NA,1508
I,21,NA,1509
J,21,NA,1510
K,21,NA,1511
L,21,NA,1512
A,22,NA,1513
K,22,NA,1514
C,22,NA,1515
D,22,NA,1516
E,22,NA,1517
F,22,NA,1518
G,22,NA,1519
H,22,NA,1520
I,22,NA,1521
J,22,NA,1522
B,22,NA,1523
L,22,NA,1524
A,22,NA,1525
K,22,NA,1526
C,22,NA,1527
D,22,NA,1528
E,22,NA,1529
F,22,NA,1530
G,22,NA,1531
H,22,NA,1532
I,22,NA,1533
J,22,NA,1534
B,22,NA,1535
L,22,NA,1536
A,22,NA,1537
K,22,NA,1538
C,22,NA,1539
D,22,NA,1540
E,22,NA,1541
F,22,NA,1542
G,22,NA,1543
H,22,NA,1544
I,22,NA,1545
B,22,NA,1546
J,22,NA,1547
L,22,NA,1548
A,22,NA,1549
K,22,NA,1550
C,22,NA,1551
D,22,NA,1552
E,22,NA,1553
F,22,NA,1554
G,22,NA,1555
H,22,NA,1556
I,22,NA,1557
J,22,NA,1558
B,22,NA,1559
L,22,NA,1560
A,22,NA,1561
K,22,NA,1562
C,22,NA,1563
D,22,NA,1564
E,22,NA,1565
F,22,NA,1566
G,22,NA,1567
H,22,NA,1568
I,22,NA,1569
J,22,NA,1570
L,22,NA,1571
B,22,NA,1572
A,22,NA,1573
K,22,NA,1574
C,22,NA,1575
D,22,NA,1576
E,22,NA,1577
F,22,NA,1578
G,22,NA,1579
H,22,NA,1580
I,22,NA,1581
J,22,NA,1582
B,22,NA,1583
L,22,NA,1584
L,23,NA,1585
A,23,NA,1586
C,23,NA,1587
D,23,NA,1588
E,23,NA,1589
F,23,NA,1590
J,23,NA,1591
H,23,NA,1592
I,23,NA,1593
B,23,NA,1594
K,23,NA,1595
G,23,NA,1596
A,23,NA,1597
G,23,NA,1598
H,23,NA,1599
D,23,NA,1600
E,23,NA,1601
F,23,NA,1602
L,23,NA,1603
C,23,NA,1604
I,23,NA,1605
J,23,NA,1606
B,23,NA,1607
K,23,NA,1608
A,23,NA,1609
C,23,NA,1610
J,23,NA,1611
D,23,NA,1612
E,23,NA,1613
F,23,NA,1614
B,23,NA,1615
H,23,NA,1616
I,23,NA,1617
G,23,NA,1618
K,23,NA,1619
L,23,NA,1620
A,23,NA,1621
C,23,NA,1622
J,23,NA,1623
D,23,NA,1624
E,23,NA,1625
F,23,NA,1626
H,23,NA,1627
G,23,NA,1628
I,23,NA,1629
B,23,NA,1630
K,23,NA,1631
L,23,NA,1632
A,23,NA,1633
C,23,NA,1634
H,23,NA,1635
D,23,NA,1636
E,23,NA,1637
F,23,NA,1638
B,23,NA,1639
G,23,NA,1640
I,23,NA,1641
J,23,NA,1642
K,23,NA,1643
L,23,NA,1644
A,23,NA,1645
C,23,NA,1646
H,23,NA,1647
D,23,NA,1648
E,23,NA,1649
F,23,NA,1650
G,23,NA,1651
B,23,NA,1652
I,23,NA,1653
J,23,NA,1654
K,23,NA,1655
L,23,NA,1656
I,24,NA,1657
B,24,NA,1658
C,24,NA,1659
D,24,NA,1660
E,24,NA,1661
F,24,NA,1662
G,24,NA,1663
A,24,NA,1664
H,24,NA,1665
J,24,NA,1666
K,24,NA,1667
L,24,NA,1668
A,24,NA,1669
B,24,NA,1670
C,24,NA,1671
D,24,NA,1672
E,24,NA,1673
F,24,NA,1674
G,24,NA,1675
H,24,NA,1676
I,24,NA,1677
J,24,NA,1678
K,24,NA,1679
L,24,NA,1680
A,24,NA,1681
B,24,NA,1682
C,24,NA,1683
D,24,NA,1684
E,24,NA,1685
F,24,NA,1686
G,24,NA,1687
H,24,NA,1688
I,24,NA,1689
J,24,NA,1690
K,24,NA,1691
L,24,NA,1692
A,24,NA,1693
B,24,NA,1694
C,24,NA,1695
D,24,NA,1696
E,24,NA,1697
F,24,NA,1698
G,24,NA,1699
H,24,NA,1700
I,24,NA,1701
J,24,NA,1702
K,24,NA,1703
L,24,NA,1704
A,24,NA,1705
B,24,NA,1706
C,24,NA,1707
D,24,NA,1708
E,24,NA,1709
F,24,NA,1710
G,24,NA,1711
H,24,NA,1712
I,24,NA,1713
J,24,NA,1714
K,24,NA,1715
L,24,NA,1716
A,24,NA,1717
B,24,NA,1718
C,24,NA,1719
D,24,NA,1720
E,24,NA,1721
F,24,NA,1722
G,24,NA,1723
H,24,NA,1724
I,24,NA,1725
J,24,NA,1726
K,24,NA,1727
L,24,NA,1728
G,25,NA,1729
L,25,NA,1730
C,25,NA,1731
D,25,NA,1732
E,25,NA,1733
J,25,NA,1734
F,25,NA,1735
H,25,NA,1736
I,25,NA,1737
B,25,NA,1738
K,25,NA,1739
A,25,NA,1740
A,25,NA,1741
B,25,NA,1742
C,25,NA,1743
D,25,NA,1744
E,25,NA,1745
F,25,NA,1746
G,25,NA,1747
J,25,NA,1748
I,25,NA,1749
H,25,NA,1750
L,25,NA,1751
K,25,NA,1752
A,25,NA,1753
B,25,NA,1754
C,25,NA,1755
D,25,NA,1756
E,25,NA,1757
F,25,NA,1758
G,25,NA,1759
H,25,NA,1760
I,25,NA,1761
J,25,NA,1762
K,25,NA,1763
L,25,NA,1764
A,25,NA,1765
B,25,NA,1766
C,25,NA,1767
D,25,NA,1768
E,25,NA,1769
F,25,NA,1770
G,25,NA,1771
H,25,NA,1772
I,25,NA,1773
J,25,NA,1774
K,25,NA,1775
L,25,NA,1776
A,25,NA,1777
B,25,NA,1778
C,25,NA,1779
D,25,NA,1780
E,25,NA,1781
F,25,NA,1782
G,25,NA,1783
H,25,NA,1784
I,25,NA,1785
J,25,NA,1786
K,25,NA,1787
L,25,NA,1788
A,25,NA,1789
B,25,NA,1790
C,25,NA,1791
D,25,NA,1792
E,25,NA,1793
F,25,NA,1794
G,25,NA,1795
H,25,NA,1796
I,25,NA,1797
J,25,NA,1798
K,25,NA,1799
L,25,NA,1800
A,26,NA,1801
B,26,NA,1802
C,26,NA,1803
D,26,NA,1804
E,26,NA,1805
F,26,NA,1806
G,26,NA,1807
H,26,NA,1808
I,26,NA,1809
J,26,NA,1810
K,26,NA,1811
L,26,NA,1812
A,26,NA,1813
K,26,NA,1814
C,26,NA,1815
D,26,NA,1816
E,26,NA,1817
F,26,NA,1818
G,26,NA,1819
H,26,NA,1820
I,26,NA,1821
J,26,NA,1822
B,26,NA,1823
L,26,NA,1824
E,26,NA,1825
K,26,NA,1826
I,26,NA,1827
D,26,NA,1828
C,26,NA,1829
A,26,NA,1830
G,26,NA,1831
H,26,NA,1832
J,26,NA,1833
F,26,NA,1834
B,26,NA,1835
L,26,NA,1836
A,26,NA,1837
B,26,NA,1838
C,26,NA,1839
D,26,NA,1840
E,26,NA,1841
F,26,NA,1842
G,26,NA,1843
H,26,NA,1844
I,26,NA,1845
J,26,NA,1846
L,26,NA,1847
K,26,NA,1848
A,26,NA,1849
H,26,NA,1850
C,26,NA,1851
D,26,NA,1852
E,26,NA,1853
B,26,NA,1854
G,26,NA,1855
F,26,NA,1856
I,26,NA,1857
J,26,NA,1858
L,26,NA,1859
K,26,NA,1860
A,26,NA,1861
H,26,NA,1862
C,26,NA,1863
D,26,NA,1864
E,26,NA,1865
F,26,NA,1866
G,26,NA,1867
K,26,NA,1868
I,26,NA,1869
J,26,NA,1870
L,26,NA,1871
B,26,NA,1872
A,27,NA,1873
B,27,NA,1874
C,27,NA,1875
D,27,NA,1876
E,27,NA,1877
G,27,NA,1878
J,27,NA,1879
K,27,NA,1880
I,27,NA,1881
H,27,NA,1882
L,27,NA,1883
F,27,NA,1884
J,27,NA,1885
B,27,NA,1886
C,27,NA,1887
L,27,NA,1888
E,27,NA,1889
A,27,NA,1890
D,27,NA,1891
H,27,NA,1892
I,27,NA,1893
G,27,NA,1894
K,27,NA,1895
F,27,NA,1896
A,27,NA,1897
J,27,NA,1898
C,27,NA,1899
D,27,NA,1900
E,27,NA,1901
F,27,NA,1902
B,27,NA,1903
K,27,NA,1904
I,27,NA,1905
H,27,NA,1906
L,27,NA,1907
G,27,NA,1908
A,27,NA,1909
B,27,NA,1910
C,27,NA,1911
D,27,NA,1912
E,27,NA,1913
G,27,NA,1914
H,27,NA,1915
L,27,NA,1916
I,27,NA,1917
J,27,NA,1918
K,27,NA,1919
F,27,NA,1920
A,27,NA,1921
I,27,NA,1922
C,27,NA,1923
D,27,NA,1924
E,27,NA,1925
G,27,NA,1926
B,27,NA,1927
K,27,NA,1928
H,27,NA,1929
J,27,NA,1930
L,27,NA,1931
F,27,NA,1932
A,27,NA,1933
B,27,NA,1934
C,27,NA,1935
D,27,NA,1936
E,27,NA,1937
F,27,NA,1938
K,27,NA,1939
H,27,NA,1940
I,27,NA,1941
J,27,NA,1942
L,27,NA,1943
G,27,NA,1944
A,28,NA,1945
G,28,NA,1946
C,28,NA,1947
D,28,NA,1948
E,28,NA,1949
F,28,NA,1950
B,28,NA,1951
H,28,NA,1952
I,28,NA,1953
J,28,NA,1954
K,28,NA,1955
L,28,NA,1956
I,28,NA,1957
G,28,NA,1958
C,28,NA,1959
D,28,NA,1960
E,28,NA,1961
F,28,NA,1962
B,28,NA,1963
H,28,NA,1964
A,28,NA,1965
J,28,NA,1966
K,28,NA,1967
L,28,NA,1968
A,28,NA,1969
G,28,NA,1970
C,28,NA,1971
D,28,NA,1972
E,28,NA,1973
F,28,NA,1974
B,28,NA,1975
H,28,NA,1976
I,28,NA,1977
J,28,NA,1978
K,28,NA,1979
L,28,NA,1980
A,28,NA,1981
G,28,NA,1982
C,28,NA,1983
D,28,NA,1984
E,28,NA,1985
B,28,NA,1986
K,28,NA,1987
H,28,NA,1988
I,28,NA,1989
J,28,NA,1990
L,28,NA,1991
F,28,NA,1992
A,28,NA,1993
G,28,NA,1994
C,28,NA,1995
D,28,NA,1996
E,28,NA,1997
F,28,NA,1998
B,28,NA,1999
H,28,NA,2000
I,28,NA,2001
J,28,NA,2002
K,28,NA,2003
L,28,NA,2004
A,28,NA,2005
G,28,NA,2006
C,28,NA,2007
D,28,NA,2008
E,28,NA,2009
F,28,NA,2010
B,28,NA,2011
H,28,NA,2012
I,28,NA,2013
J,28,NA,2014
K,28,NA,2015
L,28,NA,2016
A,29,NA,2017
B,29,NA,2018
C,29,NA,2019
D,29,NA,2020
E,29,NA,2021
F,29,NA,2022
G,29,NA,2023
H,29,NA,2024
I,29,NA,2025
J,29,NA,2026
K,29,NA,2027
L,29,NA,2028
A,29,NA,2029
B,29,NA,2030
C,29,NA,2031
D,29,NA,2032
E,29,NA,2033
F,29,NA,2034
G,29,NA,2035
H,29,NA,2036
I,29,NA,2037
J,29,NA,2038
K,29,NA,2039
L,29,NA,2040
A,29,NA,2041
B,29,NA,2042
C,29,NA,2043
D,29,NA,2044
E,29,NA,2045
F,29,NA,2046
G,29,NA,2047
H,29,NA,2048
I,29,NA,2049
J,29,NA,2050
K,29,NA,2051
L,29,NA,2052
A,29,NA,2053
B,29,NA,2054
C,29,NA,2055
D,29,NA,2056
E,29,NA,2057
F,29,NA,2058
G,29,NA,2059
H,29,NA,2060
I,29,NA,2061
J,29,NA,2062
K,29,NA,2063
L,29,NA,2064
A,29,NA,2065
B,29,NA,2066
C,29,NA,2067
D,29,NA,2068
E,29,NA,2069
F,29,NA,2070
G,29,NA,2071
H,29,NA,2072
I,29,NA,2073
J,29,NA,2074
K,29,NA,2075
L,29,NA,2076
A,29,NA,2077
B,29,NA,2078
C,29,NA,2079
D,29,NA,2080
E,29,NA,2081
F,29,NA,2082
G,29,NA,2083
H,29,NA,2084
I,29,NA,2085
J,29,NA,2086
K,29,NA,2087
L,29,NA,2088
A,30,NA,2089
B,30,NA,2090
C,30,NA,2091
D,30,NA,2092
E,30,NA,2093
F,30,NA,2094
G,30,NA,2095
H,30,NA,2096
I,30,NA,2097
J,30,NA,2098
K,30,NA,2099
L,30,NA,2100
A,30,NA,2101
B,30,NA,2102
C,30,NA,2103
D,30,NA,2104
E,30,NA,2105
F,30,NA,2106
G,30,NA,2107
H,30,NA,2108
I,30,NA,2109
J,30,NA,2110
K,30,NA,2111
L,30,NA,2112
A,30,NA,2113
B,30,NA,2114
C,30,NA,2115
D,30,NA,2116
E,30,NA,2117
F,30,NA,2118
G,30,NA,2119
H,30,NA,2120
I,30,NA,2121
J,30,NA,2122
K,30,NA,2123
L,30,NA,2124
A,30,NA,2125
B,30,NA,2126
C,30,NA,2127
D,30,NA,2128
E,30,NA,2129
F,30,NA,2130
G,30,NA,2131
H,30,NA,2132
I,30,NA,2133
J,30,NA,2134
K,30,NA,2135
L,30,NA,2136
A,30,NA,2137
B,30,NA,2138
C,30,NA,2139
D,30,NA,2140
E,30,NA,2141
F,30,NA,2142
G,30,NA,2143
H,30,NA,2144
I,30,NA,2145
J,30,NA,2146
K,30,NA,2147
L,30,NA,2148
A,30,NA,2149
B,30,NA,2150
C,30,NA,2151
D,30,NA,2152
E,30,NA,2153
F,30,NA,2154
G,30,NA,2155
H,30,NA,2156
I,30,NA,2157
J,30,NA,2158
K,30,NA,2159
L,30,NA,2160
A,31,NA,2161
B,31,NA,2162
C,31,NA,2163
D,31,NA,2164
E,31,NA,2165
F,31,NA,2166
G,31,NA,2167
H,31,NA,2168
I,31,NA,2169
J,31,NA,2170
K,31,NA,2171
L,31,NA,2172
A,31,NA,2173
B,31,NA,2174
C,31,NA,2175
D,31,NA,2176
E,31,NA,2177
F,31,NA,2178
G,31,NA,2179
H,31,NA,2180
I,31,NA,2181
J,31,NA,2182
K,31,NA,2183
L,31,NA,2184
A,31,NA,2185
B,31,NA,2186
C,31,NA,2187
D,31,NA,2188
E,31,NA,2189
F,31,NA,2190
G,31,NA,2191
H,31,NA,2192
I,31,NA,2193
J,31,NA,2194
K,31,NA,2195
L,31,NA,2196
A,31,NA,2197
B,31,NA,2198
C,31,NA,2199
D,31,NA,2200
E,31,NA,2201
F,31,NA,2202
G,31,NA,2203
H,31,NA,2204
I,31,NA,2205
J,31,NA,2206
K,31,NA,2207
L,31,NA,2208
A,31,NA,2209
B,31,NA,2210
C,31,NA,2211
D,31,NA,2212
E,31,NA,2213
F,31,NA,2214
G,31,NA,2215
H,31,NA,2216
I,31,NA,2217
J,31,NA,2218
K,31,NA,2219
L,31,NA,2220
A,31,NA,2221
B,31,NA,2222
C,31,NA,2223
D,31,NA,2224
E,31,NA,2225
F,31,NA,2226
G,31,NA,2227
H,31,NA,2228
I,31,NA,2229
J,31,NA,2230
K,31,NA,2231
L,31,NA,2232
A,32,NA,2233
E,32,NA,2234
C,32,NA,2235
D,32,NA,2236
L,32,NA,2237
F,32,NA,2238
K,32,NA,2239
I,32,NA,2240
G,32,NA,2241
J,32,NA,2242
H,32,NA,2243
B,32,NA,2244
A,32,NA,2245
B,32,NA,2246
C,32,NA,2247
D,32,NA,2248
E,32,NA,2249
F,32,NA,2250
H,32,NA,2251
K,32,NA,2252
I,32,NA,2253
L,32,NA,2254
J,32,NA,2255
G,32,NA,2256
A,32,NA,2257
B,32,NA,2258
C,32,NA,2259
D,32,NA,2260
E,32,NA,2261
F,32,NA,2262
K,32,NA,2263
I,32,NA,2264
G,32,NA,2265
J,32,NA,2266
H,32,NA,2267
L,32,NA,2268
A,32,NA,2269
B,32,NA,2270
C,32,NA,2271
D,32,NA,2272
E,32,NA,2273
F,32,NA,2274
G,32,NA,2275
K,32,NA,2276
I,32,NA,2277
L,32,NA,2278
J,32,NA,2279
H,32,NA,2280
A,32,NA,2281
B,32,NA,2282
C,32,NA,2283
D,32,NA,2284
G,32,NA,2285
F,32,NA,2286
E,32,NA,2287
L,32,NA,2288
I,32,NA,2289
J,32,NA,2290
K,32,NA,2291
H,32,NA,2292
A,32,NA,2293
E,32,NA,2294
C,32,NA,2295
D,32,NA,2296
G,32,NA,2297
F,32,NA,2298
K,32,NA,2299
H,32,NA,2300
I,32,NA,2301
L,32,NA,2302
J,32,NA,2303
B,32,NA,2304
B,33,NA,2305
C,33,NA,2306
J,33,NA,2307
H,33,NA,2308
A,33,NA,2309
E,33,NA,2310
K,33,NA,2311
I,33,NA,2312
D,33,NA,2313
G,33,NA,2314
F,33,NA,2315
L,33,NA,2316
A,33,NA,2317
G,33,NA,2318
C,33,NA,2319
J,33,NA,2320
E,33,NA,2321
D,33,NA,2322
F,33,NA,2323
B,33,NA,2324
K,33,NA,2325
H,33,NA,2326
I,33,NA,2327
L,33,NA,2328
A,33,NA,2329
B,33,NA,2330
C,33,NA,2331
D,33,NA,2332
E,33,NA,2333
F,33,NA,2334
G,33,NA,2335
J,33,NA,2336
I,33,NA,2337
H,33,NA,2338
K,33,NA,2339
L,33,NA,2340
A,33,NA,2341
B,33,NA,2342
C,33,NA,2343
D,33,NA,2344
E,33,NA,2345
F,33,NA,2346
G,33,NA,2347
J,33,NA,2348
I,33,NA,2349
H,33,NA,2350
K,33,NA,2351
L,33,NA,2352
A,33,NA,2353
B,33,NA,2354
C,33,NA,2355
D,33,NA,2356
E,33,NA,2357
F,33,NA,2358
G,33,NA,2359
H,33,NA,2360
I,33,NA,2361
J,33,NA,2362
L,33,NA,2363
K,33,NA,2364
A,33,NA,2365
B,33,NA,2366
C,33,NA,2367
D,33,NA,2368
E,33,NA,2369
F,33,NA,2370
G,33,NA,2371
H,33,NA,2372
I,33,NA,2373
J,33,NA,2374
K,33,NA,2375
L,33,NA,2376
I,34,NA,2377
B,34,NA,2378
C,34,NA,2379
D,34,NA,2380
G,34,NA,2381
F,34,NA,2382
A,34,NA,2383
H,34,NA,2384
E,34,NA,2385
J,34,NA,2386
K,34,NA,2387
L,34,NA,2388
I,34,NA,2389
B,34,NA,2390
C,34,NA,2391
D,34,NA,2392
G,34,NA,2393
F,34,NA,2394
A,34,NA,2395
H,34,NA,2396
E,34,NA,2397
J,34,NA,2398
K,34,NA,2399
L,34,NA,2400
I,34,NA,2401
B,34,NA,2402
C,34,NA,2403
D,34,NA,2404
K,34,NA,2405
F,34,NA,2406
A,34,NA,2407
H,34,NA,2408
E,34,NA,2409
J,34,NA,2410
G,34,NA,2411
L,34,NA,2412
I,34,NA,2413
H,34,NA,2414
C,34,NA,2415
D,34,NA,2416
B,34,NA,2417
F,34,NA,2418
A,34,NA,2419
G,34,NA,2420
E,34,NA,2421
J,34,NA,2422
K,34,NA,2423
L,34,NA,2424
I,34,NA,2425
F,34,NA,2426
E,34,NA,2427
K,34,NA,2428
C,34,NA,2429
H,34,NA,2430
A,34,NA,2431
L,34,NA,2432
B,34,NA,2433
J,34,NA,2434
D,34,NA,2435
G,34,NA,2436
I,34,NA,2437
K,34,NA,2438
C,34,NA,2439
H,34,NA,2440
D,34,NA,2441
F,34,NA,2442
A,34,NA,2443
G,34,NA,2444
E,34,NA,2445
J,34,NA,2446
B,34,NA,2447
L,34,NA,2448
D,35,NA,2449
B,35,NA,2450
C,35,NA,2451
L,35,NA,2452
E,35,NA,2453
F,35,NA,2454
A,35,NA,2455
G,35,NA,2456
I,35,NA,2457
J,35,NA,2458
H,35,NA,2459
K,35,NA,2460
A,35,NA,2461
G,35,NA,2462
C,35,NA,2463
B,35,NA,2464
E,35,NA,2465
H,35,NA,2466
F,35,NA,2467
J,35,NA,2468
I,35,NA,2469
D,35,NA,2470
K,35,NA,2471
L,35,NA,2472
A,35,NA,2473
G,35,NA,2474
C,35,NA,2475
H,35,NA,2476
E,35,NA,2477
F,35,NA,2478
B,35,NA,2479
J,35,NA,2480
I,35,NA,2481
D,35,NA,2482
L,35,NA,2483
K,35,NA,2484
A,35,NA,2485
H,35,NA,2486
C,35,NA,2487
D,35,NA,2488
E,35,NA,2489
F,35,NA,2490
G,35,NA,2491
J,35,NA,2492
I,35,NA,2493
L,35,NA,2494
B,35,NA,2495
K,35,NA,2496
A,35,NA,2497
L,35,NA,2498
C,35,NA,2499
D,35,NA,2500
E,35,NA,2501
F,35,NA,2502
G,35,NA,2503
J,35,NA,2504
I,35,NA,2505
H,35,NA,2506
B,35,NA,2507
K,35,NA,2508
A,35,NA,2509
B,35,NA,2510
C,35,NA,2511
D,35,NA,2512
E,35,NA,2513
F,35,NA,2514
G,35,NA,2515
J,35,NA,2516
I,35,NA,2517
H,35,NA,2518
K,35,NA,2519
L,35,NA,2520
A,36,NA,2521
E,36,NA,2522
C,36,NA,2523
D,36,NA,2524
L,36,NA,2525
F,36,NA,2526
B,36,NA,2527
H,36,NA,2528
I,36,NA,2529
J,36,NA,2530
G,36,NA,2531
K,36,NA,2532
A,36,NA,2533
B,36,NA,2534
C,36,NA,2535
D,36,NA,2536
E,36,NA,2537
F,36,NA,2538
G,36,NA,2539
H,36,NA,2540
I,36,NA,2541
J,36,NA,2542
K,36,NA,2543
L,36,NA,2544
A,36,NA,2545
B,36,NA,2546
C,36,NA,2547
D,36,NA,2548
E,36,NA,2549
F,36,NA,2550
G,36,NA,2551
H,36,NA,2552
I,36,NA,2553
J,36,NA,2554
K,36,NA,2555
L,36,NA,2556
A,36,NA,2557
B,36,NA,2558
C,36,NA,2559
D,36,NA,2560
E,36,NA,2561
F,36,NA,2562
G,36,NA,2563
H,36,NA,2564
I,36,NA,2565
J,36,NA,2566
K,36,NA,2567
L,36,NA,2568
A,36,NA,2569
B,36,NA,2570
C,36,NA,2571
D,36,NA,2572
E,36,NA,2573
F,36,NA,2574
G,36,NA,2575
H,36,NA,2576
I,36,NA,2577
J,36,NA,2578
K,36,NA,2579
L,36,NA,2580
A,36,NA,2581
B,36,NA,2582
C,36,NA,2583
D,36,NA,2584
E,36,NA,2585
F,36,NA,2586
G,36,NA,2587
H,36,NA,2588
I,36,NA,2589
J,36,NA,2590
K,36,NA,2591
L,36,NA,2592
A,37,NA,2593
L,37,NA,2594
C,37,NA,2595
D,37,NA,2596
J,37,NA,2597
F,37,NA,2598
G,37,NA,2599
H,37,NA,2600
E,37,NA,2601
K,37,NA,2602
B,37,NA,2603
I,37,NA,2604
A,37,NA,2605
B,37,NA,2606
C,37,NA,2607
D,37,NA,2608
E,37,NA,2609
F,37,NA,2610
G,37,NA,2611
H,37,NA,2612
L,37,NA,2613
J,37,NA,2614
K,37,NA,2615
I,37,NA,2616
A,37,NA,2617
B,37,NA,2618
C,37,NA,2619
D,37,NA,2620
I,37,NA,2621
F,37,NA,2622
G,37,NA,2623
H,37,NA,2624
E,37,NA,2625
J,37,NA,2626
K,37,NA,2627
L,37,NA,2628
G,37,NA,2629
B,37,NA,2630
C,37,NA,2631
D,37,NA,2632
I,37,NA,2633
F,37,NA,2634
A,37,NA,2635
H,37,NA,2636
E,37,NA,2637
J,37,NA,2638
K,37,NA,2639
L,37,NA,2640
A,37,NA,2641
B,37,NA,2642
C,37,NA,2643
D,37,NA,2644
I,37,NA,2645
F,37,NA,2646
G,37,NA,2647
H,37,NA,2648
E,37,NA,2649
J,37,NA,2650
K,37,NA,2651
L,37,NA,2652
A,37,NA,2653
B,37,NA,2654
C,37,NA,2655
D,37,NA,2656
I,37,NA,2657
F,37,NA,2658
G,37,NA,2659
H,37,NA,2660
E,37,NA,2661
J,37,NA,2662
K,37,NA,2663
L,37,NA,2664
A,38,NA,2665
B,38,NA,2666
C,38,NA,2667
D,38,NA,2668
E,38,NA,2669
F,38,NA,2670
G,38,NA,2671
H,38,NA,2672
I,38,NA,2673
J,38,NA,2674
K,38,NA,2675
L,38,NA,2676
A,38,NA,2677
B,38,NA,2678
C,38,NA,2679
D,38,NA,2680
E,38,NA,2681
F,38,NA,2682
G,38,NA,2683
H,38,NA,2684
I,38,NA,2685
J,38,NA,2686
K,38,NA,2687
L,38,NA,2688
A,38,NA,2689
B,38,NA,2690
C,38,NA,2691
D,38,NA,2692
E,38,NA,2693
F,38,NA,2694
G,38,NA,2695
H,38,NA,2696
I,38,NA,2697
J,38,NA,2698
K,38,NA,2699
L,38,NA,2700
A,38,NA,2701
B,38,NA,2702
C,38,NA,2703
D,38,NA,2704
E,38,NA,2705
F,38,NA,2706
G,38,NA,2707
H,38,NA,2708
I,38,NA,2709
J,38,NA,2710
K,38,NA,2711
L,38,NA,2712
A,38,NA,2713
B,38,NA,2714
C,38,NA,2715
D,38,NA,2716
E,38,NA,2717
F,38,NA,2718
G,38,NA,2719
H,38,NA,2720
I,38,NA,2721
J,38,NA,2722
K,38,NA,2723
L,38,NA,2724
A,38,NA,2725
B,38,NA,2726
C,38,NA,2727
D,38,NA,2728
E,38,NA,2729
F,38,NA,2730
G,38,NA,2731
H,38,NA,2732
I,38,NA,2733
J,38,NA,2734
K,38,NA,2735
L,38,NA,2736
A,39,NA,2737
B,39,NA,2738
C,39,NA,2739
D,39,NA,2740
E,39,NA,2741
F,39,NA,2742
G,39,NA,2743
K,39,NA,2744
I,39,NA,2745
J,39,NA,2746
H,39,NA,2747
L,39,NA,2748
A,39,NA,2749
B,39,NA,2750
C,39,NA,2751
D,39,NA,2752
E,39,NA,2753
F,39,NA,2754
G,39,NA,2755
H,39,NA,2756
I,39,NA,2757
J,39,NA,2758
K,39,NA,2759
L,39,NA,2760
A,39,NA,2761
B,39,NA,2762
C,39,NA,2763
D,39,NA,2764
E,39,NA,2765
F,39,NA,2766
G,39,NA,2767
H,39,NA,2768
I,39,NA,2769
J,39,NA,2770
K,39,NA,2771
L,39,NA,2772
A,39,NA,2773
B,39,NA,2774
C,39,NA,2775
D,39,NA,2776
E,39,NA,2777
F,39,NA,2778
G,39,NA,2779
H,39,NA,2780
I,39,NA,2781
J,39,NA,2782
K,39,NA,2783
L,39,NA,2784
A,39,NA,2785
B,39,NA,2786
C,39,NA,2787
D,39,NA,2788
E,39,NA,2789
F,39,NA,2790
G,39,NA,2791
H,39,NA,2792
I,39,NA,2793
J,39,NA,2794
K,39,NA,2795
L,39,NA,2796
A,39,NA,2797
B,39,NA,2798
C,39,NA,2799
D,39,NA,2800
E,39,NA,2801
F,39,NA,2802
G,39,NA,2803
H,39,NA,2804
I,39,NA,2805
J,39,NA,2806
K,39,NA,2807
L,39,NA,2808
B,40,NA,2809
E,40,NA,2810
C,40,NA,2811
J,40,NA,2812
K,40,NA,2813
F,40,NA,2814
A,40,NA,2815
H,40,NA,2816
I,40,NA,2817
D,40,NA,2818
G,40,NA,2819
L,40,NA,2820
G,40,NA,2821
B,40,NA,2822
C,40,NA,2823
J,40,NA,2824
E,40,NA,2825
F,40,NA,2826
A,40,NA,2827
K,40,NA,2828
I,40,NA,2829
D,40,NA,2830
H,40,NA,2831
L,40,NA,2832
G,40,NA,2833
E,40,NA,2834
C,40,NA,2835
D,40,NA,2836
B,40,NA,2837
F,40,NA,2838
A,40,NA,2839
K,40,NA,2840
I,40,NA,2841
J,40,NA,2842
H,40,NA,2843
L,40,NA,2844
D,40,NA,2845
E,40,NA,2846
G,40,NA,2847
L,40,NA,2848
A,40,NA,2849
C,40,NA,2850
B,40,NA,2851
I,40,NA,2852
J,40,NA,2853
K,40,NA,2854
H,40,NA,2855
F,40,NA,2856
G,40,NA,2857
E,40,NA,2858
I,40,NA,2859
D,40,NA,2860
B,40,NA,2861
F,40,NA,2862
C,40,NA,2863
K,40,NA,2864
L,40,NA,2865
A,40,NA,2866
H,40,NA,2867
J,40,NA,2868
G,40,NA,2869
E,40,NA,2870
C,40,NA,2871
J,40,NA,2872
B,40,NA,2873
H,40,NA,2874
A,40,NA,2875
K,40,NA,2876
I,40,NA,2877
D,40,NA,2878
F,40,NA,2879
L,40,NA,2880
A,41,NA,2881
E,41,NA,2882
H,41,NA,2883
D,41,NA,2884
C,41,NA,2885
F,41,NA,2886
G,41,NA,2887
B,41,NA,2888
I,41,NA,2889
J,41,NA,2890
K,41,NA,2891
L,41,NA,2892
A,41,NA,2893
E,41,NA,2894
C,41,NA,2895
D,41,NA,2896
G,41,NA,2897
F,41,NA,2898
I,41,NA,2899
J,41,NA,2900
B,41,NA,2901
K,41,NA,2902
H,41,NA,2903
L,41,NA,2904
I,41,NA,2905
C,41,NA,2906
H,41,NA,2907
D,41,NA,2908
E,41,NA,2909
F,41,NA,2910
A,41,NA,2911
B,41,NA,2912
G,41,NA,2913
J,41,NA,2914
K,41,NA,2915
L,41,NA,2916
A,41,NA,2917
B,41,NA,2918
C,41,NA,2919
D,41,NA,2920
G,41,NA,2921
F,41,NA,2922
I,41,NA,2923
E,41,NA,2924
H,41,NA,2925
J,41,NA,2926
K,41,NA,2927
L,41,NA,2928
I,41,NA,2929
A,41,NA,2930
C,41,NA,2931
D,41,NA,2932
E,41,NA,2933
F,41,NA,2934
L,41,NA,2935
H,41,NA,2936
G,41,NA,2937
J,41,NA,2938
B,41,NA,2939
K,41,NA,2940
A,41,NA,2941
G,41,NA,2942
C,41,NA,2943
D,41,NA,2944
E,41,NA,2945
F,41,NA,2946
B,41,NA,2947
H,41,NA,2948
I,41,NA,2949
J,41,NA,2950
K,41,NA,2951
L,41,NA,2952
A,42,NA,2953
H,42,NA,2954
C,42,NA,2955
D,42,NA,2956
E,42,NA,2957
B,42,NA,2958
G,42,NA,2959
F,42,NA,2960
I,42,NA,2961
J,42,NA,2962
K,42,NA,2963
L,42,NA,2964
A,42,NA,2965
G,42,NA,2966
C,42,NA,2967
D,42,NA,2968
E,42,NA,2969
B,42,NA,2970
H,42,NA,2971
F,42,NA,2972
I,42,NA,2973
J,42,NA,2974
K,42,NA,2975
L,42,NA,2976
A,42,NA,2977
G,42,NA,2978
C,42,NA,2979
D,42,NA,2980
E,42,NA,2981
B,42,NA,2982
H,42,NA,2983
F,42,NA,2984
I,42,NA,2985
J,42,NA,2986
K,42,NA,2987
L,42,NA,2988
A,42,NA,2989
G,42,NA,2990
C,42,NA,2991
D,42,NA,2992
E,42,NA,2993
B,42,NA,2994
H,42,NA,2995
F,42,NA,2996
I,42,NA,2997
J,42,NA,2998
K,42,NA,2999
L,42,NA,3000
A,42,NA,3001
G,42,NA,3002
C,42,NA,3003
D,42,NA,3004
E,42,NA,3005
L,42,NA,3006
H,42,NA,3007
F,42,NA,3008
I,42,NA,3009
J,42,NA,3010
K,42,NA,3011
B,42,NA,3012
I,42,NA,3013
G,42,NA,3014
C,42,NA,3015
D,42,NA,3016
E,42,NA,3017
L,42,NA,3018
H,42,NA,3019
F,42,NA,3020
A,42,NA,3021
J,42,NA,3022
K,42,NA,3023
B,42,NA,3024
A,43,NA,3025
B,43,NA,3026
C,43,NA,3027
D,43,NA,3028
E,43,NA,3029
F,43,NA,3030
G,43,NA,3031
H,43,NA,3032
I,43,NA,3033
J,43,NA,3034
K,43,NA,3035
L,43,NA,3036
A,43,NA,3037
B,43,NA,3038
C,43,NA,3039
D,43,NA,3040
E,43,NA,3041
F,43,NA,3042
G,43,NA,3043
H,43,NA,3044
I,43,NA,3045
J,43,NA,3046
K,43,NA,3047
L,43,NA,3048
L,43,NA,3049
E,43,NA,3050
B,43,NA,3051
D,43,NA,3052
H,43,NA,3053
A,43,NA,3054
I,43,NA,3055
F,43,NA,3056
K,43,NA,3057
J,43,NA,3058
C,43,NA,3059
G,43,NA,3060
A,43,NA,3061
B,43,NA,3062
C,43,NA,3063
D,43,NA,3064
E,43,NA,3065
F,43,NA,3066
G,43,NA,3067
H,43,NA,3068
I,43,NA,3069
J,43,NA,3070
K,43,NA,3071
L,43,NA,3072
A,43,NA,3073
B,43,NA,3074
C,43,NA,3075
D,43,NA,3076
E,43,NA,3077
F,43,NA,3078
G,43,NA,3079
H,43,NA,3080
I,43,NA,3081
J,43,NA,3082
K,43,NA,3083
L,43,NA,3084
A,43,NA,3085
B,43,NA,3086
C,43,NA,3087
D,43,NA,3088
E,43,NA,3089
F,43,NA,3090
G,43,NA,3091
H,43,NA,3092
I,43,NA,3093
J,43,NA,3094
K,43,NA,3095
L,43,NA,3096
A,44,NA,3097
L,44,NA,3098
C,44,NA,3099
D,44,NA,3100
K,44,NA,3101
E,44,NA,3102
G,44,NA,3103
H,44,NA,3104
I,44,NA,3105
J,44,NA,3106
B,44,NA,3107
F,44,NA,3108
A,44,NA,3109
K,44,NA,3110
C,44,NA,3111
H,44,NA,3112
E,44,NA,3113
F,44,NA,3114
G,44,NA,3115
B,44,NA,3116
I,44,NA,3117
J,44,NA,3118
D,44,NA,3119
L,44,NA,3120
A,44,NA,3121
B,44,NA,3122
C,44,NA,3123
D,44,NA,3124
E,44,NA,3125
F,44,NA,3126
G,44,NA,3127
H,44,NA,3128
I,44,NA,3129
J,44,NA,3130
K,44,NA,3131
L,44,NA,3132
A,44,NA,3133
B,44,NA,3134
C,44,NA,3135
D,44,NA,3136
E,44,NA,3137
F,44,NA,3138
G,44,NA,3139
H,44,NA,3140
I,44,NA,3141
J,44,NA,3142
K,44,NA,3143
L,44,NA,3144
A,44,NA,3145
B,44,NA,3146
C,44,NA,3147
D,44,NA,3148
E,44,NA,3149
F,44,NA,3150
G,44,NA,3151
H,44,NA,3152
I,44,NA,3153
J,44,NA,3154
K,44,NA,3155
L,44,NA,3156
A,44,NA,3157
B,44,NA,3158
C,44,NA,3159
D,44,NA,3160
E,44,NA,3161
F,44,NA,3162
G,44,NA,3163
H,44,NA,3164
I,44,NA,3165
J,44,NA,3166
K,44,NA,3167
L,44,NA,3168
A,45,NA,3169
B,45,NA,3170
C,45,NA,3171
D,45,NA,3172
E,45,NA,3173
K,45,NA,3174
H,45,NA,3175
F,45,NA,3176
I,45,NA,3177
J,45,NA,3178
G,45,NA,3179
L,45,NA,3180
A,45,NA,3181
B,45,NA,3182
C,45,NA,3183
D,45,NA,3184
E,45,NA,3185
F,45,NA,3186
G,45,NA,3187
H,45,NA,3188
I,45,NA,3189
J,45,NA,3190
K,45,NA,3191
L,45,NA,3192
A,45,NA,3193
B,45,NA,3194
C,45,NA,3195
D,45,NA,3196
E,45,NA,3197
F,45,NA,3198
G,45,NA,3199
H,45,NA,3200
I,45,NA,3201
J,45,NA,3202
K,45,NA,3203
L,45,NA,3204
A,45,NA,3205
B,45,NA,3206
C,45,NA,3207
D,45,NA,3208
E,45,NA,3209
F,45,NA,3210
G,45,NA,3211
H,45,NA,3212
I,45,NA,3213
J,45,NA,3214
K,45,NA,3215
L,45,NA,3216
A,45,NA,3217
B,45,NA,3218
C,45,NA,3219
D,45,NA,3220
E,45,NA,3221
F,45,NA,3222
G,45,NA,3223
H,45,NA,3224
I,45,NA,3225
J,45,NA,3226
K,45,NA,3227
L,45,NA,3228
A,45,NA,3229
K,45,NA,3230
C,45,NA,3231
D,45,NA,3232
E,45,NA,3233
F,45,NA,3234
G,45,NA,3235
H,45,NA,3236
I,45,NA,3237
J,45,NA,3238
B,45,NA,3239
L,45,NA,3240
L,46,NA,3241
B,46,NA,3242
C,46,NA,3243
D,46,NA,3244
E,46,NA,3245
F,46,NA,3246
A,46,NA,3247
H,46,NA,3248
I,46,NA,3249
G,46,NA,3250
J,46,NA,3251
K,46,NA,3252
L,46,NA,3253
G,46,NA,3254
C,46,NA,3255
D,46,NA,3256
E,46,NA,3257
A,46,NA,3258
F,46,NA,3259
B,46,NA,3260
I,46,NA,3261
J,46,NA,3262
H,46,NA,3263
K,46,NA,3264
L,46,NA,3265
B,46,NA,3266
C,46,NA,3267
D,46,NA,3268
E,46,NA,3269
G,46,NA,3270
K,46,NA,3271
F,46,NA,3272
I,46,NA,3273
J,46,NA,3274
A,46,NA,3275
H,46,NA,3276
I,46,NA,3277
B,46,NA,3278
C,46,NA,3279
D,46,NA,3280
G,46,NA,3281
F,46,NA,3282
A,46,NA,3283
E,46,NA,3284
L,46,NA,3285
J,46,NA,3286
H,46,NA,3287
K,46,NA,3288
A,46,NA,3289
G,46,NA,3290
C,46,NA,3291
D,46,NA,3292
E,46,NA,3293
F,46,NA,3294
B,46,NA,3295
K,46,NA,3296
I,46,NA,3297
J,46,NA,3298
H,46,NA,3299
L,46,NA,3300
A,46,NA,3301
G,46,NA,3302
C,46,NA,3303
D,46,NA,3304
B,46,NA,3305
F,46,NA,3306
E,46,NA,3307
L,46,NA,3308
I,46,NA,3309
J,46,NA,3310
H,46,NA,3311
K,46,NA,3312
A,47,NA,3313
B,47,NA,3314
C,47,NA,3315
D,47,NA,3316
E,47,NA,3317
F,47,NA,3318
G,47,NA,3319
H,47,NA,3320
I,47,NA,3321
J,47,NA,3322
K,47,NA,3323
L,47,NA,3324
A,47,NA,3325
B,47,NA,3326
C,47,NA,3327
D,47,NA,3328
E,47,NA,3329
F,47,NA,3330
G,47,NA,3331
H,47,NA,3332
I,47,NA,3333
J,47,NA,3334
K,47,NA,3335
L,47,NA,3336
A,47,NA,3337
B,47,NA,3338
C,47,NA,3339
D,47,NA,3340
E,47,NA,3341
F,47,NA,3342
G,47,NA,3343
H,47,NA,3344
I,47,NA,3345
J,47,NA,3346
K,47,NA,3347
L,47,NA,3348
A,47,NA,3349
B,47,NA,3350
C,47,NA,3351
D,47,NA,3352
E,47,NA,3353
F,47,NA,3354
G,47,NA,3355
H,47,NA,3356
I,47,NA,3357
J,47,NA,3358
K,47,NA,3359
L,47,NA,3360
A,47,NA,3361
B,47,NA,3362
C,47,NA,3363
D,47,NA,3364
E,47,NA,3365
F,47,NA,3366
G,47,NA,3367
H,47,NA,3368
I,47,NA,3369
J,47,NA,3370
K,47,NA,3371
L,47,NA,3372
A,47,NA,3373
B,47,NA,3374
C,47,NA,3375
D,47,NA,3376
E,47,NA,3377
F,47,NA,3378
G,47,NA,3379
H,47,NA,3380
I,47,NA,3381
J,47,NA,3382
K,47,NA,3383
L,47,NA,3384
A,48,NA,3385
B,48,NA,3386
C,48,NA,3387
D,48,NA,3388
E,48,NA,3389
F,48,NA,3390
G,48,NA,3391
H,48,NA,3392
I,48,NA,3393
J,48,NA,3394
L,48,NA,3395
K,48,NA,3396
A,48,NA,3397
L,48,NA,3398
C,48,NA,3399
D,48,NA,3400
E,48,NA,3401
F,48,NA,3402
G,48,NA,3403
H,48,NA,3404
I,48,NA,3405
J,48,NA,3406
B,48,NA,3407
K,48,NA,3408
A,48,NA,3409
B,48,NA,3410
C,48,NA,3411
D,48,NA,3412
E,48,NA,3413
F,48,NA,3414
K,48,NA,3415
H,48,NA,3416
I,48,NA,3417
J,48,NA,3418
L,48,NA,3419
G,48,NA,3420
A,48,NA,3421
B,48,NA,3422
C,48,NA,3423
D,48,NA,3424
E,48,NA,3425
F,48,NA,3426
G,48,NA,3427
H,48,NA,3428
I,48,NA,3429
J,48,NA,3430
K,48,NA,3431
L,48,NA,3432
A,48,NA,3433
K,48,NA,3434
C,48,NA,3435
D,48,NA,3436
E,48,NA,3437
F,48,NA,3438
G,48,NA,3439
H,48,NA,3440
I,48,NA,3441
J,48,NA,3442
B,48,NA,3443
L,48,NA,3444
A,48,NA,3445
K,48,NA,3446
C,48,NA,3447
D,48,NA,3448
E,48,NA,3449
F,48,NA,3450
G,48,NA,3451
H,48,NA,3452
I,48,NA,3453
J,48,NA,3454
B,48,NA,3455
L,48,NA,3456
A,49,NA,3457
B,49,NA,3458
C,49,NA,3459
D,49,NA,3460
E,49,NA,3461
F,49,NA,3462
G,49,NA,3463
H,49,NA,3464
I,49,NA,3465
J,49,NA,3466
K,49,NA,3467
L,49,NA,3468
A,49,NA,3469
B,49,NA,3470
C,49,NA,3471
D,49,NA,3472
E,49,NA,3473
F,49,NA,3474
G,49,NA,3475
H,49,NA,3476
I,49,NA,3477
J,49,NA,3478
K,49,NA,3479
L,49,NA,3480
A,49,NA,3481
B,49,NA,3482
C,49,NA,3483
D,49,NA,3484
E,49,NA,3485
F,49,NA,3486
G,49,NA,3487
H,49,NA,3488
I,49,NA,3489
J,49,NA,3490
K,49,NA,3491
L,49,NA,3492
A,49,NA,3493
B,49,NA,3494
C,49,NA,3495
D,49,NA,3496
E,49,NA,3497
F,49,NA,3498
G,49,NA,3499
H,49,NA,3500
I,49,NA,3501
J,49,NA,3502
K,49,NA,3503
L,49,NA,3504
A,49,NA,3505
B,49,NA,3506
C,49,NA,3507
D,49,NA,3508
E,49,NA,3509
F,49,NA,3510
G,49,NA,3511
H,49,NA,3512
I,49,NA,3513
J,49,NA,3514
K,49,NA,3515
L,49,NA,3516
A,49,NA,3517
B,49,NA,3518
C,49,NA,3519
D,49,NA,3520
E,49,NA,3521
F,49,NA,3522
G,49,NA,3523
H,49,NA,3524
I,49,NA,3525
J,49,NA,3526
K,49,NA,3527
L,49,NA,3528
A,50,NA,3529
B,50,NA,3530
C,50,NA,3531
D,50,NA,3532
E,50,NA,3533
H,50,NA,3534
G,50,NA,3535
F,50,NA,3536
I,50,NA,3537
J,50,NA,3538
K,50,NA,3539
L,50,NA,3540
A,50,NA,3541
B,50,NA,3542
C,50,NA,3543
D,50,NA,3544
E,50,NA,3545
F,50,NA,3546
G,50,NA,3547
H,50,NA,3548
I,50,NA,3549
J,50,NA,3550
K,50,NA,3551
L,50,NA,3552
A,50,NA,3553
B,50,NA,3554
C,50,NA,3555
D,50,NA,3556
E,50,NA,3557
F,50,NA,3558
G,50,NA,3559
H,50,NA,3560
I,50,NA,3561
J,50,NA,3562
K,50,NA,3563
L,50,NA,3564
A,50,NA,3565
B,50,NA,3566
C,50,NA,3567
D,50,NA,3568
E,50,NA,3569
F,50,NA,3570
G,50,NA,3571
H,50,NA,3572
I,50,NA,3573
J,50,NA,3574
K,50,NA,3575
L,50,NA,3576
A,50,NA,3577
B,50,NA,3578
C,50,NA,3579
D,50,NA,3580
E,50,NA,3581
F,50,NA,3582
G,50,NA,3583
H,50,NA,3584
I,50,NA,3585
J,50,NA,3586
K,50,NA,3587
L,50,NA,3588
A,50,NA,3589
B,50,NA,3590
C,50,NA,3591
D,50,NA,3592
E,50,NA,3593
F,50,NA,3594
G,50,NA,3595
H,50,NA,3596
I,50,NA,3597
J,50,NA,3598
K,50,NA,3599
L,50,NA,3600
A,51,NA,3601
B,51,NA,3602
C,51,NA,3603
D,51,NA,3604
E,51,NA,3605
F,51,NA,3606
G,51,NA,3607
H,51,NA,3608
I,51,NA,3609
J,51,NA,3610
K,51,NA,3611
L,51,NA,3612
A,51,NA,3613
B,51,NA,3614
C,51,NA,3615
J,51,NA,3616
E,51,NA,3617
F,51,NA,3618
G,51,NA,3619
H,51,NA,3620
I,51,NA,3621
D,51,NA,3622
K,51,NA,3623
L,51,NA,3624
A,51,NA,3625
B,51,NA,3626
C,51,NA,3627
D,51,NA,3628
E,51,NA,3629
F,51,NA,3630
G,51,NA,3631
H,51,NA,3632
I,51,NA,3633
J,51,NA,3634
K,51,NA,3635
L,51,NA,3636
A,51,NA,3637
B,51,NA,3638
C,51,NA,3639
D,51,NA,3640
E,51,NA,3641
F,51,NA,3642
G,51,NA,3643
H,51,NA,3644
I,51,NA,3645
J,51,NA,3646
K,51,NA,3647
L,51,NA,3648
A,51,NA,3649
B,51,NA,3650
C,51,NA,3651
D,51,NA,3652
E,51,NA,3653
F,51,NA,3654
G,51,NA,3655
H,51,NA,3656
I,51,NA,3657
J,51,NA,3658
K,51,NA,3659
L,51,NA,3660
A,51,NA,3661
B,51,NA,3662
C,51,NA,3663
D,51,NA,3664
E,51,NA,3665
F,51,NA,3666
G,51,NA,3667
H,51,NA,3668
I,51,NA,3669
J,51,NA,3670
K,51,NA,3671
L,51,NA,3672
A,52,NA,3673
B,52,NA,3674
C,52,NA,3675
D,52,NA,3676
E,52,NA,3677
F,52,NA,3678
G,52,NA,3679
H,52,NA,3680
I,52,NA,3681
J,52,NA,3682
K,52,NA,3683
L,52,NA,3684
A,52,NA,3685
B,52,NA,3686
C,52,NA,3687
D,52,NA,3688
E,52,NA,3689
F,52,NA,3690
G,52,NA,3691
H,52,NA,3692
I,52,NA,3693
J,52,NA,3694
K,52,NA,3695
L,52,NA,3696
A,52,NA,3697
B,52,NA,3698
C,52,NA,3699
D,52,NA,3700
E,52,NA,3701
F,52,NA,3702
G,52,NA,3703
H,52,NA,3704
I,52,NA,3705
J,52,NA,3706
K,52,NA,3707
L,52,NA,3708
A,52,NA,3709
B,52,NA,3710
C,52,NA,3711
D,52,NA,3712
E,52,NA,3713
F,52,NA,3714
G,52,NA,3715
H,52,NA,3716
I,52,NA,3717
J,52,NA,3718
K,52,NA,3719
L,52,NA,3720
A,52,NA,3721
B,52,NA,3722
C,52,NA,3723
D,52,NA,3724
E,52,NA,3725
F,52,NA,3726
G,52,NA,3727
H,52,NA,3728
I,52,NA,3729
J,52,NA,3730
K,52,NA,3731
L,52,NA,3732
A,52,NA,3733
B,52,NA,3734
C,52,NA,3735
D,52,NA,3736
E,52,NA,3737
F,52,NA,3738
G,52,NA,3739
H,52,NA,3740
I,52,NA,3741
J,52,NA,3742
K,52,NA,3743
L,52,NA,3744
A,53,NA,3745
B,53,NA,3746
C,53,NA,3747
D,53,NA,3748
E,53,NA,3749
F,53,NA,3750
G,53,NA,3751
H,53,NA,3752
I,53,NA,3753
J,53,NA,3754
K,53,NA,3755
L,53,NA,3756
A,53,NA,3757
B,53,NA,3758
C,53,NA,3759
D,53,NA,3760
E,53,NA,3761
F,53,NA,3762
G,53,NA,3763
H,53,NA,3764
I,53,NA,3765
J,53,NA,3766
K,53,NA,3767
L,53,NA,3768
A,53,NA,3769
B,53,NA,3770
C,53,NA,3771
D,53,NA,3772
E,53,NA,3773
F,53,NA,3774
G,53,NA,3775
H,53,NA,3776
I,53,NA,3777
J,53,NA,3778
K,53,NA,3779
L,53,NA,3780
A,53,NA,3781
B,53,NA,3782
C,53,NA,3783
D,53,NA,3784
E,53,NA,3785
F,53,NA,3786
G,53,NA,3787
H,53,NA,3788
I,53,NA,3789
J,53,NA,3790
K,53,NA,3791
L,53,NA,3792
A,53,NA,3793
B,53,NA,3794
C,53,NA,3795
D,53,NA,3796
E,53,NA,3797
F,53,NA,3798
G,53,NA,3799
H,53,NA,3800
I,53,NA,3801
J,53,NA,3802
K,53,NA,3803
L,53,NA,3804
A,53,NA,3805
B,53,NA,3806
C,53,NA,3807
D,53,NA,3808
E,53,NA,3809
F,53,NA,3810
G,53,NA,3811
H,53,NA,3812
I,53,NA,3813
J,53,NA,3814
K,53,NA,3815
L,53,NA,3816
A,54,NA,3817
B,54,NA,3818
C,54,NA,3819
D,54,NA,3820
E,54,NA,3821
F,54,NA,3822
H,54,NA,3823
J,54,NA,3824
I,54,NA,3825
G,54,NA,3826
K,54,NA,3827
L,54,NA,3828
A,54,NA,3829
B,54,NA,3830
C,54,NA,3831
D,54,NA,3832
E,54,NA,3833
F,54,NA,3834
G,54,NA,3835
H,54,NA,3836
I,54,NA,3837
J,54,NA,3838
K,54,NA,3839
L,54,NA,3840
A,54,NA,3841
B,54,NA,3842
C,54,NA,3843
D,54,NA,3844
E,54,NA,3845
F,54,NA,3846
G,54,NA,3847
H,54,NA,3848
I,54,NA,3849
J,54,NA,3850
K,54,NA,3851
L,54,NA,3852
A,54,NA,3853
B,54,NA,3854
C,54,NA,3855
D,54,NA,3856
E,54,NA,3857
F,54,NA,3858
G,54,NA,3859
H,54,NA,3860
I,54,NA,3861
J,54,NA,3862
K,54,NA,3863
L,54,NA,3864
A,54,NA,3865
B,54,NA,3866
C,54,NA,3867
D,54,NA,3868
E,54,NA,3869
F,54,NA,3870
G,54,NA,3871
H,54,NA,3872
I,54,NA,3873
J,54,NA,3874
K,54,NA,3875
L,54,NA,3876
A,54,NA,3877
B,54,NA,3878
C,54,NA,3879
D,54,NA,3880
E,54,NA,3881
F,54,NA,3882
G,54,NA,3883
H,54,NA,3884
I,54,NA,3885
J,54,NA,3886
K,54,NA,3887
L,54,NA,3888
A,55,NA,3889
G,55,NA,3890
C,55,NA,3891
D,55,NA,3892
E,55,NA,3893
F,55,NA,3894
B,55,NA,3895
H,55,NA,3896
I,55,NA,3897
J,55,NA,3898
K,55,NA,3899
L,55,NA,3900
A,55,NA,3901
G,55,NA,3902
C,55,NA,3903
D,55,NA,3904
E,55,NA,3905
F,55,NA,3906
B,55,NA,3907
H,55,NA,3908
I,55,NA,3909
J,55,NA,3910
K,55,NA,3911
L,55,NA,3912
A,55,NA,3913
G,55,NA,3914
C,55,NA,3915
D,55,NA,3916
E,55,NA,3917
F,55,NA,3918
J,55,NA,3919
H,55,NA,3920
I,55,NA,3921
B,55,NA,3922
K,55,NA,3923
L,55,NA,3924
A,55,NA,3925
B,55,NA,3926
C,55,NA,3927
D,55,NA,3928
E,55,NA,3929
F,55,NA,3930
G,55,NA,3931
H,55,NA,3932
I,55,NA,3933
J,55,NA,3934
K,55,NA,3935
L,55,NA,3936
A,55,NA,3937
B,55,NA,3938
C,55,NA,3939
D,55,NA,3940
E,55,NA,3941
F,55,NA,3942
G,55,NA,3943
H,55,NA,3944
I,55,NA,3945
J,55,NA,3946
K,55,NA,3947
L,55,NA,3948
A,55,NA,3949
B,55,NA,3950
C,55,NA,3951
D,55,NA,3952
E,55,NA,3953
F,55,NA,3954
G,55,NA,3955
H,55,NA,3956
I,55,NA,3957
J,55,NA,3958
K,55,NA,3959
L,55,NA,3960
A,56,NA,3961
B,56,NA,3962
C,56,NA,3963
D,56,NA,3964
E,56,NA,3965
F,56,NA,3966
J,56,NA,3967
H,56,NA,3968
I,56,NA,3969
G,56,NA,3970
K,56,NA,3971
L,56,NA,3972
A,56,NA,3973
B,56,NA,3974
C,56,NA,3975
D,56,NA,3976
E,56,NA,3977
F,56,NA,3978
G,56,NA,3979
H,56,NA,3980
I,56,NA,3981
J,56,NA,3982
K,56,NA,3983
L,56,NA,3984
A,56,NA,3985
B,56,NA,3986
C,56,NA,3987
D,56,NA,3988
E,56,NA,3989
F,56,NA,3990
G,56,NA,3991
H,56,NA,3992
I,56,NA,3993
J,56,NA,3994
K,56,NA,3995
L,56,NA,3996
A,56,NA,3997
B,56,NA,3998
C,56,NA,3999
D,56,NA,4000
E,56,NA,4001
F,56,NA,4002
G,56,NA,4003
H,56,NA,4004
I,56,NA,4005
J,56,NA,4006
K,56,NA,4007
L,56,NA,4008
A,56,NA,4009
B,56,NA,4010
C,56,NA,4011
D,56,NA,4012
E,56,NA,4013
F,56,NA,4014
G,56,NA,4015
H,56,NA,4016
I,56,NA,4017
J,56,NA,4018
K,56,NA,4019
L,56,NA,4020
A,56,NA,4021
B,56,NA,4022
C,56,NA,4023
D,56,NA,4024
E,56,NA,4025
F,56,NA,4026
G,56,NA,4027
H,56,NA,4028
I,56,NA,4029
J,56,NA,4030
K,56,NA,4031
L,56,NA,4032
A,57,NA,4033
B,57,NA,4034
C,57,NA,4035
D,57,NA,4036
E,57,NA,4037
F,57,NA,4038
G,57,NA,4039
H,57,NA,4040
I,57,NA,4041
J,57,NA,4042
K,57,NA,4043
L,57,NA,4044
A,57,NA,4045
B,57,NA,4046
C,57,NA,4047
D,57,NA,4048
E,57,NA,4049
F,57,NA,4050
G,57,NA,4051
H,57,NA,4052
I,57,NA,4053
J,57,NA,4054
K,57,NA,4055
L,57,NA,4056
A,57,NA,4057
B,57,NA,4058
C,57,NA,4059
D,57,NA,4060
E,57,NA,4061
F,57,NA,4062
G,57,NA,4063
H,57,NA,4064
I,57,NA,4065
J,57,NA,4066
K,57,NA,4067
L,57,NA,4068
A,57,NA,4069
B,57,NA,4070
C,57,NA,4071
D,57,NA,4072
E,57,NA,4073
F,57,NA,4074
G,57,NA,4075
H,57,NA,4076
I,57,NA,4077
J,57,NA,4078
K,57,NA,4079
L,57,NA,4080
A,57,NA,4081
B,57,NA,4082
C,57,NA,4083
D,57,NA,4084
E,57,NA,4085
F,57,NA,4086
G,57,NA,4087
H,57,NA,4088
I,57,NA,4089
J,57,NA,4090
L,57,NA,4091
K,57,NA,4092
A,57,NA,4093
B,57,NA,4094
C,57,NA,4095
D,57,NA,4096
E,57,NA,4097
F,57,NA,4098
G,57,NA,4099
H,57,NA,4100
I,57,NA,4101
J,57,NA,4102
K,57,NA,4103
L,57,NA,4104
A,58,NA,4105
C,58,NA,4106
B,58,NA,4107
D,58,NA,4108
E,58,NA,4109
H,58,NA,4110
G,58,NA,4111
F,58,NA,4112
I,58,NA,4113
J,58,NA,4114
K,58,NA,4115
L,58,NA,4116
A,58,NA,4117
B,58,NA,4118
C,58,NA,4119
D,58,NA,4120
E,58,NA,4121
H,58,NA,4122
G,58,NA,4123
F,58,NA,4124
I,58,NA,4125
J,58,NA,4126
K,58,NA,4127
L,58,NA,4128
A,58,NA,4129
B,58,NA,4130
C,58,NA,4131
D,58,NA,4132
E,58,NA,4133
F,58,NA,4134
G,58,NA,4135
H,58,NA,4136
I,58,NA,4137
J,58,NA,4138
K,58,NA,4139
L,58,NA,4140
A,58,NA,4141
B,58,NA,4142
C,58,NA,4143
D,58,NA,4144
E,58,NA,4145
F,58,NA,4146
G,58,NA,4147
H,58,NA,4148
L,58,NA,4149
J,58,NA,4150
K,58,NA,4151
I,58,NA,4152
A,58,NA,4153
B,58,NA,4154
C,58,NA,4155
D,58,NA,4156
E,58,NA,4157
F,58,NA,4158
G,58,NA,4159
H,58,NA,4160
I,58,NA,4161
J,58,NA,4162
K,58,NA,4163
L,58,NA,4164
A,58,NA,4165
B,58,NA,4166
C,58,NA,4167
D,58,NA,4168
E,58,NA,4169
F,58,NA,4170
G,58,NA,4171
H,58,NA,4172
I,58,NA,4173
J,58,NA,4174
K,58,NA,4175
L,58,NA,4176
A,59,NA,4177
B,59,NA,4178
C,59,NA,4179
D,59,NA,4180
E,59,NA,4181
F,59,NA,4182
G,59,NA,4183
H,59,NA,4184
I,59,NA,4185
J,59,NA,4186
K,59,NA,4187
L,59,NA,4188
A,59,NA,4189
B,59,NA,4190
C,59,NA,4191
D,59,NA,4192
E,59,NA,4193
F,59,NA,4194
G,59,NA,4195
H,59,NA,4196
I,59,NA,4197
J,59,NA,4198
K,59,NA,4199
L,59,NA,4200
A,59,NA,4201
B,59,NA,4202
C,59,NA,4203
D,59,NA,4204
E,59,NA,4205
F,59,NA,4206
G,59,NA,4207
H,59,NA,4208
I,59,NA,4209
J,59,NA,4210
K,59,NA,4211
L,59,NA,4212
A,59,NA,4213
B,59,NA,4214
C,59,NA,4215
D,59,NA,4216
E,59,NA,4217
F,59,NA,4218
G,59,NA,4219
H,59,NA,4220
I,59,NA,4221
J,59,NA,4222
K,59,NA,4223
L,59,NA,4224
A,59,NA,4225
B,59,NA,4226
C,59,NA,4227
D,59,NA,4228
E,59,NA,4229
F,59,NA,4230
G,59,NA,4231
H,59,NA,4232
I,59,NA,4233
J,59,NA,4234
K,59,NA,4235
L,59,NA,4236
A,59,NA,4237
B,59,NA,4238
C,59,NA,4239
D,59,NA,4240
E,59,NA,4241
F,59,NA,4242
G,59,NA,4243
H,59,NA,4244
I,59,NA,4245
J,59,NA,4246
K,59,NA,4247
L,59,NA,4248
A,60,NA,4249
B,60,NA,4250
C,60,NA,4251
D,60,NA,4252
E,60,NA,4253
F,60,NA,4254
G,60,NA,4255
H,60,NA,4256
I,60,NA,4257
J,60,NA,4258
K,60,NA,4259
L,60,NA,4260
A,60,NA,4261
B,60,NA,4262
C,60,NA,4263
D,60,NA,4264
E,60,NA,4265
F,60,NA,4266
G,60,NA,4267
H,60,NA,4268
I,60,NA,4269
J,60,NA,4270
K,60,NA,4271
L,60,NA,4272
A,60,NA,4273
B,60,NA,4274
C,60,NA,4275
D,60,NA,4276
E,60,NA,4277
F,60,NA,4278
G,60,NA,4279
H,60,NA,4280
I,60,NA,4281
J,60,NA,4282
K,60,NA,4283
L,60,NA,4284
A,60,NA,4285
B,60,NA,4286
C,60,NA,4287
D,60,NA,4288
E,60,NA,4289
F,60,NA,4290
G,60,NA,4291
H,60,NA,4292
I,60,NA,4293
J,60,NA,4294
K,60,NA,4295
L,60,NA,4296
A,60,NA,4297
B,60,NA,4298
C,60,NA,4299
D,60,NA,4300
E,60,NA,4301
F,60,NA,4302
G,60,NA,4303
H,60,NA,4304
I,60,NA,4305
J,60,NA,4306
K,60,NA,4307
L,60,NA,4308
A,60,NA,4309
B,60,NA,4310
C,60,NA,4311
D,60,NA,4312
E,60,NA,4313
F,60,NA,4314
G,60,NA,4315
H,60,NA,4316
I,60,NA,4317
J,60,NA,4318
K,60,NA,4319
L,60,NA,4320
A,61,NA,4321
B,61,NA,4322
C,61,NA,4323
D,61,NA,4324
E,61,NA,4325
F,61,NA,4326
G,61,NA,4327
H,61,NA,4328
I,61,NA,4329
J,61,NA,4330
K,61,NA,4331
L,61,NA,4332
A,61,NA,4333
B,61,NA,4334
C,61,NA,4335
D,61,NA,4336
E,61,NA,4337
F,61,NA,4338
G,61,NA,4339
H,61,NA,4340
I,61,NA,4341
J,61,NA,4342
K,61,NA,4343
L,61,NA,4344
A,61,NA,4345
B,61,NA,4346
C,61,NA,4347
D,61,NA,4348
E,61,NA,4349
F,61,NA,4350
G,61,NA,4351
H,61,NA,4352
I,61,NA,4353
J,61,NA,4354
K,61,NA,4355
L,61,NA,4356
A,61,NA,4357
B,61,NA,4358
C,61,NA,4359
D,61,NA,4360
E,61,NA,4361
F,61,NA,4362
G,61,NA,4363
H,61,NA,4364
I,61,NA,4365
J,61,NA,4366
K,61,NA,4367
L,61,NA,4368
A,61,NA,4369
B,61,NA,4370
C,61,NA,4371
D,61,NA,4372
E,61,NA,4373
F,61,NA,4374
G,61,NA,4375
H,61,NA,4376
I,61,NA,4377
J,61,NA,4378
K,61,NA,4379
L,61,NA,4380
A,61,NA,4381
B,61,NA,4382
C,61,NA,4383
D,61,NA,4384
E,61,NA,4385
F,61,NA,4386
G,61,NA,4387
H,61,NA,4388
I,61,NA,4389
J,61,NA,4390
K,61,NA,4391
L,61,NA,4392
A,62,NA,4393
B,62,NA,4394
C,62,NA,4395
D,62,NA,4396
E,62,NA,4397
F,62,NA,4398
I,62,NA,4399
H,62,NA,4400
G,62,NA,4401
J,62,NA,4402
K,62,NA,4403
L,62,NA,4404
A,62,NA,4405
B,62,NA,4406
C,62,NA,4407
D,62,NA,4408
E,62,NA,4409
F,62,NA,4410
G,62,NA,4411
H,62,NA,4412
I,62,NA,4413
J,62,NA,4414
K,62,NA,4415
L,62,NA,4416
A,62,NA,4417
B,62,NA,4418
C,62,NA,4419
D,62,NA,4420
E,62,NA,4421
F,62,NA,4422
G,62,NA,4423
H,62,NA,4424
I,62,NA,4425
J,62,NA,4426
K,62,NA,4427
L,62,NA,4428
A,62,NA,4429
B,62,NA,4430
C,62,NA,4431
D,62,NA,4432
E,62,NA,4433
F,62,NA,4434
G,62,NA,4435
H,62,NA,4436
I,62,NA,4437
J,62,NA,4438
K,62,NA,4439
L,62,NA,4440
A,62,NA,4441
B,62,NA,4442
C,62,NA,4443
D,62,NA,4444
E,62,NA,4445
F,62,NA,4446
G,62,NA,4447
H,62,NA,4448
I,62,NA,4449
J,62,NA,4450
K,62,NA,4451
L,62,NA,4452
A,62,NA,4453
B,62,NA,4454
C,62,NA,4455
D,62,NA,4456
E,62,NA,4457
F,62,NA,4458
G,62,NA,4459
H,62,NA,4460
I,62,NA,4461
J,62,NA,4462
K,62,NA,4463
L,62,NA,4464
C,63,NA,4465
B,63,NA,4466
H,63,NA,4467
D,63,NA,4468
E,63,NA,4469
F,63,NA,4470
G,63,NA,4471
I,63,NA,4472
A,63,NA,4473
J,63,NA,4474
K,63,NA,4475
L,63,NA,4476
A,63,NA,4477
B,63,NA,4478
C,63,NA,4479
D,63,NA,4480
G,63,NA,4481
F,63,NA,4482
E,63,NA,4483
H,63,NA,4484
I,63,NA,4485
J,63,NA,4486
K,63,NA,4487
L,63,NA,4488
A,63,NA,4489
B,63,NA,4490
C,63,NA,4491
D,63,NA,4492
G,63,NA,4493
F,63,NA,4494
I,63,NA,4495
H,63,NA,4496
E,63,NA,4497
J,63,NA,4498
K,63,NA,4499
L,63,NA,4500
A,63,NA,4501
B,63,NA,4502
C,63,NA,4503
D,63,NA,4504
G,63,NA,4505
F,63,NA,4506
E,63,NA,4507
H,63,NA,4508
I,63,NA,4509
J,63,NA,4510
K,63,NA,4511
L,63,NA,4512
A,63,NA,4513
B,63,NA,4514
C,63,NA,4515
D,63,NA,4516
G,63,NA,4517
F,63,NA,4518
E,63,NA,4519
H,63,NA,4520
I,63,NA,4521
J,63,NA,4522
K,63,NA,4523
L,63,NA,4524
A,63,NA,4525
B,63,NA,4526
C,63,NA,4527
D,63,NA,4528
G,63,NA,4529
F,63,NA,4530
E,63,NA,4531
H,63,NA,4532
I,63,NA,4533
J,63,NA,4534
K,63,NA,4535
L,63,NA,4536
A,64,NA,4537
B,64,NA,4538
C,64,NA,4539
D,64,NA,4540
E,64,NA,4541
F,64,NA,4542
G,64,NA,4543
H,64,NA,4544
I,64,NA,4545
J,64,NA,4546
K,64,NA,4547
L,64,NA,4548
A,64,NA,4549
B,64,NA,4550
C,64,NA,4551
D,64,NA,4552
E,64,NA,4553
F,64,NA,4554
G,64,NA,4555
H,64,NA,4556
I,64,NA,4557
J,64,NA,4558
K,64,NA,4559
L,64,NA,4560
A,64,NA,4561
B,64,NA,4562
C,64,NA,4563
D,64,NA,4564
E,64,NA,4565
F,64,NA,4566
G,64,NA,4567
H,64,NA,4568
I,64,NA,4569
J,64,NA,4570
K,64,NA,4571
L,64,NA,4572
A,64,NA,4573
B,64,NA,4574
C,64,NA,4575
D,64,NA,4576
E,64,NA,4577
F,64,NA,4578
G,64,NA,4579
H,64,NA,4580
I,64,NA,4581
J,64,NA,4582
K,64,NA,4583
L,64,NA,4584
A,64,NA,4585
B,64,NA,4586
C,64,NA,4587
D,64,NA,4588
E,64,NA,4589
F,64,NA,4590
G,64,NA,4591
H,64,NA,4592
I,64,NA,4593
J,64,NA,4594
K,64,NA,4595
L,64,NA,4596
A,64,NA,4597
B,64,NA,4598
C,64,NA,4599
D,64,NA,4600
E,64,NA,4601
F,64,NA,4602
G,64,NA,4603
H,64,NA,4604
I,64,NA,4605
J,64,NA,4606
K,64,NA,4607
L,64,NA,4608
A,65,NA,4609
B,65,NA,4610
C,65,NA,4611
D,65,NA,4612
E,65,NA,4613
F,65,NA,4614
G,65,NA,4615
H,65,NA,4616
I,65,NA,4617
J,65,NA,4618
L,65,NA,4619
K,65,NA,4620
A,65,NA,4621
B,65,NA,4622
C,65,NA,4623
D,65,NA,4624
E,65,NA,4625
F,65,NA,4626
G,65,NA,4627
H,65,NA,4628
I,65,NA,4629
J,65,NA,4630
L,65,NA,4631
K,65,NA,4632
A,65,NA,4633
B,65,NA,4634
C,65,NA,4635
D,65,NA,4636
E,65,NA,4637
F,65,NA,4638
G,65,NA,4639
H,65,NA,4640
I,65,NA,4641
J,65,NA,4642
L,65,NA,4643
K,65,NA,4644
A,65,NA,4645
B,65,NA,4646
C,65,NA,4647
D,65,NA,4648
E,65,NA,4649
F,65,NA,4650
G,65,NA,4651
H,65,NA,4652
I,65,NA,4653
J,65,NA,4654
L,65,NA,4655
K,65,NA,4656
A,65,NA,4657
B,65,NA,4658
C,65,NA,4659
D,65,NA,4660
E,65,NA,4661
F,65,NA,4662
G,65,NA,4663
H,65,NA,4664
I,65,NA,4665
J,65,NA,4666
L,65,NA,4667
K,65,NA,4668
A,65,NA,4669
B,65,NA,4670
C,65,NA,4671
D,65,NA,4672
E,65,NA,4673
F,65,NA,4674
G,65,NA,4675
H,65,NA,4676
I,65,NA,4677
J,65,NA,4678
L,65,NA,4679
K,65,NA,4680
A,66,NA,4681
B,66,NA,4682
C,66,NA,4683
D,66,NA,4684
E,66,NA,4685
F,66,NA,4686
G,66,NA,4687
K,66,NA,4688
I,66,NA,4689
J,66,NA,4690
H,66,NA,4691
L,66,NA,4692
G,66,NA,4693
B,66,NA,4694
C,66,NA,4695
D,66,NA,4696
E,66,NA,4697
F,66,NA,4698
A,66,NA,4699
K,66,NA,4700
I,66,NA,4701
J,66,NA,4702
L,66,NA,4703
H,66,NA,4704
A,66,NA,4705
B,66,NA,4706
C,66,NA,4707
D,66,NA,4708
E,66,NA,4709
F,66,NA,4710
G,66,NA,4711
K,66,NA,4712
I,66,NA,4713
J,66,NA,4714
L,66,NA,4715
H,66,NA,4716
A,66,NA,4717
B,66,NA,4718
C,66,NA,4719
D,66,NA,4720
E,66,NA,4721
F,66,NA,4722
G,66,NA,4723
K,66,NA,4724
I,66,NA,4725
J,66,NA,4726
H,66,NA,4727
L,66,NA,4728
A,66,NA,4729
B,66,NA,4730
C,66,NA,4731
D,66,NA,4732
E,66,NA,4733
F,66,NA,4734
G,66,NA,4735
K,66,NA,4736
I,66,NA,4737
J,66,NA,4738
L,66,NA,4739
H,66,NA,4740
A,66,NA,4741
B,66,NA,4742
C,66,NA,4743
D,66,NA,4744
E,66,NA,4745
F,66,NA,4746
G,66,NA,4747
K,66,NA,4748
I,66,NA,4749
J,66,NA,4750
L,66,NA,4751
H,66,NA,4752
A,67,NA,4753
B,67,NA,4754
C,67,NA,4755
D,67,NA,4756
E,67,NA,4757
F,67,NA,4758
L,67,NA,4759
H,67,NA,4760
I,67,NA,4761
K,67,NA,4762
J,67,NA,4763
G,67,NA,4764
F,67,NA,4765
B,67,NA,4766
C,67,NA,4767
D,67,NA,4768
E,67,NA,4769
L,67,NA,4770
K,67,NA,4771
G,67,NA,4772
I,67,NA,4773
A,67,NA,4774
H,67,NA,4775
J,67,NA,4776
J,67,NA,4777
B,67,NA,4778
C,67,NA,4779
D,67,NA,4780
E,67,NA,4781
A,67,NA,4782
L,67,NA,4783
F,67,NA,4784
I,67,NA,4785
G,67,NA,4786
H,67,NA,4787
K,67,NA,4788
G,67,NA,4789
B,67,NA,4790
C,67,NA,4791
D,67,NA,4792
E,67,NA,4793
A,67,NA,4794
F,67,NA,4795
K,67,NA,4796
I,67,NA,4797
J,67,NA,4798
H,67,NA,4799
L,67,NA,4800
G,67,NA,4801
B,67,NA,4802
C,67,NA,4803
D,67,NA,4804
E,67,NA,4805
K,67,NA,4806
L,67,NA,4807
A,67,NA,4808
I,67,NA,4809
J,67,NA,4810
F,67,NA,4811
H,67,NA,4812
G,67,NA,4813
B,67,NA,4814
C,67,NA,4815
D,67,NA,4816
E,67,NA,4817
K,67,NA,4818
F,67,NA,4819
J,67,NA,4820
I,67,NA,4821
H,67,NA,4822
L,67,NA,4823
A,67,NA,4824
A,68,NA,4825
B,68,NA,4826
C,68,NA,4827
D,68,NA,4828
E,68,NA,4829
F,68,NA,4830
G,68,NA,4831
H,68,NA,4832
I,68,NA,4833
J,68,NA,4834
K,68,NA,4835
L,68,NA,4836
A,68,NA,4837
B,68,NA,4838
C,68,NA,4839
D,68,NA,4840
E,68,NA,4841
F,68,NA,4842
G,68,NA,4843
H,68,NA,4844
I,68,NA,4845
J,68,NA,4846
K,68,NA,4847
L,68,NA,4848
A,68,NA,4849
B,68,NA,4850
C,68,NA,4851
D,68,NA,4852
E,68,NA,4853
F,68,NA,4854
G,68,NA,4855
H,68,NA,4856
I,68,NA,4857
J,68,NA,4858
K,68,NA,4859
L,68,NA,4860
A,68,NA,4861
B,68,NA,4862
C,68,NA,4863
D,68,NA,4864
E,68,NA,4865
F,68,NA,4866
G,68,NA,4867
H,68,NA,4868
I,68,NA,4869
J,68,NA,4870
K,68,NA,4871
L,68,NA,4872
A,68,NA,4873
B,68,NA,4874
C,68,NA,4875
D,68,NA,4876
E,68,NA,4877
F,68,NA,4878
G,68,NA,4879
H,68,NA,4880
I,68,NA,4881
J,68,NA,4882
K,68,NA,4883
L,68,NA,4884
A,68,NA,4885
B,68,NA,4886
C,68,NA,4887
D,68,NA,4888
E,68,NA,4889
F,68,NA,4890
G,68,NA,4891
H,68,NA,4892
I,68,NA,4893
J,68,NA,4894
K,68,NA,4895
L,68,NA,4896
B,69,NA,4897
J,69,NA,4898
D,69,NA,4899
G,69,NA,4900
L,69,NA,4901
I,69,NA,4902
H,69,NA,4903
A,69,NA,4904
E,69,NA,4905
F,69,NA,4906
C,69,NA,4907
K,69,NA,4908
L,69,NA,4909
B,69,NA,4910
F,69,NA,4911
D,69,NA,4912
E,69,NA,4913
K,69,NA,4914
G,69,NA,4915
I,69,NA,4916
J,69,NA,4917
A,69,NA,4918
C,69,NA,4919
H,69,NA,4920
I,69,NA,4921
E,69,NA,4922
C,69,NA,4923
H,69,NA,4924
L,69,NA,4925
F,69,NA,4926
G,69,NA,4927
J,69,NA,4928
A,69,NA,4929
B,69,NA,4930
K,69,NA,4931
D,69,NA,4932
A,69,NA,4933
E,69,NA,4934
D,69,NA,4935
I,69,NA,4936
J,69,NA,4937
F,69,NA,4938
G,69,NA,4939
H,69,NA,4940
L,69,NA,4941
K,69,NA,4942
C,69,NA,4943
B,69,NA,4944
A,69,NA,4945
B,69,NA,4946
C,69,NA,4947
F,69,NA,4948
E,69,NA,4949
G,69,NA,4950
K,69,NA,4951
H,69,NA,4952
J,69,NA,4953
L,69,NA,4954
D,69,NA,4955
I,69,NA,4956
B,69,NA,4957
A,69,NA,4958
C,69,NA,4959
D,69,NA,4960
E,69,NA,4961
I,69,NA,4962
G,69,NA,4963
J,69,NA,4964
K,69,NA,4965
H,69,NA,4966
L,69,NA,4967
F,69,NA,4968
A,70,NA,4969
B,70,NA,4970
C,70,NA,4971
D,70,NA,4972
K,70,NA,4973
F,70,NA,4974
E,70,NA,4975
H,70,NA,4976
I,70,NA,4977
J,70,NA,4978
G,70,NA,4979
L,70,NA,4980
A,70,NA,4981
B,70,NA,4982
C,70,NA,4983
D,70,NA,4984
E,70,NA,4985
F,70,NA,4986
L,70,NA,4987
H,70,NA,4988
I,70,NA,4989
J,70,NA,4990
G,70,NA,4991
K,70,NA,4992
A,70,NA,4993
B,70,NA,4994
C,70,NA,4995
D,70,NA,4996
E,70,NA,4997
F,70,NA,4998
G,70,NA,4999
H,70,NA,5000
I,70,NA,5001
J,70,NA,5002
K,70,NA,5003
L,70,NA,5004
A,70,NA,5005
B,70,NA,5006
C,70,NA,5007
D,70,NA,5008
E,70,NA,5009
F,70,NA,5010
G,70,NA,5011
H,70,NA,5012
I,70,NA,5013
J,70,NA,5014
K,70,NA,5015
L,70,NA,5016
A,70,NA,5017
B,70,NA,5018
C,70,NA,5019
D,70,NA,5020
E,70,NA,5021
F,70,NA,5022
G,70,NA,5023
H,70,NA,5024
I,70,NA,5025
J,70,NA,5026
K,70,NA,5027
L,70,NA,5028
A,70,NA,5029
B,70,NA,5030
C,70,NA,5031
D,70,NA,5032
E,70,NA,5033
F,70,NA,5034
G,70,NA,5035
H,70,NA,5036
I,70,NA,5037
J,70,NA,5038
K,70,NA,5039
L,70,NA,5040
A,71,NA,5041
B,71,NA,5042
C,71,NA,5043
D,71,NA,5044
E,71,NA,5045
F,71,NA,5046
G,71,NA,5047
H,71,NA,5048
I,71,NA,5049
J,71,NA,5050
K,71,NA,5051
L,71,NA,5052
A,71,NA,5053
B,71,NA,5054
C,71,NA,5055
D,71,NA,5056
E,71,NA,5057
F,71,NA,5058
G,71,NA,5059
H,71,NA,5060
I,71,NA,5061
J,71,NA,5062
K,71,NA,5063
L,71,NA,5064
A,71,NA,5065
B,71,NA,5066
C,71,NA,5067
D,71,NA,5068
E,71,NA,5069
F,71,NA,5070
G,71,NA,5071
H,71,NA,5072
I,71,NA,5073
J,71,NA,5074
K,71,NA,5075
L,71,NA,5076
L,71,NA,5077
D,71,NA,5078
A,71,NA,5079
J,71,NA,5080
C,71,NA,5081
K,71,NA,5082
F,71,NA,5083
B,71,NA,5084
H,71,NA,5085
I,71,NA,5086
G,71,NA,5087
E,71,NA,5088
A,71,NA,5089
B,71,NA,5090
C,71,NA,5091
D,71,NA,5092
E,71,NA,5093
F,71,NA,5094
G,71,NA,5095
H,71,NA,5096
I,71,NA,5097
J,71,NA,5098
K,71,NA,5099
L,71,NA,5100
A,71,NA,5101
B,71,NA,5102
C,71,NA,5103
D,71,NA,5104
E,71,NA,5105
F,71,NA,5106
G,71,NA,5107
H,71,NA,5108
I,71,NA,5109
J,71,NA,5110
K,71,NA,5111
L,71,NA,5112
A,72,NA,5113
B,72,NA,5114
C,72,NA,5115
D,72,NA,5116
E,72,NA,5117
F,72,NA,5118
G,72,NA,5119
H,72,NA,5120
I,72,NA,5121
L,72,NA,5122
K,72,NA,5123
J,72,NA,5124
A,72,NA,5125
B,72,NA,5126
C,72,NA,5127
D,72,NA,5128
E,72,NA,5129
F,72,NA,5130
G,72,NA,5131
H,72,NA,5132
I,72,NA,5133
J,72,NA,5134
K,72,NA,5135
L,72,NA,5136
A,72,NA,5137
B,72,NA,5138
C,72,NA,5139
D,72,NA,5140
E,72,NA,5141
F,72,NA,5142
G,72,NA,5143
H,72,NA,5144
I,72,NA,5145
J,72,NA,5146
K,72,NA,5147
L,72,NA,5148
A,72,NA,5149
B,72,NA,5150
C,72,NA,5151
D,72,NA,5152
E,72,NA,5153
F,72,NA,5154
G,72,NA,5155
H,72,NA,5156
I,72,NA,5157
J,72,NA,5158
K,72,NA,5159
L,72,NA,5160
A,72,NA,5161
B,72,NA,5162
C,72,NA,5163
D,72,NA,5164
E,72,NA,5165
F,72,NA,5166
G,72,NA,5167
H,72,NA,5168
I,72,NA,5169
J,72,NA,5170
K,72,NA,5171
L,72,NA,5172
A,72,NA,5173
B,72,NA,5174
C,72,NA,5175
D,72,NA,5176
E,72,NA,5177
F,72,NA,5178
G,72,NA,5179
H,72,NA,5180
I,72,NA,5181
J,72,NA,5182
K,72,NA,5183
L,72,NA,5184
A,73,NA,5185
B,73,NA,5186
C,73,NA,5187
D,73,NA,5188
E,73,NA,5189
G,73,NA,5190
F,73,NA,5191
H,73,NA,5192
I,73,NA,5193
J,73,NA,5194
K,73,NA,5195
L,73,NA,5196
H,73,NA,5197
G,73,NA,5198
C,73,NA,5199
D,73,NA,5200
E,73,NA,5201
F,73,NA,5202
L,73,NA,5203
A,73,NA,5204
I,73,NA,5205
J,73,NA,5206
K,73,NA,5207
B,73,NA,5208
A,73,NA,5209
B,73,NA,5210
C,73,NA,5211
D,73,NA,5212
E,73,NA,5213
G,73,NA,5214
F,73,NA,5215
H,73,NA,5216
I,73,NA,5217
J,73,NA,5218
K,73,NA,5219
L,73,NA,5220
A,73,NA,5221
B,73,NA,5222
C,73,NA,5223
D,73,NA,5224
E,73,NA,5225
G,73,NA,5226
F,73,NA,5227
H,73,NA,5228
I,73,NA,5229
J,73,NA,5230
K,73,NA,5231
L,73,NA,5232
K,73,NA,5233
H,73,NA,5234
A,73,NA,5235
J,73,NA,5236
G,73,NA,5237
D,73,NA,5238
L,73,NA,5239
E,73,NA,5240
F,73,NA,5241
C,73,NA,5242
I,73,NA,5243
B,73,NA,5244
A,73,NA,5245
B,73,NA,5246
C,73,NA,5247
D,73,NA,5248
E,73,NA,5249
G,73,NA,5250
F,73,NA,5251
H,73,NA,5252
I,73,NA,5253
J,73,NA,5254
K,73,NA,5255
L,73,NA,5256
