room_num,image_options,target_image,stage_num,trial_num,round_num,exclude,exclusion_reason,order_match,condition_id,describer,matchers,trial_id,game_id
1,basket_1;basket_2;basket_3;basket_4;basket_5;basket_6;basket_7;basket_8;basket_9;basket_10,basket_9,1,1,1,FALSE,NA,match,1,1,1,1,1
1,basket_1;basket_2;basket_3;basket_4;basket_5;basket_6;basket_7;basket_8;basket_9;basket_10,basket_9,1,1,1,FALSE,NA,match,1,2,2,2,2
1,basket_1;basket_2;basket_3;basket_4;basket_5;basket_6;basket_7;basket_8;basket_9;basket_10,basket_9,1,1,1,FALSE,NA,match,1,3,3,3,3
1,basket_1;basket_2;basket_3;basket_4;basket_5;basket_6;basket_7;basket_8;basket_9;basket_10,basket_9,1,1,1,FALSE,NA,match,1,4,4,4,4
1,basket_1;basket_2;basket_3;basket_4;basket_5;basket_6;basket_7;basket_8;basket_9;basket_10,basket_9,1,1,1,FALSE,NA,match,1,5,5,5,5
1,basket_1;basket_2;basket_3;basket_4;basket_5;basket_6;basket_7;basket_8;basket_9;basket_10,basket_9,1,1,1,FALSE,NA,match,1,6,6,6,6
1,basket_1;basket_2;basket_3;basket_4;basket_5;basket_6;basket_7;basket_8;basket_9;basket_10,basket_9,1,1,1,FALSE,NA,match,1,7,7,7,7
1,basket_1;basket_2;basket_3;basket_4;basket_5;basket_6;basket_7;basket_8;basket_9;basket_10,basket_9,1,1,1,FALSE,NA,match,1,8,8,8,8
1,basket_1;basket_2;basket_3;basket_4;basket_5;basket_6;basket_7;basket_8;basket_9;basket_10,basket_9,1,1,1,FALSE,NA,match,1,9,9,9,9
1,basket_1;basket_2;basket_3;basket_4;basket_5;basket_6;basket_7;basket_8;basket_9;basket_10,basket_9,1,1,1,FALSE,NA,match,1,10,10,10,10
1,basket_1;basket_2;basket_3;basket_4;basket_5;basket_6;basket_7;basket_8;basket_9;basket_10,basket_3,1,2,1,FALSE,NA,match,1,1,1,11,1
1,basket_1;basket_2;basket_3;basket_4;basket_5;basket_6;basket_7;basket_8;basket_9;basket_10,basket_3,1,2,1,FALSE,NA,match,1,2,2,12,2
1,basket_1;basket_2;basket_3;basket_4;basket_5;basket_6;basket_7;basket_8;basket_9;basket_10,basket_3,1,2,1,FALSE,NA,match,1,3,3,13,3
1,basket_1;basket_2;basket_3;basket_4;basket_5;basket_6;basket_7;basket_8;basket_9;basket_10,basket_3,1,2,1,FALSE,NA,match,1,4,4,14,4
1,basket_1;basket_2;basket_3;basket_4;basket_5;basket_6;basket_7;basket_8;basket_9;basket_10,basket_3,1,2,1,FALSE,NA,match,1,5,5,15,5
1,basket_1;basket_2;basket_3;basket_4;basket_5;basket_6;basket_7;basket_8;basket_9;basket_10,basket_3,1,2,1,FALSE,NA,match,1,6,6,16,6
1,basket_1;basket_2;basket_3;basket_4;basket_5;basket_6;basket_7;basket_8;basket_9;basket_10,basket_3,1,2,1,FALSE,NA,match,1,7,7,17,7
1,basket_1;basket_2;basket_3;basket_4;basket_5;basket_6;basket_7;basket_8;basket_9;basket_10,basket_3,1,2,1,FALSE,NA,match,1,8,8,18,8
1,basket_1;basket_2;basket_3;basket_4;basket_5;basket_6;basket_7;basket_8;basket_9;basket_10,basket_3,1,2,1,FALSE,NA,match,1,9,9,19,9
1,basket_1;basket_2;basket_3;basket_4;basket_5;basket_6;basket_7;basket_8;basket_9;basket_10,basket_3,1,2,1,FALSE,NA,match,1,10,10,20,10
1,basket_1;basket_2;basket_3;basket_4;basket_5;basket_6;basket_7;basket_8;basket_9;basket_10,basket_7,1,3,1,FALSE,NA,match,1,1,1,21,1
1,basket_1;basket_2;basket_3;basket_4;basket_5;basket_6;basket_7;basket_8;basket_9;basket_10,basket_7,1,3,1,FALSE,NA,match,1,2,2,22,2
1,basket_1;basket_2;basket_3;basket_4;basket_5;basket_6;basket_7;basket_8;basket_9;basket_10,basket_7,1,3,1,FALSE,NA,match,1,3,3,23,3
1,basket_1;basket_2;basket_3;basket_4;basket_5;basket_6;basket_7;basket_8;basket_9;basket_10,basket_7,1,3,1,FALSE,NA,match,1,4,4,24,4
1,basket_1;basket_2;basket_3;basket_4;basket_5;basket_6;basket_7;basket_8;basket_9;basket_10,basket_7,1,3,1,FALSE,NA,match,1,5,5,25,5
1,basket_1;basket_2;basket_3;basket_4;basket_5;basket_6;basket_7;basket_8;basket_9;basket_10,basket_7,1,3,1,FALSE,NA,match,1,6,6,26,6
1,basket_1;basket_2;basket_3;basket_4;basket_5;basket_6;basket_7;basket_8;basket_9;basket_10,basket_7,1,3,1,FALSE,NA,match,1,7,7,27,7
1,basket_1;basket_2;basket_3;basket_4;basket_5;basket_6;basket_7;basket_8;basket_9;basket_10,basket_7,1,3,1,FALSE,NA,match,1,8,8,28,8
1,basket_1;basket_2;basket_3;basket_4;basket_5;basket_6;basket_7;basket_8;basket_9;basket_10,basket_7,1,3,1,FALSE,NA,match,1,9,9,29,9
1,basket_1;basket_2;basket_3;basket_4;basket_5;basket_6;basket_7;basket_8;basket_9;basket_10,basket_7,1,3,1,FALSE,NA,match,1,10,10,30,10
1,basket_1;basket_2;basket_3;basket_4;basket_5;basket_6;basket_7;basket_8;basket_9;basket_10,basket_5,1,4,1,FALSE,NA,match,1,1,1,31,1
1,basket_1;basket_2;basket_3;basket_4;basket_5;basket_6;basket_7;basket_8;basket_9;basket_10,basket_5,1,4,1,FALSE,NA,match,1,2,2,32,2
1,basket_1;basket_2;basket_3;basket_4;basket_5;basket_6;basket_7;basket_8;basket_9;basket_10,basket_5,1,4,1,FALSE,NA,match,1,3,3,33,3
1,basket_1;basket_2;basket_3;basket_4;basket_5;basket_6;basket_7;basket_8;basket_9;basket_10,basket_5,1,4,1,FALSE,NA,match,1,4,4,34,4
1,basket_1;basket_2;basket_3;basket_4;basket_5;basket_6;basket_7;basket_8;basket_9;basket_10,basket_5,1,4,1,FALSE,NA,match,1,5,5,35,5
1,basket_1;basket_2;basket_3;basket_4;basket_5;basket_6;basket_7;basket_8;basket_9;basket_10,basket_5,1,4,1,FALSE,NA,match,1,6,6,36,6
1,basket_1;basket_2;basket_3;basket_4;basket_5;basket_6;basket_7;basket_8;basket_9;basket_10,basket_5,1,4,1,FALSE,NA,match,1,7,7,37,7
1,basket_1;basket_2;basket_3;basket_4;basket_5;basket_6;basket_7;basket_8;basket_9;basket_10,basket_5,1,4,1,FALSE,NA,match,1,8,8,38,8
1,basket_1;basket_2;basket_3;basket_4;basket_5;basket_6;basket_7;basket_8;basket_9;basket_10,basket_5,1,4,1,FALSE,NA,match,1,9,9,39,9
1,basket_1;basket_2;basket_3;basket_4;basket_5;basket_6;basket_7;basket_8;basket_9;basket_10,basket_5,1,4,1,FALSE,NA,match,1,10,10,40,10
1,basket_1;basket_2;basket_3;basket_4;basket_5;basket_6;basket_7;basket_8;basket_9;basket_10,basket_10,1,5,1,FALSE,NA,match,1,1,1,41,1
1,basket_1;basket_2;basket_3;basket_4;basket_5;basket_6;basket_7;basket_8;basket_9;basket_10,basket_10,1,5,1,FALSE,NA,match,1,2,2,42,2
1,basket_1;basket_2;basket_3;basket_4;basket_5;basket_6;basket_7;basket_8;basket_9;basket_10,basket_10,1,5,1,FALSE,NA,match,1,3,3,43,3
1,basket_1;basket_2;basket_3;basket_4;basket_5;basket_6;basket_7;basket_8;basket_9;basket_10,basket_10,1,5,1,FALSE,NA,match,1,4,4,44,4
1,basket_1;basket_2;basket_3;basket_4;basket_5;basket_6;basket_7;basket_8;basket_9;basket_10,basket_10,1,5,1,FALSE,NA,match,1,5,5,45,5
1,basket_1;basket_2;basket_3;basket_4;basket_5;basket_6;basket_7;basket_8;basket_9;basket_10,basket_10,1,5,1,FALSE,NA,match,1,6,6,46,6
1,basket_1;basket_2;basket_3;basket_4;basket_5;basket_6;basket_7;basket_8;basket_9;basket_10,basket_10,1,5,1,FALSE,NA,match,1,7,7,47,7
1,basket_1;basket_2;basket_3;basket_4;basket_5;basket_6;basket_7;basket_8;basket_9;basket_10,basket_10,1,5,1,FALSE,NA,match,1,8,8,48,8
1,basket_1;basket_2;basket_3;basket_4;basket_5;basket_6;basket_7;basket_8;basket_9;basket_10,basket_10,1,5,1,FALSE,NA,match,1,9,9,49,9
1,basket_1;basket_2;basket_3;basket_4;basket_5;basket_6;basket_7;basket_8;basket_9;basket_10,basket_10,1,5,1,FALSE,NA,match,1,10,10,50,10
1,basket_1;basket_2;basket_3;basket_4;basket_5;basket_6;basket_7;basket_8;basket_9;basket_10,basket_1,1,6,1,FALSE,NA,match,1,1,1,51,1
1,basket_1;basket_2;basket_3;basket_4;basket_5;basket_6;basket_7;basket_8;basket_9;basket_10,basket_1,1,6,1,FALSE,NA,match,1,2,2,52,2
1,basket_1;basket_2;basket_3;basket_4;basket_5;basket_6;basket_7;basket_8;basket_9;basket_10,basket_1,1,6,1,FALSE,NA,match,1,3,3,53,3
1,basket_1;basket_2;basket_3;basket_4;basket_5;basket_6;basket_7;basket_8;basket_9;basket_10,basket_1,1,6,1,FALSE,NA,match,1,4,4,54,4
1,basket_1;basket_2;basket_3;basket_4;basket_5;basket_6;basket_7;basket_8;basket_9;basket_10,basket_1,1,6,1,FALSE,NA,match,1,5,5,55,5
1,basket_1;basket_2;basket_3;basket_4;basket_5;basket_6;basket_7;basket_8;basket_9;basket_10,basket_1,1,6,1,FALSE,NA,match,1,6,6,56,6
1,basket_1;basket_2;basket_3;basket_4;basket_5;basket_6;basket_7;basket_8;basket_9;basket_10,basket_1,1,6,1,FALSE,NA,match,1,7,7,57,7
1,basket_1;basket_2;basket_3;basket_4;basket_5;basket_6;basket_7;basket_8;basket_9;basket_10,basket_1,1,6,1,FALSE,NA,match,1,8,8,58,8
1,basket_1;basket_2;basket_3;basket_4;basket_5;basket_6;basket_7;basket_8;basket_9;basket_10,basket_1,1,6,1,FALSE,NA,match,1,9,9,59,9
1,basket_1;basket_2;basket_3;basket_4;basket_5;basket_6;basket_7;basket_8;basket_9;basket_10,basket_1,1,6,1,FALSE,NA,match,1,10,10,60,10
1,basket_1;basket_2;basket_3;basket_4;basket_5;basket_6;basket_7;basket_8;basket_9;basket_10,basket_4,1,7,1,FALSE,NA,match,1,1,1,61,1
1,basket_1;basket_2;basket_3;basket_4;basket_5;basket_6;basket_7;basket_8;basket_9;basket_10,basket_4,1,7,1,FALSE,NA,match,1,2,2,62,2
1,basket_1;basket_2;basket_3;basket_4;basket_5;basket_6;basket_7;basket_8;basket_9;basket_10,basket_4,1,7,1,FALSE,NA,match,1,3,3,63,3
1,basket_1;basket_2;basket_3;basket_4;basket_5;basket_6;basket_7;basket_8;basket_9;basket_10,basket_4,1,7,1,FALSE,NA,match,1,4,4,64,4
1,basket_1;basket_2;basket_3;basket_4;basket_5;basket_6;basket_7;basket_8;basket_9;basket_10,basket_4,1,7,1,FALSE,NA,match,1,5,5,65,5
1,basket_1;basket_2;basket_3;basket_4;basket_5;basket_6;basket_7;basket_8;basket_9;basket_10,basket_4,1,7,1,FALSE,NA,match,1,6,6,66,6
1,basket_1;basket_2;basket_3;basket_4;basket_5;basket_6;basket_7;basket_8;basket_9;basket_10,basket_4,1,7,1,FALSE,NA,match,1,7,7,67,7
1,basket_1;basket_2;basket_3;basket_4;basket_5;basket_6;basket_7;basket_8;basket_9;basket_10,basket_4,1,7,1,FALSE,NA,match,1,8,8,68,8
1,basket_1;basket_2;basket_3;basket_4;basket_5;basket_6;basket_7;basket_8;basket_9;basket_10,basket_4,1,7,1,FALSE,NA,match,1,9,9,69,9
1,basket_1;basket_2;basket_3;basket_4;basket_5;basket_6;basket_7;basket_8;basket_9;basket_10,basket_4,1,7,1,FALSE,NA,match,1,10,10,70,10
1,basket_1;basket_2;basket_3;basket_4;basket_5;basket_6;basket_7;basket_8;basket_9;basket_10,basket_6,1,8,1,FALSE,NA,match,1,1,1,71,1
1,basket_1;basket_2;basket_3;basket_4;basket_5;basket_6;basket_7;basket_8;basket_9;basket_10,basket_6,1,8,1,FALSE,NA,match,1,2,2,72,2
1,basket_1;basket_2;basket_3;basket_4;basket_5;basket_6;basket_7;basket_8;basket_9;basket_10,basket_6,1,8,1,FALSE,NA,match,1,3,3,73,3
1,basket_1;basket_2;basket_3;basket_4;basket_5;basket_6;basket_7;basket_8;basket_9;basket_10,basket_6,1,8,1,FALSE,NA,match,1,4,4,74,4
1,basket_1;basket_2;basket_3;basket_4;basket_5;basket_6;basket_7;basket_8;basket_9;basket_10,basket_6,1,8,1,FALSE,NA,match,1,5,5,75,5
1,basket_1;basket_2;basket_3;basket_4;basket_5;basket_6;basket_7;basket_8;basket_9;basket_10,basket_6,1,8,1,FALSE,NA,match,1,6,6,76,6
1,basket_1;basket_2;basket_3;basket_4;basket_5;basket_6;basket_7;basket_8;basket_9;basket_10,basket_6,1,8,1,FALSE,NA,match,1,7,7,77,7
1,basket_1;basket_2;basket_3;basket_4;basket_5;basket_6;basket_7;basket_8;basket_9;basket_10,basket_6,1,8,1,FALSE,NA,match,1,8,8,78,8
1,basket_1;basket_2;basket_3;basket_4;basket_5;basket_6;basket_7;basket_8;basket_9;basket_10,basket_6,1,8,1,FALSE,NA,match,1,9,9,79,9
1,basket_1;basket_2;basket_3;basket_4;basket_5;basket_6;basket_7;basket_8;basket_9;basket_10,basket_6,1,8,1,FALSE,NA,match,1,10,10,80,10
1,basket_1;basket_2;basket_3;basket_4;basket_5;basket_6;basket_7;basket_8;basket_9;basket_10,basket_2,1,9,1,FALSE,NA,match,1,1,1,81,1
1,basket_1;basket_2;basket_3;basket_4;basket_5;basket_6;basket_7;basket_8;basket_9;basket_10,basket_2,1,9,1,FALSE,NA,match,1,2,2,82,2
1,basket_1;basket_2;basket_3;basket_4;basket_5;basket_6;basket_7;basket_8;basket_9;basket_10,basket_2,1,9,1,FALSE,NA,match,1,3,3,83,3
1,basket_1;basket_2;basket_3;basket_4;basket_5;basket_6;basket_7;basket_8;basket_9;basket_10,basket_2,1,9,1,FALSE,NA,match,1,4,4,84,4
1,basket_1;basket_2;basket_3;basket_4;basket_5;basket_6;basket_7;basket_8;basket_9;basket_10,basket_2,1,9,1,FALSE,NA,match,1,5,5,85,5
1,basket_1;basket_2;basket_3;basket_4;basket_5;basket_6;basket_7;basket_8;basket_9;basket_10,basket_2,1,9,1,FALSE,NA,match,1,6,6,86,6
1,basket_1;basket_2;basket_3;basket_4;basket_5;basket_6;basket_7;basket_8;basket_9;basket_10,basket_2,1,9,1,FALSE,NA,match,1,7,7,87,7
1,basket_1;basket_2;basket_3;basket_4;basket_5;basket_6;basket_7;basket_8;basket_9;basket_10,basket_2,1,9,1,FALSE,NA,match,1,8,8,88,8
1,basket_1;basket_2;basket_3;basket_4;basket_5;basket_6;basket_7;basket_8;basket_9;basket_10,basket_2,1,9,1,FALSE,NA,match,1,9,9,89,9
1,basket_1;basket_2;basket_3;basket_4;basket_5;basket_6;basket_7;basket_8;basket_9;basket_10,basket_2,1,9,1,FALSE,NA,match,1,10,10,90,10
1,basket_1;basket_2;basket_3;basket_4;basket_5;basket_6;basket_7;basket_8;basket_9;basket_10,basket_8,1,10,1,FALSE,NA,match,1,1,1,91,1
1,basket_1;basket_2;basket_3;basket_4;basket_5;basket_6;basket_7;basket_8;basket_9;basket_10,basket_8,1,10,1,FALSE,NA,match,1,2,2,92,2
1,basket_1;basket_2;basket_3;basket_4;basket_5;basket_6;basket_7;basket_8;basket_9;basket_10,basket_8,1,10,1,FALSE,NA,match,1,3,3,93,3
1,basket_1;basket_2;basket_3;basket_4;basket_5;basket_6;basket_7;basket_8;basket_9;basket_10,basket_8,1,10,1,FALSE,NA,match,1,4,4,94,4
1,basket_1;basket_2;basket_3;basket_4;basket_5;basket_6;basket_7;basket_8;basket_9;basket_10,basket_8,1,10,1,FALSE,NA,match,1,5,5,95,5
1,basket_1;basket_2;basket_3;basket_4;basket_5;basket_6;basket_7;basket_8;basket_9;basket_10,basket_8,1,10,1,FALSE,NA,match,1,6,6,96,6
1,basket_1;basket_2;basket_3;basket_4;basket_5;basket_6;basket_7;basket_8;basket_9;basket_10,basket_8,1,10,1,FALSE,NA,match,1,7,7,97,7
1,basket_1;basket_2;basket_3;basket_4;basket_5;basket_6;basket_7;basket_8;basket_9;basket_10,basket_8,1,10,1,FALSE,NA,match,1,8,8,98,8
1,basket_1;basket_2;basket_3;basket_4;basket_5;basket_6;basket_7;basket_8;basket_9;basket_10,basket_8,1,10,1,FALSE,NA,match,1,9,9,99,9
1,basket_1;basket_2;basket_3;basket_4;basket_5;basket_6;basket_7;basket_8;basket_9;basket_10,basket_8,1,10,1,FALSE,NA,match,1,10,10,100,10
1,basket_1;basket_2;basket_3;basket_4;basket_5;basket_6;basket_7;basket_8;basket_9;basket_10,basket_6,1,11,2,FALSE,NA,match,1,1,1,101,1
1,basket_1;basket_2;basket_3;basket_4;basket_5;basket_6;basket_7;basket_8;basket_9;basket_10,basket_6,1,11,2,FALSE,NA,match,1,2,2,102,2
1,basket_1;basket_2;basket_3;basket_4;basket_5;basket_6;basket_7;basket_8;basket_9;basket_10,basket_6,1,11,2,FALSE,NA,match,1,3,3,103,3
1,basket_1;basket_2;basket_3;basket_4;basket_5;basket_6;basket_7;basket_8;basket_9;basket_10,basket_6,1,11,2,FALSE,NA,match,1,4,4,104,4
1,basket_1;basket_2;basket_3;basket_4;basket_5;basket_6;basket_7;basket_8;basket_9;basket_10,basket_6,1,11,2,FALSE,NA,match,1,5,5,105,5
1,basket_1;basket_2;basket_3;basket_4;basket_5;basket_6;basket_7;basket_8;basket_9;basket_10,basket_6,1,11,2,FALSE,NA,match,1,6,6,106,6
1,basket_1;basket_2;basket_3;basket_4;basket_5;basket_6;basket_7;basket_8;basket_9;basket_10,basket_6,1,11,2,FALSE,NA,match,1,7,7,107,7
1,basket_1;basket_2;basket_3;basket_4;basket_5;basket_6;basket_7;basket_8;basket_9;basket_10,basket_6,1,11,2,FALSE,NA,match,1,8,8,108,8
1,basket_1;basket_2;basket_3;basket_4;basket_5;basket_6;basket_7;basket_8;basket_9;basket_10,basket_6,1,11,2,FALSE,NA,match,1,9,9,109,9
1,basket_1;basket_2;basket_3;basket_4;basket_5;basket_6;basket_7;basket_8;basket_9;basket_10,basket_6,1,11,2,FALSE,NA,match,1,10,10,110,10
1,basket_1;basket_2;basket_3;basket_4;basket_5;basket_6;basket_7;basket_8;basket_9;basket_10,basket_9,1,12,2,FALSE,NA,match,1,1,1,111,1
1,basket_1;basket_2;basket_3;basket_4;basket_5;basket_6;basket_7;basket_8;basket_9;basket_10,basket_9,1,12,2,FALSE,NA,match,1,2,2,112,2
1,basket_1;basket_2;basket_3;basket_4;basket_5;basket_6;basket_7;basket_8;basket_9;basket_10,basket_9,1,12,2,FALSE,NA,match,1,3,3,113,3
1,basket_1;basket_2;basket_3;basket_4;basket_5;basket_6;basket_7;basket_8;basket_9;basket_10,basket_9,1,12,2,FALSE,NA,match,1,4,4,114,4
1,basket_1;basket_2;basket_3;basket_4;basket_5;basket_6;basket_7;basket_8;basket_9;basket_10,basket_9,1,12,2,FALSE,NA,match,1,5,5,115,5
1,basket_1;basket_2;basket_3;basket_4;basket_5;basket_6;basket_7;basket_8;basket_9;basket_10,basket_9,1,12,2,FALSE,NA,match,1,6,6,116,6
1,basket_1;basket_2;basket_3;basket_4;basket_5;basket_6;basket_7;basket_8;basket_9;basket_10,basket_9,1,12,2,FALSE,NA,match,1,7,7,117,7
1,basket_1;basket_2;basket_3;basket_4;basket_5;basket_6;basket_7;basket_8;basket_9;basket_10,basket_9,1,12,2,FALSE,NA,match,1,8,8,118,8
1,basket_1;basket_2;basket_3;basket_4;basket_5;basket_6;basket_7;basket_8;basket_9;basket_10,basket_9,1,12,2,FALSE,NA,match,1,9,9,119,9
1,basket_1;basket_2;basket_3;basket_4;basket_5;basket_6;basket_7;basket_8;basket_9;basket_10,basket_9,1,12,2,FALSE,NA,match,1,10,10,120,10
1,basket_1;basket_2;basket_3;basket_4;basket_5;basket_6;basket_7;basket_8;basket_9;basket_10,basket_1,1,13,2,FALSE,NA,match,1,1,1,121,1
1,basket_1;basket_2;basket_3;basket_4;basket_5;basket_6;basket_7;basket_8;basket_9;basket_10,basket_1,1,13,2,FALSE,NA,match,1,2,2,122,2
1,basket_1;basket_2;basket_3;basket_4;basket_5;basket_6;basket_7;basket_8;basket_9;basket_10,basket_1,1,13,2,FALSE,NA,match,1,3,3,123,3
1,basket_1;basket_2;basket_3;basket_4;basket_5;basket_6;basket_7;basket_8;basket_9;basket_10,basket_1,1,13,2,FALSE,NA,match,1,4,4,124,4
1,basket_1;basket_2;basket_3;basket_4;basket_5;basket_6;basket_7;basket_8;basket_9;basket_10,basket_1,1,13,2,FALSE,NA,match,1,5,5,125,5
1,basket_1;basket_2;basket_3;basket_4;basket_5;basket_6;basket_7;basket_8;basket_9;basket_10,basket_1,1,13,2,FALSE,NA,match,1,6,6,126,6
1,basket_1;basket_2;basket_3;basket_4;basket_5;basket_6;basket_7;basket_8;basket_9;basket_10,basket_1,1,13,2,FALSE,NA,match,1,7,7,127,7
1,basket_1;basket_2;basket_3;basket_4;basket_5;basket_6;basket_7;basket_8;basket_9;basket_10,basket_1,1,13,2,FALSE,NA,match,1,8,8,128,8
1,basket_1;basket_2;basket_3;basket_4;basket_5;basket_6;basket_7;basket_8;basket_9;basket_10,basket_1,1,13,2,FALSE,NA,match,1,9,9,129,9
1,basket_1;basket_2;basket_3;basket_4;basket_5;basket_6;basket_7;basket_8;basket_9;basket_10,basket_1,1,13,2,FALSE,NA,match,1,10,10,130,10
1,basket_1;basket_2;basket_3;basket_4;basket_5;basket_6;basket_7;basket_8;basket_9;basket_10,basket_7,1,14,2,FALSE,NA,match,1,1,1,131,1
1,basket_1;basket_2;basket_3;basket_4;basket_5;basket_6;basket_7;basket_8;basket_9;basket_10,basket_7,1,14,2,FALSE,NA,match,1,2,2,132,2
1,basket_1;basket_2;basket_3;basket_4;basket_5;basket_6;basket_7;basket_8;basket_9;basket_10,basket_7,1,14,2,FALSE,NA,match,1,3,3,133,3
1,basket_1;basket_2;basket_3;basket_4;basket_5;basket_6;basket_7;basket_8;basket_9;basket_10,basket_7,1,14,2,FALSE,NA,match,1,4,4,134,4
1,basket_1;basket_2;basket_3;basket_4;basket_5;basket_6;basket_7;basket_8;basket_9;basket_10,basket_7,1,14,2,FALSE,NA,match,1,5,5,135,5
1,basket_1;basket_2;basket_3;basket_4;basket_5;basket_6;basket_7;basket_8;basket_9;basket_10,basket_7,1,14,2,FALSE,NA,match,1,6,6,136,6
1,basket_1;basket_2;basket_3;basket_4;basket_5;basket_6;basket_7;basket_8;basket_9;basket_10,basket_7,1,14,2,FALSE,NA,match,1,7,7,137,7
1,basket_1;basket_2;basket_3;basket_4;basket_5;basket_6;basket_7;basket_8;basket_9;basket_10,basket_7,1,14,2,FALSE,NA,match,1,8,8,138,8
1,basket_1;basket_2;basket_3;basket_4;basket_5;basket_6;basket_7;basket_8;basket_9;basket_10,basket_7,1,14,2,FALSE,NA,match,1,9,9,139,9
1,basket_1;basket_2;basket_3;basket_4;basket_5;basket_6;basket_7;basket_8;basket_9;basket_10,basket_7,1,14,2,FALSE,NA,match,1,10,10,140,10
1,basket_1;basket_2;basket_3;basket_4;basket_5;basket_6;basket_7;basket_8;basket_9;basket_10,basket_8,1,15,2,FALSE,NA,match,1,1,1,141,1
1,basket_1;basket_2;basket_3;basket_4;basket_5;basket_6;basket_7;basket_8;basket_9;basket_10,basket_8,1,15,2,FALSE,NA,match,1,2,2,142,2
1,basket_1;basket_2;basket_3;basket_4;basket_5;basket_6;basket_7;basket_8;basket_9;basket_10,basket_8,1,15,2,FALSE,NA,match,1,3,3,143,3
1,basket_1;basket_2;basket_3;basket_4;basket_5;basket_6;basket_7;basket_8;basket_9;basket_10,basket_8,1,15,2,FALSE,NA,match,1,4,4,144,4
1,basket_1;basket_2;basket_3;basket_4;basket_5;basket_6;basket_7;basket_8;basket_9;basket_10,basket_8,1,15,2,FALSE,NA,match,1,5,5,145,5
1,basket_1;basket_2;basket_3;basket_4;basket_5;basket_6;basket_7;basket_8;basket_9;basket_10,basket_8,1,15,2,FALSE,NA,match,1,6,6,146,6
1,basket_1;basket_2;basket_3;basket_4;basket_5;basket_6;basket_7;basket_8;basket_9;basket_10,basket_8,1,15,2,FALSE,NA,match,1,7,7,147,7
1,basket_1;basket_2;basket_3;basket_4;basket_5;basket_6;basket_7;basket_8;basket_9;basket_10,basket_8,1,15,2,FALSE,NA,match,1,8,8,148,8
1,basket_1;basket_2;basket_3;basket_4;basket_5;basket_6;basket_7;basket_8;basket_9;basket_10,basket_8,1,15,2,FALSE,NA,match,1,9,9,149,9
1,basket_1;basket_2;basket_3;basket_4;basket_5;basket_6;basket_7;basket_8;basket_9;basket_10,basket_8,1,15,2,FALSE,NA,match,1,10,10,150,10
1,basket_1;basket_2;basket_3;basket_4;basket_5;basket_6;basket_7;basket_8;basket_9;basket_10,basket_10,1,16,2,FALSE,NA,match,1,1,1,151,1
1,basket_1;basket_2;basket_3;basket_4;basket_5;basket_6;basket_7;basket_8;basket_9;basket_10,basket_10,1,16,2,FALSE,NA,match,1,2,2,152,2
1,basket_1;basket_2;basket_3;basket_4;basket_5;basket_6;basket_7;basket_8;basket_9;basket_10,basket_10,1,16,2,FALSE,NA,match,1,3,3,153,3
1,basket_1;basket_2;basket_3;basket_4;basket_5;basket_6;basket_7;basket_8;basket_9;basket_10,basket_10,1,16,2,FALSE,NA,match,1,4,4,154,4
1,basket_1;basket_2;basket_3;basket_4;basket_5;basket_6;basket_7;basket_8;basket_9;basket_10,basket_10,1,16,2,FALSE,NA,match,1,5,5,155,5
1,basket_1;basket_2;basket_3;basket_4;basket_5;basket_6;basket_7;basket_8;basket_9;basket_10,basket_10,1,16,2,FALSE,NA,match,1,6,6,156,6
1,basket_1;basket_2;basket_3;basket_4;basket_5;basket_6;basket_7;basket_8;basket_9;basket_10,basket_10,1,16,2,FALSE,NA,match,1,7,7,157,7
1,basket_1;basket_2;basket_3;basket_4;basket_5;basket_6;basket_7;basket_8;basket_9;basket_10,basket_10,1,16,2,FALSE,NA,match,1,8,8,158,8
1,basket_1;basket_2;basket_3;basket_4;basket_5;basket_6;basket_7;basket_8;basket_9;basket_10,basket_10,1,16,2,FALSE,NA,match,1,9,9,159,9
1,basket_1;basket_2;basket_3;basket_4;basket_5;basket_6;basket_7;basket_8;basket_9;basket_10,basket_10,1,16,2,FALSE,NA,match,1,10,10,160,10
1,basket_1;basket_2;basket_3;basket_4;basket_5;basket_6;basket_7;basket_8;basket_9;basket_10,basket_4,1,17,2,FALSE,NA,match,1,1,1,161,1
1,basket_1;basket_2;basket_3;basket_4;basket_5;basket_6;basket_7;basket_8;basket_9;basket_10,basket_4,1,17,2,FALSE,NA,match,1,2,2,162,2
1,basket_1;basket_2;basket_3;basket_4;basket_5;basket_6;basket_7;basket_8;basket_9;basket_10,basket_4,1,17,2,FALSE,NA,match,1,3,3,163,3
1,basket_1;basket_2;basket_3;basket_4;basket_5;basket_6;basket_7;basket_8;basket_9;basket_10,basket_4,1,17,2,FALSE,NA,match,1,4,4,164,4
1,basket_1;basket_2;basket_3;basket_4;basket_5;basket_6;basket_7;basket_8;basket_9;basket_10,basket_4,1,17,2,FALSE,NA,match,1,5,5,165,5
1,basket_1;basket_2;basket_3;basket_4;basket_5;basket_6;basket_7;basket_8;basket_9;basket_10,basket_4,1,17,2,FALSE,NA,match,1,6,6,166,6
1,basket_1;basket_2;basket_3;basket_4;basket_5;basket_6;basket_7;basket_8;basket_9;basket_10,basket_4,1,17,2,FALSE,NA,match,1,7,7,167,7
1,basket_1;basket_2;basket_3;basket_4;basket_5;basket_6;basket_7;basket_8;basket_9;basket_10,basket_4,1,17,2,FALSE,NA,match,1,8,8,168,8
1,basket_1;basket_2;basket_3;basket_4;basket_5;basket_6;basket_7;basket_8;basket_9;basket_10,basket_4,1,17,2,FALSE,NA,match,1,9,9,169,9
1,basket_1;basket_2;basket_3;basket_4;basket_5;basket_6;basket_7;basket_8;basket_9;basket_10,basket_4,1,17,2,FALSE,NA,match,1,10,10,170,10
1,basket_1;basket_2;basket_3;basket_4;basket_5;basket_6;basket_7;basket_8;basket_9;basket_10,basket_3,1,18,2,FALSE,NA,match,1,1,1,171,1
1,basket_1;basket_2;basket_3;basket_4;basket_5;basket_6;basket_7;basket_8;basket_9;basket_10,basket_3,1,18,2,FALSE,NA,match,1,2,2,172,2
1,basket_1;basket_2;basket_3;basket_4;basket_5;basket_6;basket_7;basket_8;basket_9;basket_10,basket_3,1,18,2,FALSE,NA,match,1,3,3,173,3
1,basket_1;basket_2;basket_3;basket_4;basket_5;basket_6;basket_7;basket_8;basket_9;basket_10,basket_3,1,18,2,FALSE,NA,match,1,4,4,174,4
1,basket_1;basket_2;basket_3;basket_4;basket_5;basket_6;basket_7;basket_8;basket_9;basket_10,basket_3,1,18,2,FALSE,NA,match,1,5,5,175,5
1,basket_1;basket_2;basket_3;basket_4;basket_5;basket_6;basket_7;basket_8;basket_9;basket_10,basket_3,1,18,2,FALSE,NA,match,1,6,6,176,6
1,basket_1;basket_2;basket_3;basket_4;basket_5;basket_6;basket_7;basket_8;basket_9;basket_10,basket_3,1,18,2,FALSE,NA,match,1,7,7,177,7
1,basket_1;basket_2;basket_3;basket_4;basket_5;basket_6;basket_7;basket_8;basket_9;basket_10,basket_3,1,18,2,FALSE,NA,match,1,8,8,178,8
1,basket_1;basket_2;basket_3;basket_4;basket_5;basket_6;basket_7;basket_8;basket_9;basket_10,basket_3,1,18,2,FALSE,NA,match,1,9,9,179,9
1,basket_1;basket_2;basket_3;basket_4;basket_5;basket_6;basket_7;basket_8;basket_9;basket_10,basket_3,1,18,2,FALSE,NA,match,1,10,10,180,10
1,basket_1;basket_2;basket_3;basket_4;basket_5;basket_6;basket_7;basket_8;basket_9;basket_10,basket_2,1,19,2,FALSE,NA,match,1,1,1,181,1
1,basket_1;basket_2;basket_3;basket_4;basket_5;basket_6;basket_7;basket_8;basket_9;basket_10,basket_2,1,19,2,FALSE,NA,match,1,2,2,182,2
1,basket_1;basket_2;basket_3;basket_4;basket_5;basket_6;basket_7;basket_8;basket_9;basket_10,basket_2,1,19,2,FALSE,NA,match,1,3,3,183,3
1,basket_1;basket_2;basket_3;basket_4;basket_5;basket_6;basket_7;basket_8;basket_9;basket_10,basket_2,1,19,2,FALSE,NA,match,1,4,4,184,4
1,basket_1;basket_2;basket_3;basket_4;basket_5;basket_6;basket_7;basket_8;basket_9;basket_10,basket_2,1,19,2,FALSE,NA,match,1,5,5,185,5
1,basket_1;basket_2;basket_3;basket_4;basket_5;basket_6;basket_7;basket_8;basket_9;basket_10,basket_2,1,19,2,FALSE,NA,match,1,6,6,186,6
1,basket_1;basket_2;basket_3;basket_4;basket_5;basket_6;basket_7;basket_8;basket_9;basket_10,basket_2,1,19,2,FALSE,NA,match,1,7,7,187,7
1,basket_1;basket_2;basket_3;basket_4;basket_5;basket_6;basket_7;basket_8;basket_9;basket_10,basket_2,1,19,2,FALSE,NA,match,1,8,8,188,8
1,basket_1;basket_2;basket_3;basket_4;basket_5;basket_6;basket_7;basket_8;basket_9;basket_10,basket_2,1,19,2,FALSE,NA,match,1,9,9,189,9
1,basket_1;basket_2;basket_3;basket_4;basket_5;basket_6;basket_7;basket_8;basket_9;basket_10,basket_2,1,19,2,FALSE,NA,match,1,10,10,190,10
1,basket_1;basket_2;basket_3;basket_4;basket_5;basket_6;basket_7;basket_8;basket_9;basket_10,basket_5,1,20,2,FALSE,NA,match,1,2,2,191,2
1,basket_1;basket_2;basket_3;basket_4;basket_5;basket_6;basket_7;basket_8;basket_9;basket_10,basket_5,1,20,2,FALSE,NA,match,1,3,3,192,3
1,basket_1;basket_2;basket_3;basket_4;basket_5;basket_6;basket_7;basket_8;basket_9;basket_10,basket_5,1,20,2,FALSE,NA,match,1,4,4,193,4
1,basket_1;basket_2;basket_3;basket_4;basket_5;basket_6;basket_7;basket_8;basket_9;basket_10,basket_5,1,20,2,FALSE,NA,match,1,5,5,194,5
1,basket_1;basket_2;basket_3;basket_4;basket_5;basket_6;basket_7;basket_8;basket_9;basket_10,basket_5,1,20,2,FALSE,NA,match,1,6,6,195,6
1,basket_1;basket_2;basket_3;basket_4;basket_5;basket_6;basket_7;basket_8;basket_9;basket_10,basket_5,1,20,2,FALSE,NA,match,1,7,7,196,7
1,basket_1;basket_2;basket_3;basket_4;basket_5;basket_6;basket_7;basket_8;basket_9;basket_10,basket_5,1,20,2,FALSE,NA,match,1,8,8,197,8
1,basket_1;basket_2;basket_3;basket_4;basket_5;basket_6;basket_7;basket_8;basket_9;basket_10,basket_5,1,20,2,FALSE,NA,match,1,9,9,198,9
1,basket_1;basket_2;basket_3;basket_4;basket_5;basket_6;basket_7;basket_8;basket_9;basket_10,basket_5,1,20,2,FALSE,NA,match,1,10,10,199,10
1,basket_1;basket_2;basket_3;basket_4;basket_5;basket_6;basket_7;basket_8;basket_9;basket_10,basket_10,1,21,3,FALSE,NA,match,1,1,1,200,1
1,basket_1;basket_2;basket_3;basket_4;basket_5;basket_6;basket_7;basket_8;basket_9;basket_10,basket_10,1,21,3,FALSE,NA,match,1,2,2,201,2
1,basket_1;basket_2;basket_3;basket_4;basket_5;basket_6;basket_7;basket_8;basket_9;basket_10,basket_10,1,21,3,FALSE,NA,match,1,3,3,202,3
1,basket_1;basket_2;basket_3;basket_4;basket_5;basket_6;basket_7;basket_8;basket_9;basket_10,basket_10,1,21,3,FALSE,NA,match,1,4,4,203,4
1,basket_1;basket_2;basket_3;basket_4;basket_5;basket_6;basket_7;basket_8;basket_9;basket_10,basket_10,1,21,3,FALSE,NA,match,1,5,5,204,5
1,basket_1;basket_2;basket_3;basket_4;basket_5;basket_6;basket_7;basket_8;basket_9;basket_10,basket_10,1,21,3,FALSE,NA,match,1,6,6,205,6
1,basket_1;basket_2;basket_3;basket_4;basket_5;basket_6;basket_7;basket_8;basket_9;basket_10,basket_10,1,21,3,FALSE,NA,match,1,7,7,206,7
1,basket_1;basket_2;basket_3;basket_4;basket_5;basket_6;basket_7;basket_8;basket_9;basket_10,basket_10,1,21,3,FALSE,NA,match,1,8,8,207,8
1,basket_1;basket_2;basket_3;basket_4;basket_5;basket_6;basket_7;basket_8;basket_9;basket_10,basket_10,1,21,3,FALSE,NA,match,1,9,9,208,9
1,basket_1;basket_2;basket_3;basket_4;basket_5;basket_6;basket_7;basket_8;basket_9;basket_10,basket_10,1,21,3,FALSE,NA,match,1,10,10,209,10
1,basket_1;basket_2;basket_3;basket_4;basket_5;basket_6;basket_7;basket_8;basket_9;basket_10,basket_8,1,22,3,FALSE,NA,match,1,1,1,210,1
1,basket_1;basket_2;basket_3;basket_4;basket_5;basket_6;basket_7;basket_8;basket_9;basket_10,basket_8,1,22,3,FALSE,NA,match,1,2,2,211,2
1,basket_1;basket_2;basket_3;basket_4;basket_5;basket_6;basket_7;basket_8;basket_9;basket_10,basket_8,1,22,3,FALSE,NA,match,1,3,3,212,3
1,basket_1;basket_2;basket_3;basket_4;basket_5;basket_6;basket_7;basket_8;basket_9;basket_10,basket_8,1,22,3,FALSE,NA,match,1,4,4,213,4
1,basket_1;basket_2;basket_3;basket_4;basket_5;basket_6;basket_7;basket_8;basket_9;basket_10,basket_8,1,22,3,FALSE,NA,match,1,5,5,214,5
1,basket_1;basket_2;basket_3;basket_4;basket_5;basket_6;basket_7;basket_8;basket_9;basket_10,basket_8,1,22,3,FALSE,NA,match,1,6,6,215,6
1,basket_1;basket_2;basket_3;basket_4;basket_5;basket_6;basket_7;basket_8;basket_9;basket_10,basket_8,1,22,3,FALSE,NA,match,1,7,7,216,7
1,basket_1;basket_2;basket_3;basket_4;basket_5;basket_6;basket_7;basket_8;basket_9;basket_10,basket_8,1,22,3,FALSE,NA,match,1,8,8,217,8
1,basket_1;basket_2;basket_3;basket_4;basket_5;basket_6;basket_7;basket_8;basket_9;basket_10,basket_8,1,22,3,FALSE,NA,match,1,9,9,218,9
1,basket_1;basket_2;basket_3;basket_4;basket_5;basket_6;basket_7;basket_8;basket_9;basket_10,basket_8,1,22,3,FALSE,NA,match,1,10,10,219,10
1,basket_1;basket_2;basket_3;basket_4;basket_5;basket_6;basket_7;basket_8;basket_9;basket_10,basket_2,1,23,3,FALSE,NA,match,1,1,1,220,1
1,basket_1;basket_2;basket_3;basket_4;basket_5;basket_6;basket_7;basket_8;basket_9;basket_10,basket_2,1,23,3,FALSE,NA,match,1,2,2,221,2
1,basket_1;basket_2;basket_3;basket_4;basket_5;basket_6;basket_7;basket_8;basket_9;basket_10,basket_2,1,23,3,FALSE,NA,match,1,3,3,222,3
1,basket_1;basket_2;basket_3;basket_4;basket_5;basket_6;basket_7;basket_8;basket_9;basket_10,basket_2,1,23,3,FALSE,NA,match,1,4,4,223,4
1,basket_1;basket_2;basket_3;basket_4;basket_5;basket_6;basket_7;basket_8;basket_9;basket_10,basket_2,1,23,3,FALSE,NA,match,1,5,5,224,5
1,basket_1;basket_2;basket_3;basket_4;basket_5;basket_6;basket_7;basket_8;basket_9;basket_10,basket_2,1,23,3,FALSE,NA,match,1,6,6,225,6
1,basket_1;basket_2;basket_3;basket_4;basket_5;basket_6;basket_7;basket_8;basket_9;basket_10,basket_2,1,23,3,FALSE,NA,match,1,7,7,226,7
1,basket_1;basket_2;basket_3;basket_4;basket_5;basket_6;basket_7;basket_8;basket_9;basket_10,basket_2,1,23,3,FALSE,NA,match,1,8,8,227,8
1,basket_1;basket_2;basket_3;basket_4;basket_5;basket_6;basket_7;basket_8;basket_9;basket_10,basket_2,1,23,3,FALSE,NA,match,1,9,9,228,9
1,basket_1;basket_2;basket_3;basket_4;basket_5;basket_6;basket_7;basket_8;basket_9;basket_10,basket_2,1,23,3,FALSE,NA,match,1,10,10,229,10
1,basket_1;basket_2;basket_3;basket_4;basket_5;basket_6;basket_7;basket_8;basket_9;basket_10,basket_4,1,24,3,FALSE,NA,match,1,1,1,230,1
1,basket_1;basket_2;basket_3;basket_4;basket_5;basket_6;basket_7;basket_8;basket_9;basket_10,basket_4,1,24,3,FALSE,NA,match,1,2,2,231,2
1,basket_1;basket_2;basket_3;basket_4;basket_5;basket_6;basket_7;basket_8;basket_9;basket_10,basket_4,1,24,3,FALSE,NA,match,1,3,3,232,3
1,basket_1;basket_2;basket_3;basket_4;basket_5;basket_6;basket_7;basket_8;basket_9;basket_10,basket_4,1,24,3,FALSE,NA,match,1,4,4,233,4
1,basket_1;basket_2;basket_3;basket_4;basket_5;basket_6;basket_7;basket_8;basket_9;basket_10,basket_4,1,24,3,FALSE,NA,match,1,5,5,234,5
1,basket_1;basket_2;basket_3;basket_4;basket_5;basket_6;basket_7;basket_8;basket_9;basket_10,basket_4,1,24,3,FALSE,NA,match,1,6,6,235,6
1,basket_1;basket_2;basket_3;basket_4;basket_5;basket_6;basket_7;basket_8;basket_9;basket_10,basket_4,1,24,3,FALSE,NA,match,1,7,7,236,7
1,basket_1;basket_2;basket_3;basket_4;basket_5;basket_6;basket_7;basket_8;basket_9;basket_10,basket_4,1,24,3,FALSE,NA,match,1,8,8,237,8
1,basket_1;basket_2;basket_3;basket_4;basket_5;basket_6;basket_7;basket_8;basket_9;basket_10,basket_4,1,24,3,FALSE,NA,match,1,9,9,238,9
1,basket_1;basket_2;basket_3;basket_4;basket_5;basket_6;basket_7;basket_8;basket_9;basket_10,basket_4,1,24,3,FALSE,NA,match,1,10,10,239,10
1,basket_1;basket_2;basket_3;basket_4;basket_5;basket_6;basket_7;basket_8;basket_9;basket_10,basket_6,1,25,3,FALSE,NA,match,1,1,1,240,1
1,basket_1;basket_2;basket_3;basket_4;basket_5;basket_6;basket_7;basket_8;basket_9;basket_10,basket_6,1,25,3,FALSE,NA,match,1,2,2,241,2
1,basket_1;basket_2;basket_3;basket_4;basket_5;basket_6;basket_7;basket_8;basket_9;basket_10,basket_6,1,25,3,FALSE,NA,match,1,3,3,242,3
1,basket_1;basket_2;basket_3;basket_4;basket_5;basket_6;basket_7;basket_8;basket_9;basket_10,basket_6,1,25,3,FALSE,NA,match,1,4,4,243,4
1,basket_1;basket_2;basket_3;basket_4;basket_5;basket_6;basket_7;basket_8;basket_9;basket_10,basket_6,1,25,3,FALSE,NA,match,1,5,5,244,5
1,basket_1;basket_2;basket_3;basket_4;basket_5;basket_6;basket_7;basket_8;basket_9;basket_10,basket_6,1,25,3,FALSE,NA,match,1,7,7,245,7
1,basket_1;basket_2;basket_3;basket_4;basket_5;basket_6;basket_7;basket_8;basket_9;basket_10,basket_6,1,25,3,FALSE,NA,match,1,8,8,246,8
1,basket_1;basket_2;basket_3;basket_4;basket_5;basket_6;basket_7;basket_8;basket_9;basket_10,basket_6,1,25,3,FALSE,NA,match,1,9,9,247,9
1,basket_1;basket_2;basket_3;basket_4;basket_5;basket_6;basket_7;basket_8;basket_9;basket_10,basket_6,1,25,3,FALSE,NA,match,1,10,10,248,10
1,basket_1;basket_2;basket_3;basket_4;basket_5;basket_6;basket_7;basket_8;basket_9;basket_10,basket_5,1,26,3,FALSE,NA,match,1,1,1,249,1
1,basket_1;basket_2;basket_3;basket_4;basket_5;basket_6;basket_7;basket_8;basket_9;basket_10,basket_5,1,26,3,FALSE,NA,match,1,2,2,250,2
1,basket_1;basket_2;basket_3;basket_4;basket_5;basket_6;basket_7;basket_8;basket_9;basket_10,basket_5,1,26,3,FALSE,NA,match,1,3,3,251,3
1,basket_1;basket_2;basket_3;basket_4;basket_5;basket_6;basket_7;basket_8;basket_9;basket_10,basket_5,1,26,3,FALSE,NA,match,1,4,4,252,4
1,basket_1;basket_2;basket_3;basket_4;basket_5;basket_6;basket_7;basket_8;basket_9;basket_10,basket_5,1,26,3,FALSE,NA,match,1,5,5,253,5
1,basket_1;basket_2;basket_3;basket_4;basket_5;basket_6;basket_7;basket_8;basket_9;basket_10,basket_5,1,26,3,FALSE,NA,match,1,6,6,254,6
1,basket_1;basket_2;basket_3;basket_4;basket_5;basket_6;basket_7;basket_8;basket_9;basket_10,basket_5,1,26,3,FALSE,NA,match,1,7,7,255,7
1,basket_1;basket_2;basket_3;basket_4;basket_5;basket_6;basket_7;basket_8;basket_9;basket_10,basket_5,1,26,3,FALSE,NA,match,1,8,8,256,8
1,basket_1;basket_2;basket_3;basket_4;basket_5;basket_6;basket_7;basket_8;basket_9;basket_10,basket_5,1,26,3,FALSE,NA,match,1,9,9,257,9
1,basket_1;basket_2;basket_3;basket_4;basket_5;basket_6;basket_7;basket_8;basket_9;basket_10,basket_5,1,26,3,FALSE,NA,match,1,10,10,258,10
1,basket_1;basket_2;basket_3;basket_4;basket_5;basket_6;basket_7;basket_8;basket_9;basket_10,basket_7,1,27,3,FALSE,NA,match,1,1,1,259,1
1,basket_1;basket_2;basket_3;basket_4;basket_5;basket_6;basket_7;basket_8;basket_9;basket_10,basket_7,1,27,3,FALSE,NA,match,1,2,2,260,2
1,basket_1;basket_2;basket_3;basket_4;basket_5;basket_6;basket_7;basket_8;basket_9;basket_10,basket_7,1,27,3,FALSE,NA,match,1,3,3,261,3
1,basket_1;basket_2;basket_3;basket_4;basket_5;basket_6;basket_7;basket_8;basket_9;basket_10,basket_7,1,27,3,FALSE,NA,match,1,4,4,262,4
1,basket_1;basket_2;basket_3;basket_4;basket_5;basket_6;basket_7;basket_8;basket_9;basket_10,basket_7,1,27,3,FALSE,NA,match,1,5,5,263,5
1,basket_1;basket_2;basket_3;basket_4;basket_5;basket_6;basket_7;basket_8;basket_9;basket_10,basket_7,1,27,3,FALSE,NA,match,1,6,6,264,6
1,basket_1;basket_2;basket_3;basket_4;basket_5;basket_6;basket_7;basket_8;basket_9;basket_10,basket_7,1,27,3,FALSE,NA,match,1,7,7,265,7
1,basket_1;basket_2;basket_3;basket_4;basket_5;basket_6;basket_7;basket_8;basket_9;basket_10,basket_7,1,27,3,FALSE,NA,match,1,8,8,266,8
1,basket_1;basket_2;basket_3;basket_4;basket_5;basket_6;basket_7;basket_8;basket_9;basket_10,basket_7,1,27,3,FALSE,NA,match,1,9,9,267,9
1,basket_1;basket_2;basket_3;basket_4;basket_5;basket_6;basket_7;basket_8;basket_9;basket_10,basket_7,1,27,3,FALSE,NA,match,1,10,10,268,10
1,basket_1;basket_2;basket_3;basket_4;basket_5;basket_6;basket_7;basket_8;basket_9;basket_10,basket_3,1,28,3,FALSE,NA,match,1,1,1,269,1
1,basket_1;basket_2;basket_3;basket_4;basket_5;basket_6;basket_7;basket_8;basket_9;basket_10,basket_3,1,28,3,FALSE,NA,match,1,2,2,270,2
1,basket_1;basket_2;basket_3;basket_4;basket_5;basket_6;basket_7;basket_8;basket_9;basket_10,basket_3,1,28,3,FALSE,NA,match,1,3,3,271,3
1,basket_1;basket_2;basket_3;basket_4;basket_5;basket_6;basket_7;basket_8;basket_9;basket_10,basket_3,1,28,3,FALSE,NA,match,1,4,4,272,4
1,basket_1;basket_2;basket_3;basket_4;basket_5;basket_6;basket_7;basket_8;basket_9;basket_10,basket_3,1,28,3,FALSE,NA,match,1,5,5,273,5
1,basket_1;basket_2;basket_3;basket_4;basket_5;basket_6;basket_7;basket_8;basket_9;basket_10,basket_3,1,28,3,FALSE,NA,match,1,6,6,274,6
1,basket_1;basket_2;basket_3;basket_4;basket_5;basket_6;basket_7;basket_8;basket_9;basket_10,basket_3,1,28,3,FALSE,NA,match,1,7,7,275,7
1,basket_1;basket_2;basket_3;basket_4;basket_5;basket_6;basket_7;basket_8;basket_9;basket_10,basket_3,1,28,3,FALSE,NA,match,1,8,8,276,8
1,basket_1;basket_2;basket_3;basket_4;basket_5;basket_6;basket_7;basket_8;basket_9;basket_10,basket_3,1,28,3,FALSE,NA,match,1,9,9,277,9
1,basket_1;basket_2;basket_3;basket_4;basket_5;basket_6;basket_7;basket_8;basket_9;basket_10,basket_3,1,28,3,FALSE,NA,match,1,10,10,278,10
1,basket_1;basket_2;basket_3;basket_4;basket_5;basket_6;basket_7;basket_8;basket_9;basket_10,basket_9,1,29,3,FALSE,NA,match,1,1,1,279,1
1,basket_1;basket_2;basket_3;basket_4;basket_5;basket_6;basket_7;basket_8;basket_9;basket_10,basket_9,1,29,3,FALSE,NA,match,1,2,2,280,2
1,basket_1;basket_2;basket_3;basket_4;basket_5;basket_6;basket_7;basket_8;basket_9;basket_10,basket_9,1,29,3,FALSE,NA,match,1,3,3,281,3
1,basket_1;basket_2;basket_3;basket_4;basket_5;basket_6;basket_7;basket_8;basket_9;basket_10,basket_9,1,29,3,FALSE,NA,match,1,4,4,282,4
1,basket_1;basket_2;basket_3;basket_4;basket_5;basket_6;basket_7;basket_8;basket_9;basket_10,basket_9,1,29,3,FALSE,NA,match,1,5,5,283,5
1,basket_1;basket_2;basket_3;basket_4;basket_5;basket_6;basket_7;basket_8;basket_9;basket_10,basket_9,1,29,3,FALSE,NA,match,1,6,6,284,6
1,basket_1;basket_2;basket_3;basket_4;basket_5;basket_6;basket_7;basket_8;basket_9;basket_10,basket_9,1,29,3,FALSE,NA,match,1,7,7,285,7
1,basket_1;basket_2;basket_3;basket_4;basket_5;basket_6;basket_7;basket_8;basket_9;basket_10,basket_9,1,29,3,FALSE,NA,match,1,8,8,286,8
1,basket_1;basket_2;basket_3;basket_4;basket_5;basket_6;basket_7;basket_8;basket_9;basket_10,basket_9,1,29,3,FALSE,NA,match,1,9,9,287,9
1,basket_1;basket_2;basket_3;basket_4;basket_5;basket_6;basket_7;basket_8;basket_9;basket_10,basket_9,1,29,3,FALSE,NA,match,1,10,10,288,10
1,basket_1;basket_2;basket_3;basket_4;basket_5;basket_6;basket_7;basket_8;basket_9;basket_10,basket_1,1,30,3,FALSE,NA,match,1,1,1,289,1
1,basket_1;basket_2;basket_3;basket_4;basket_5;basket_6;basket_7;basket_8;basket_9;basket_10,basket_1,1,30,3,FALSE,NA,match,1,2,2,290,2
1,basket_1;basket_2;basket_3;basket_4;basket_5;basket_6;basket_7;basket_8;basket_9;basket_10,basket_1,1,30,3,FALSE,NA,match,1,3,3,291,3
1,basket_1;basket_2;basket_3;basket_4;basket_5;basket_6;basket_7;basket_8;basket_9;basket_10,basket_1,1,30,3,FALSE,NA,match,1,4,4,292,4
1,basket_1;basket_2;basket_3;basket_4;basket_5;basket_6;basket_7;basket_8;basket_9;basket_10,basket_1,1,30,3,FALSE,NA,match,1,5,5,293,5
1,basket_1;basket_2;basket_3;basket_4;basket_5;basket_6;basket_7;basket_8;basket_9;basket_10,basket_1,1,30,3,FALSE,NA,match,1,6,6,294,6
1,basket_1;basket_2;basket_3;basket_4;basket_5;basket_6;basket_7;basket_8;basket_9;basket_10,basket_1,1,30,3,FALSE,NA,match,1,7,7,295,7
1,basket_1;basket_2;basket_3;basket_4;basket_5;basket_6;basket_7;basket_8;basket_9;basket_10,basket_1,1,30,3,FALSE,NA,match,1,8,8,296,8
1,basket_1;basket_2;basket_3;basket_4;basket_5;basket_6;basket_7;basket_8;basket_9;basket_10,basket_1,1,30,3,FALSE,NA,match,1,9,9,297,9
1,basket_1;basket_2;basket_3;basket_4;basket_5;basket_6;basket_7;basket_8;basket_9;basket_10,basket_1,1,30,3,FALSE,NA,match,1,10,10,298,10
1,basket_1;basket_2;basket_3;basket_4;basket_5;basket_6;basket_7;basket_8;basket_9;basket_10,basket_8,1,31,4,FALSE,NA,match,1,1,1,299,1
1,basket_1;basket_2;basket_3;basket_4;basket_5;basket_6;basket_7;basket_8;basket_9;basket_10,basket_8,1,31,4,FALSE,NA,match,1,2,2,300,2
1,basket_1;basket_2;basket_3;basket_4;basket_5;basket_6;basket_7;basket_8;basket_9;basket_10,basket_8,1,31,4,FALSE,NA,match,1,3,3,301,3
1,basket_1;basket_2;basket_3;basket_4;basket_5;basket_6;basket_7;basket_8;basket_9;basket_10,basket_8,1,31,4,FALSE,NA,match,1,4,4,302,4
1,basket_1;basket_2;basket_3;basket_4;basket_5;basket_6;basket_7;basket_8;basket_9;basket_10,basket_8,1,31,4,FALSE,NA,match,1,5,5,303,5
1,basket_1;basket_2;basket_3;basket_4;basket_5;basket_6;basket_7;basket_8;basket_9;basket_10,basket_8,1,31,4,FALSE,NA,match,1,6,6,304,6
1,basket_1;basket_2;basket_3;basket_4;basket_5;basket_6;basket_7;basket_8;basket_9;basket_10,basket_8,1,31,4,FALSE,NA,match,1,7,7,305,7
1,basket_1;basket_2;basket_3;basket_4;basket_5;basket_6;basket_7;basket_8;basket_9;basket_10,basket_8,1,31,4,FALSE,NA,match,1,8,8,306,8
1,basket_1;basket_2;basket_3;basket_4;basket_5;basket_6;basket_7;basket_8;basket_9;basket_10,basket_8,1,31,4,FALSE,NA,match,1,9,9,307,9
1,basket_1;basket_2;basket_3;basket_4;basket_5;basket_6;basket_7;basket_8;basket_9;basket_10,basket_8,1,31,4,FALSE,NA,match,1,10,10,308,10
1,basket_1;basket_2;basket_3;basket_4;basket_5;basket_6;basket_7;basket_8;basket_9;basket_10,basket_2,1,32,4,FALSE,NA,match,1,1,1,309,1
1,basket_1;basket_2;basket_3;basket_4;basket_5;basket_6;basket_7;basket_8;basket_9;basket_10,basket_2,1,32,4,FALSE,NA,match,1,2,2,310,2
1,basket_1;basket_2;basket_3;basket_4;basket_5;basket_6;basket_7;basket_8;basket_9;basket_10,basket_2,1,32,4,FALSE,NA,match,1,4,4,311,4
1,basket_1;basket_2;basket_3;basket_4;basket_5;basket_6;basket_7;basket_8;basket_9;basket_10,basket_2,1,32,4,FALSE,NA,match,1,5,5,312,5
1,basket_1;basket_2;basket_3;basket_4;basket_5;basket_6;basket_7;basket_8;basket_9;basket_10,basket_2,1,32,4,FALSE,NA,match,1,6,6,313,6
1,basket_1;basket_2;basket_3;basket_4;basket_5;basket_6;basket_7;basket_8;basket_9;basket_10,basket_2,1,32,4,FALSE,NA,match,1,7,7,314,7
1,basket_1;basket_2;basket_3;basket_4;basket_5;basket_6;basket_7;basket_8;basket_9;basket_10,basket_2,1,32,4,FALSE,NA,match,1,8,8,315,8
1,basket_1;basket_2;basket_3;basket_4;basket_5;basket_6;basket_7;basket_8;basket_9;basket_10,basket_2,1,32,4,FALSE,NA,match,1,9,9,316,9
1,basket_1;basket_2;basket_3;basket_4;basket_5;basket_6;basket_7;basket_8;basket_9;basket_10,basket_2,1,32,4,FALSE,NA,match,1,10,10,317,10
1,basket_1;basket_2;basket_3;basket_4;basket_5;basket_6;basket_7;basket_8;basket_9;basket_10,basket_6,1,33,4,FALSE,NA,match,1,1,1,318,1
1,basket_1;basket_2;basket_3;basket_4;basket_5;basket_6;basket_7;basket_8;basket_9;basket_10,basket_6,1,33,4,FALSE,NA,match,1,2,2,319,2
1,basket_1;basket_2;basket_3;basket_4;basket_5;basket_6;basket_7;basket_8;basket_9;basket_10,basket_6,1,33,4,FALSE,NA,match,1,3,3,320,3
1,basket_1;basket_2;basket_3;basket_4;basket_5;basket_6;basket_7;basket_8;basket_9;basket_10,basket_6,1,33,4,FALSE,NA,match,1,4,4,321,4
1,basket_1;basket_2;basket_3;basket_4;basket_5;basket_6;basket_7;basket_8;basket_9;basket_10,basket_6,1,33,4,FALSE,NA,match,1,5,5,322,5
1,basket_1;basket_2;basket_3;basket_4;basket_5;basket_6;basket_7;basket_8;basket_9;basket_10,basket_6,1,33,4,FALSE,NA,match,1,6,6,323,6
1,basket_1;basket_2;basket_3;basket_4;basket_5;basket_6;basket_7;basket_8;basket_9;basket_10,basket_6,1,33,4,FALSE,NA,match,1,7,7,324,7
1,basket_1;basket_2;basket_3;basket_4;basket_5;basket_6;basket_7;basket_8;basket_9;basket_10,basket_6,1,33,4,FALSE,NA,match,1,8,8,325,8
1,basket_1;basket_2;basket_3;basket_4;basket_5;basket_6;basket_7;basket_8;basket_9;basket_10,basket_6,1,33,4,FALSE,NA,match,1,9,9,326,9
1,basket_1;basket_2;basket_3;basket_4;basket_5;basket_6;basket_7;basket_8;basket_9;basket_10,basket_6,1,33,4,FALSE,NA,match,1,10,10,327,10
1,basket_1;basket_2;basket_3;basket_4;basket_5;basket_6;basket_7;basket_8;basket_9;basket_10,basket_4,1,34,4,FALSE,NA,match,1,1,1,328,1
1,basket_1;basket_2;basket_3;basket_4;basket_5;basket_6;basket_7;basket_8;basket_9;basket_10,basket_4,1,34,4,FALSE,NA,match,1,2,2,329,2
1,basket_1;basket_2;basket_3;basket_4;basket_5;basket_6;basket_7;basket_8;basket_9;basket_10,basket_4,1,34,4,FALSE,NA,match,1,3,3,330,3
1,basket_1;basket_2;basket_3;basket_4;basket_5;basket_6;basket_7;basket_8;basket_9;basket_10,basket_4,1,34,4,FALSE,NA,match,1,4,4,331,4
1,basket_1;basket_2;basket_3;basket_4;basket_5;basket_6;basket_7;basket_8;basket_9;basket_10,basket_4,1,34,4,FALSE,NA,match,1,5,5,332,5
1,basket_1;basket_2;basket_3;basket_4;basket_5;basket_6;basket_7;basket_8;basket_9;basket_10,basket_4,1,34,4,FALSE,NA,match,1,6,6,333,6
1,basket_1;basket_2;basket_3;basket_4;basket_5;basket_6;basket_7;basket_8;basket_9;basket_10,basket_4,1,34,4,FALSE,NA,match,1,7,7,334,7
1,basket_1;basket_2;basket_3;basket_4;basket_5;basket_6;basket_7;basket_8;basket_9;basket_10,basket_4,1,34,4,FALSE,NA,match,1,8,8,335,8
1,basket_1;basket_2;basket_3;basket_4;basket_5;basket_6;basket_7;basket_8;basket_9;basket_10,basket_4,1,34,4,FALSE,NA,match,1,9,9,336,9
1,basket_1;basket_2;basket_3;basket_4;basket_5;basket_6;basket_7;basket_8;basket_9;basket_10,basket_4,1,34,4,FALSE,NA,match,1,10,10,337,10
1,basket_1;basket_2;basket_3;basket_4;basket_5;basket_6;basket_7;basket_8;basket_9;basket_10,basket_1,1,35,4,FALSE,NA,match,1,1,1,338,1
1,basket_1;basket_2;basket_3;basket_4;basket_5;basket_6;basket_7;basket_8;basket_9;basket_10,basket_1,1,35,4,FALSE,NA,match,1,2,2,339,2
1,basket_1;basket_2;basket_3;basket_4;basket_5;basket_6;basket_7;basket_8;basket_9;basket_10,basket_1,1,35,4,FALSE,NA,match,1,3,3,340,3
1,basket_1;basket_2;basket_3;basket_4;basket_5;basket_6;basket_7;basket_8;basket_9;basket_10,basket_1,1,35,4,FALSE,NA,match,1,4,4,341,4
1,basket_1;basket_2;basket_3;basket_4;basket_5;basket_6;basket_7;basket_8;basket_9;basket_10,basket_1,1,35,4,FALSE,NA,match,1,5,5,342,5
1,basket_1;basket_2;basket_3;basket_4;basket_5;basket_6;basket_7;basket_8;basket_9;basket_10,basket_1,1,35,4,FALSE,NA,match,1,6,6,343,6
1,basket_1;basket_2;basket_3;basket_4;basket_5;basket_6;basket_7;basket_8;basket_9;basket_10,basket_1,1,35,4,FALSE,NA,match,1,7,7,344,7
1,basket_1;basket_2;basket_3;basket_4;basket_5;basket_6;basket_7;basket_8;basket_9;basket_10,basket_1,1,35,4,FALSE,NA,match,1,8,8,345,8
1,basket_1;basket_2;basket_3;basket_4;basket_5;basket_6;basket_7;basket_8;basket_9;basket_10,basket_1,1,35,4,FALSE,NA,match,1,9,9,346,9
1,basket_1;basket_2;basket_3;basket_4;basket_5;basket_6;basket_7;basket_8;basket_9;basket_10,basket_1,1,35,4,FALSE,NA,match,1,10,10,347,10
1,basket_1;basket_2;basket_3;basket_4;basket_5;basket_6;basket_7;basket_8;basket_9;basket_10,basket_10,1,36,4,FALSE,NA,match,1,1,1,348,1
1,basket_1;basket_2;basket_3;basket_4;basket_5;basket_6;basket_7;basket_8;basket_9;basket_10,basket_10,1,36,4,FALSE,NA,match,1,2,2,349,2
1,basket_1;basket_2;basket_3;basket_4;basket_5;basket_6;basket_7;basket_8;basket_9;basket_10,basket_10,1,36,4,FALSE,NA,match,1,3,3,350,3
1,basket_1;basket_2;basket_3;basket_4;basket_5;basket_6;basket_7;basket_8;basket_9;basket_10,basket_10,1,36,4,FALSE,NA,match,1,4,4,351,4
1,basket_1;basket_2;basket_3;basket_4;basket_5;basket_6;basket_7;basket_8;basket_9;basket_10,basket_10,1,36,4,FALSE,NA,match,1,5,5,352,5
1,basket_1;basket_2;basket_3;basket_4;basket_5;basket_6;basket_7;basket_8;basket_9;basket_10,basket_10,1,36,4,FALSE,NA,match,1,6,6,353,6
1,basket_1;basket_2;basket_3;basket_4;basket_5;basket_6;basket_7;basket_8;basket_9;basket_10,basket_10,1,36,4,FALSE,NA,match,1,7,7,354,7
1,basket_1;basket_2;basket_3;basket_4;basket_5;basket_6;basket_7;basket_8;basket_9;basket_10,basket_10,1,36,4,FALSE,NA,match,1,8,8,355,8
1,basket_1;basket_2;basket_3;basket_4;basket_5;basket_6;basket_7;basket_8;basket_9;basket_10,basket_10,1,36,4,FALSE,NA,match,1,9,9,356,9
1,basket_1;basket_2;basket_3;basket_4;basket_5;basket_6;basket_7;basket_8;basket_9;basket_10,basket_10,1,36,4,FALSE,NA,match,1,10,10,357,10
1,basket_1;basket_2;basket_3;basket_4;basket_5;basket_6;basket_7;basket_8;basket_9;basket_10,basket_5,1,37,4,FALSE,NA,match,1,1,1,358,1
1,basket_1;basket_2;basket_3;basket_4;basket_5;basket_6;basket_7;basket_8;basket_9;basket_10,basket_5,1,37,4,FALSE,NA,match,1,2,2,359,2
1,basket_1;basket_2;basket_3;basket_4;basket_5;basket_6;basket_7;basket_8;basket_9;basket_10,basket_5,1,37,4,FALSE,NA,match,1,3,3,360,3
1,basket_1;basket_2;basket_3;basket_4;basket_5;basket_6;basket_7;basket_8;basket_9;basket_10,basket_5,1,37,4,FALSE,NA,match,1,4,4,361,4
1,basket_1;basket_2;basket_3;basket_4;basket_5;basket_6;basket_7;basket_8;basket_9;basket_10,basket_5,1,37,4,FALSE,NA,match,1,5,5,362,5
1,basket_1;basket_2;basket_3;basket_4;basket_5;basket_6;basket_7;basket_8;basket_9;basket_10,basket_5,1,37,4,FALSE,NA,match,1,6,6,363,6
1,basket_1;basket_2;basket_3;basket_4;basket_5;basket_6;basket_7;basket_8;basket_9;basket_10,basket_5,1,37,4,FALSE,NA,match,1,7,7,364,7
1,basket_1;basket_2;basket_3;basket_4;basket_5;basket_6;basket_7;basket_8;basket_9;basket_10,basket_5,1,37,4,FALSE,NA,match,1,8,8,365,8
1,basket_1;basket_2;basket_3;basket_4;basket_5;basket_6;basket_7;basket_8;basket_9;basket_10,basket_5,1,37,4,FALSE,NA,match,1,9,9,366,9
1,basket_1;basket_2;basket_3;basket_4;basket_5;basket_6;basket_7;basket_8;basket_9;basket_10,basket_5,1,37,4,FALSE,NA,match,1,10,10,367,10
1,basket_1;basket_2;basket_3;basket_4;basket_5;basket_6;basket_7;basket_8;basket_9;basket_10,basket_7,1,38,4,FALSE,NA,match,1,1,1,368,1
1,basket_1;basket_2;basket_3;basket_4;basket_5;basket_6;basket_7;basket_8;basket_9;basket_10,basket_7,1,38,4,FALSE,NA,match,1,2,2,369,2
1,basket_1;basket_2;basket_3;basket_4;basket_5;basket_6;basket_7;basket_8;basket_9;basket_10,basket_7,1,38,4,FALSE,NA,match,1,3,3,370,3
1,basket_1;basket_2;basket_3;basket_4;basket_5;basket_6;basket_7;basket_8;basket_9;basket_10,basket_7,1,38,4,FALSE,NA,match,1,4,4,371,4
1,basket_1;basket_2;basket_3;basket_4;basket_5;basket_6;basket_7;basket_8;basket_9;basket_10,basket_7,1,38,4,FALSE,NA,match,1,5,5,372,5
1,basket_1;basket_2;basket_3;basket_4;basket_5;basket_6;basket_7;basket_8;basket_9;basket_10,basket_7,1,38,4,FALSE,NA,match,1,6,6,373,6
1,basket_1;basket_2;basket_3;basket_4;basket_5;basket_6;basket_7;basket_8;basket_9;basket_10,basket_7,1,38,4,FALSE,NA,match,1,7,7,374,7
1,basket_1;basket_2;basket_3;basket_4;basket_5;basket_6;basket_7;basket_8;basket_9;basket_10,basket_7,1,38,4,FALSE,NA,match,1,8,8,375,8
1,basket_1;basket_2;basket_3;basket_4;basket_5;basket_6;basket_7;basket_8;basket_9;basket_10,basket_7,1,38,4,FALSE,NA,match,1,9,9,376,9
1,basket_1;basket_2;basket_3;basket_4;basket_5;basket_6;basket_7;basket_8;basket_9;basket_10,basket_7,1,38,4,FALSE,NA,match,1,10,10,377,10
1,basket_1;basket_2;basket_3;basket_4;basket_5;basket_6;basket_7;basket_8;basket_9;basket_10,basket_3,1,39,4,FALSE,NA,match,1,1,1,378,1
1,basket_1;basket_2;basket_3;basket_4;basket_5;basket_6;basket_7;basket_8;basket_9;basket_10,basket_3,1,39,4,FALSE,NA,match,1,2,2,379,2
1,basket_1;basket_2;basket_3;basket_4;basket_5;basket_6;basket_7;basket_8;basket_9;basket_10,basket_3,1,39,4,FALSE,NA,match,1,3,3,380,3
1,basket_1;basket_2;basket_3;basket_4;basket_5;basket_6;basket_7;basket_8;basket_9;basket_10,basket_3,1,39,4,FALSE,NA,match,1,4,4,381,4
1,basket_1;basket_2;basket_3;basket_4;basket_5;basket_6;basket_7;basket_8;basket_9;basket_10,basket_3,1,39,4,FALSE,NA,match,1,5,5,382,5
1,basket_1;basket_2;basket_3;basket_4;basket_5;basket_6;basket_7;basket_8;basket_9;basket_10,basket_3,1,39,4,FALSE,NA,match,1,6,6,383,6
1,basket_1;basket_2;basket_3;basket_4;basket_5;basket_6;basket_7;basket_8;basket_9;basket_10,basket_3,1,39,4,FALSE,NA,match,1,7,7,384,7
1,basket_1;basket_2;basket_3;basket_4;basket_5;basket_6;basket_7;basket_8;basket_9;basket_10,basket_3,1,39,4,FALSE,NA,match,1,8,8,385,8
1,basket_1;basket_2;basket_3;basket_4;basket_5;basket_6;basket_7;basket_8;basket_9;basket_10,basket_3,1,39,4,FALSE,NA,match,1,9,9,386,9
1,basket_1;basket_2;basket_3;basket_4;basket_5;basket_6;basket_7;basket_8;basket_9;basket_10,basket_3,1,39,4,FALSE,NA,match,1,10,10,387,10
1,basket_1;basket_2;basket_3;basket_4;basket_5;basket_6;basket_7;basket_8;basket_9;basket_10,basket_9,1,40,4,FALSE,NA,match,1,1,1,388,1
1,basket_1;basket_2;basket_3;basket_4;basket_5;basket_6;basket_7;basket_8;basket_9;basket_10,basket_9,1,40,4,FALSE,NA,match,1,2,2,389,2
1,basket_1;basket_2;basket_3;basket_4;basket_5;basket_6;basket_7;basket_8;basket_9;basket_10,basket_9,1,40,4,FALSE,NA,match,1,3,3,390,3
1,basket_1;basket_2;basket_3;basket_4;basket_5;basket_6;basket_7;basket_8;basket_9;basket_10,basket_9,1,40,4,FALSE,NA,match,1,4,4,391,4
1,basket_1;basket_2;basket_3;basket_4;basket_5;basket_6;basket_7;basket_8;basket_9;basket_10,basket_9,1,40,4,FALSE,NA,match,1,5,5,392,5
1,basket_1;basket_2;basket_3;basket_4;basket_5;basket_6;basket_7;basket_8;basket_9;basket_10,basket_9,1,40,4,FALSE,NA,match,1,6,6,393,6
1,basket_1;basket_2;basket_3;basket_4;basket_5;basket_6;basket_7;basket_8;basket_9;basket_10,basket_9,1,40,4,FALSE,NA,match,1,7,7,394,7
1,basket_1;basket_2;basket_3;basket_4;basket_5;basket_6;basket_7;basket_8;basket_9;basket_10,basket_9,1,40,4,FALSE,NA,match,1,8,8,395,8
1,basket_1;basket_2;basket_3;basket_4;basket_5;basket_6;basket_7;basket_8;basket_9;basket_10,basket_9,1,40,4,FALSE,NA,match,1,9,9,396,9
1,basket_1;basket_2;basket_3;basket_4;basket_5;basket_6;basket_7;basket_8;basket_9;basket_10,basket_9,1,40,4,FALSE,NA,match,1,10,10,397,10
1,dog_1;dog_2;dog_3;dog_4;dog_5;dog_6;dog_7;dog_8;dog_9;dog_10,dog_2,1,1,1,FALSE,NA,match,1,11,11,398,11
1,dog_1;dog_2;dog_3;dog_4;dog_5;dog_6;dog_7;dog_8;dog_9;dog_10,dog_2,1,1,1,FALSE,NA,match,1,12,12,399,12
1,dog_1;dog_2;dog_3;dog_4;dog_5;dog_6;dog_7;dog_8;dog_9;dog_10,dog_2,1,1,1,FALSE,NA,match,1,13,13,400,13
1,dog_1;dog_2;dog_3;dog_4;dog_5;dog_6;dog_7;dog_8;dog_9;dog_10,dog_2,1,1,1,FALSE,NA,match,1,14,14,401,14
1,dog_1;dog_2;dog_3;dog_4;dog_5;dog_6;dog_7;dog_8;dog_9;dog_10,dog_2,1,1,1,FALSE,NA,match,1,15,15,402,15
1,dog_1;dog_2;dog_3;dog_4;dog_5;dog_6;dog_7;dog_8;dog_9;dog_10,dog_2,1,1,1,FALSE,NA,match,1,16,16,403,16
1,dog_1;dog_2;dog_3;dog_4;dog_5;dog_6;dog_7;dog_8;dog_9;dog_10,dog_2,1,1,1,FALSE,NA,match,1,17,17,404,17
1,dog_1;dog_2;dog_3;dog_4;dog_5;dog_6;dog_7;dog_8;dog_9;dog_10,dog_2,1,1,1,FALSE,NA,match,1,18,18,405,18
1,dog_1;dog_2;dog_3;dog_4;dog_5;dog_6;dog_7;dog_8;dog_9;dog_10,dog_2,1,1,1,FALSE,NA,match,1,19,19,406,19
1,dog_1;dog_2;dog_3;dog_4;dog_5;dog_6;dog_7;dog_8;dog_9;dog_10,dog_2,1,1,1,FALSE,NA,match,1,20,20,407,20
1,dog_1;dog_2;dog_3;dog_4;dog_5;dog_6;dog_7;dog_8;dog_9;dog_10,dog_8,1,2,1,FALSE,NA,match,1,11,11,408,11
1,dog_1;dog_2;dog_3;dog_4;dog_5;dog_6;dog_7;dog_8;dog_9;dog_10,dog_8,1,2,1,FALSE,NA,match,1,12,12,409,12
1,dog_1;dog_2;dog_3;dog_4;dog_5;dog_6;dog_7;dog_8;dog_9;dog_10,dog_8,1,2,1,FALSE,NA,match,1,13,13,410,13
1,dog_1;dog_2;dog_3;dog_4;dog_5;dog_6;dog_7;dog_8;dog_9;dog_10,dog_8,1,2,1,FALSE,NA,match,1,14,14,411,14
1,dog_1;dog_2;dog_3;dog_4;dog_5;dog_6;dog_7;dog_8;dog_9;dog_10,dog_8,1,2,1,FALSE,NA,match,1,15,15,412,15
1,dog_1;dog_2;dog_3;dog_4;dog_5;dog_6;dog_7;dog_8;dog_9;dog_10,dog_8,1,2,1,FALSE,NA,match,1,16,16,413,16
1,dog_1;dog_2;dog_3;dog_4;dog_5;dog_6;dog_7;dog_8;dog_9;dog_10,dog_8,1,2,1,FALSE,NA,match,1,17,17,414,17
1,dog_1;dog_2;dog_3;dog_4;dog_5;dog_6;dog_7;dog_8;dog_9;dog_10,dog_8,1,2,1,FALSE,NA,match,1,18,18,415,18
1,dog_1;dog_2;dog_3;dog_4;dog_5;dog_6;dog_7;dog_8;dog_9;dog_10,dog_8,1,2,1,FALSE,NA,match,1,19,19,416,19
1,dog_1;dog_2;dog_3;dog_4;dog_5;dog_6;dog_7;dog_8;dog_9;dog_10,dog_8,1,2,1,FALSE,NA,match,1,20,20,417,20
1,dog_1;dog_2;dog_3;dog_4;dog_5;dog_6;dog_7;dog_8;dog_9;dog_10,dog_4,1,3,1,FALSE,NA,match,1,11,11,418,11
1,dog_1;dog_2;dog_3;dog_4;dog_5;dog_6;dog_7;dog_8;dog_9;dog_10,dog_4,1,3,1,FALSE,NA,match,1,12,12,419,12
1,dog_1;dog_2;dog_3;dog_4;dog_5;dog_6;dog_7;dog_8;dog_9;dog_10,dog_4,1,3,1,FALSE,NA,match,1,13,13,420,13
1,dog_1;dog_2;dog_3;dog_4;dog_5;dog_6;dog_7;dog_8;dog_9;dog_10,dog_4,1,3,1,FALSE,NA,match,1,14,14,421,14
1,dog_1;dog_2;dog_3;dog_4;dog_5;dog_6;dog_7;dog_8;dog_9;dog_10,dog_4,1,3,1,FALSE,NA,match,1,15,15,422,15
1,dog_1;dog_2;dog_3;dog_4;dog_5;dog_6;dog_7;dog_8;dog_9;dog_10,dog_4,1,3,1,FALSE,NA,match,1,16,16,423,16
1,dog_1;dog_2;dog_3;dog_4;dog_5;dog_6;dog_7;dog_8;dog_9;dog_10,dog_4,1,3,1,FALSE,NA,match,1,17,17,424,17
1,dog_1;dog_2;dog_3;dog_4;dog_5;dog_6;dog_7;dog_8;dog_9;dog_10,dog_4,1,3,1,FALSE,NA,match,1,18,18,425,18
1,dog_1;dog_2;dog_3;dog_4;dog_5;dog_6;dog_7;dog_8;dog_9;dog_10,dog_4,1,3,1,FALSE,NA,match,1,19,19,426,19
1,dog_1;dog_2;dog_3;dog_4;dog_5;dog_6;dog_7;dog_8;dog_9;dog_10,dog_4,1,3,1,FALSE,NA,match,1,20,20,427,20
1,dog_1;dog_2;dog_3;dog_4;dog_5;dog_6;dog_7;dog_8;dog_9;dog_10,dog_10,1,4,1,FALSE,NA,match,1,11,11,428,11
1,dog_1;dog_2;dog_3;dog_4;dog_5;dog_6;dog_7;dog_8;dog_9;dog_10,dog_10,1,4,1,FALSE,NA,match,1,12,12,429,12
1,dog_1;dog_2;dog_3;dog_4;dog_5;dog_6;dog_7;dog_8;dog_9;dog_10,dog_10,1,4,1,FALSE,NA,match,1,13,13,430,13
1,dog_1;dog_2;dog_3;dog_4;dog_5;dog_6;dog_7;dog_8;dog_9;dog_10,dog_10,1,4,1,FALSE,NA,match,1,14,14,431,14
1,dog_1;dog_2;dog_3;dog_4;dog_5;dog_6;dog_7;dog_8;dog_9;dog_10,dog_10,1,4,1,FALSE,NA,match,1,15,15,432,15
1,dog_1;dog_2;dog_3;dog_4;dog_5;dog_6;dog_7;dog_8;dog_9;dog_10,dog_10,1,4,1,FALSE,NA,match,1,16,16,433,16
1,dog_1;dog_2;dog_3;dog_4;dog_5;dog_6;dog_7;dog_8;dog_9;dog_10,dog_10,1,4,1,FALSE,NA,match,1,17,17,434,17
1,dog_1;dog_2;dog_3;dog_4;dog_5;dog_6;dog_7;dog_8;dog_9;dog_10,dog_10,1,4,1,FALSE,NA,match,1,18,18,435,18
1,dog_1;dog_2;dog_3;dog_4;dog_5;dog_6;dog_7;dog_8;dog_9;dog_10,dog_10,1,4,1,FALSE,NA,match,1,19,19,436,19
1,dog_1;dog_2;dog_3;dog_4;dog_5;dog_6;dog_7;dog_8;dog_9;dog_10,dog_10,1,4,1,FALSE,NA,match,1,20,20,437,20
1,dog_1;dog_2;dog_3;dog_4;dog_5;dog_6;dog_7;dog_8;dog_9;dog_10,dog_6,1,5,1,FALSE,NA,match,1,11,11,438,11
1,dog_1;dog_2;dog_3;dog_4;dog_5;dog_6;dog_7;dog_8;dog_9;dog_10,dog_6,1,5,1,FALSE,NA,match,1,12,12,439,12
1,dog_1;dog_2;dog_3;dog_4;dog_5;dog_6;dog_7;dog_8;dog_9;dog_10,dog_6,1,5,1,FALSE,NA,match,1,13,13,440,13
1,dog_1;dog_2;dog_3;dog_4;dog_5;dog_6;dog_7;dog_8;dog_9;dog_10,dog_6,1,5,1,FALSE,NA,match,1,14,14,441,14
1,dog_1;dog_2;dog_3;dog_4;dog_5;dog_6;dog_7;dog_8;dog_9;dog_10,dog_6,1,5,1,FALSE,NA,match,1,15,15,442,15
1,dog_1;dog_2;dog_3;dog_4;dog_5;dog_6;dog_7;dog_8;dog_9;dog_10,dog_6,1,5,1,FALSE,NA,match,1,16,16,443,16
1,dog_1;dog_2;dog_3;dog_4;dog_5;dog_6;dog_7;dog_8;dog_9;dog_10,dog_6,1,5,1,FALSE,NA,match,1,17,17,444,17
1,dog_1;dog_2;dog_3;dog_4;dog_5;dog_6;dog_7;dog_8;dog_9;dog_10,dog_6,1,5,1,FALSE,NA,match,1,18,18,445,18
1,dog_1;dog_2;dog_3;dog_4;dog_5;dog_6;dog_7;dog_8;dog_9;dog_10,dog_6,1,5,1,FALSE,NA,match,1,19,19,446,19
1,dog_1;dog_2;dog_3;dog_4;dog_5;dog_6;dog_7;dog_8;dog_9;dog_10,dog_6,1,5,1,FALSE,NA,match,1,20,20,447,20
1,dog_1;dog_2;dog_3;dog_4;dog_5;dog_6;dog_7;dog_8;dog_9;dog_10,dog_3,1,6,1,FALSE,NA,match,1,11,11,448,11
1,dog_1;dog_2;dog_3;dog_4;dog_5;dog_6;dog_7;dog_8;dog_9;dog_10,dog_3,1,6,1,FALSE,NA,match,1,12,12,449,12
1,dog_1;dog_2;dog_3;dog_4;dog_5;dog_6;dog_7;dog_8;dog_9;dog_10,dog_3,1,6,1,FALSE,NA,match,1,13,13,450,13
1,dog_1;dog_2;dog_3;dog_4;dog_5;dog_6;dog_7;dog_8;dog_9;dog_10,dog_3,1,6,1,FALSE,NA,match,1,14,14,451,14
1,dog_1;dog_2;dog_3;dog_4;dog_5;dog_6;dog_7;dog_8;dog_9;dog_10,dog_3,1,6,1,FALSE,NA,match,1,15,15,452,15
1,dog_1;dog_2;dog_3;dog_4;dog_5;dog_6;dog_7;dog_8;dog_9;dog_10,dog_3,1,6,1,FALSE,NA,match,1,16,16,453,16
1,dog_1;dog_2;dog_3;dog_4;dog_5;dog_6;dog_7;dog_8;dog_9;dog_10,dog_3,1,6,1,FALSE,NA,match,1,17,17,454,17
1,dog_1;dog_2;dog_3;dog_4;dog_5;dog_6;dog_7;dog_8;dog_9;dog_10,dog_3,1,6,1,FALSE,NA,match,1,18,18,455,18
1,dog_1;dog_2;dog_3;dog_4;dog_5;dog_6;dog_7;dog_8;dog_9;dog_10,dog_3,1,6,1,FALSE,NA,match,1,19,19,456,19
1,dog_1;dog_2;dog_3;dog_4;dog_5;dog_6;dog_7;dog_8;dog_9;dog_10,dog_3,1,6,1,FALSE,NA,match,1,20,20,457,20
1,dog_1;dog_2;dog_3;dog_4;dog_5;dog_6;dog_7;dog_8;dog_9;dog_10,dog_7,1,7,1,FALSE,NA,match,1,11,11,458,11
1,dog_1;dog_2;dog_3;dog_4;dog_5;dog_6;dog_7;dog_8;dog_9;dog_10,dog_7,1,7,1,FALSE,NA,match,1,12,12,459,12
1,dog_1;dog_2;dog_3;dog_4;dog_5;dog_6;dog_7;dog_8;dog_9;dog_10,dog_7,1,7,1,FALSE,NA,match,1,13,13,460,13
1,dog_1;dog_2;dog_3;dog_4;dog_5;dog_6;dog_7;dog_8;dog_9;dog_10,dog_7,1,7,1,FALSE,NA,match,1,14,14,461,14
1,dog_1;dog_2;dog_3;dog_4;dog_5;dog_6;dog_7;dog_8;dog_9;dog_10,dog_7,1,7,1,FALSE,NA,match,1,15,15,462,15
1,dog_1;dog_2;dog_3;dog_4;dog_5;dog_6;dog_7;dog_8;dog_9;dog_10,dog_7,1,7,1,FALSE,NA,match,1,16,16,463,16
1,dog_1;dog_2;dog_3;dog_4;dog_5;dog_6;dog_7;dog_8;dog_9;dog_10,dog_7,1,7,1,FALSE,NA,match,1,17,17,464,17
1,dog_1;dog_2;dog_3;dog_4;dog_5;dog_6;dog_7;dog_8;dog_9;dog_10,dog_7,1,7,1,FALSE,NA,match,1,18,18,465,18
1,dog_1;dog_2;dog_3;dog_4;dog_5;dog_6;dog_7;dog_8;dog_9;dog_10,dog_7,1,7,1,FALSE,NA,match,1,19,19,466,19
1,dog_1;dog_2;dog_3;dog_4;dog_5;dog_6;dog_7;dog_8;dog_9;dog_10,dog_7,1,7,1,FALSE,NA,match,1,20,20,467,20
1,dog_1;dog_2;dog_3;dog_4;dog_5;dog_6;dog_7;dog_8;dog_9;dog_10,dog_1,1,8,1,FALSE,NA,match,1,11,11,468,11
1,dog_1;dog_2;dog_3;dog_4;dog_5;dog_6;dog_7;dog_8;dog_9;dog_10,dog_1,1,8,1,FALSE,NA,match,1,12,12,469,12
1,dog_1;dog_2;dog_3;dog_4;dog_5;dog_6;dog_7;dog_8;dog_9;dog_10,dog_1,1,8,1,FALSE,NA,match,1,13,13,470,13
1,dog_1;dog_2;dog_3;dog_4;dog_5;dog_6;dog_7;dog_8;dog_9;dog_10,dog_1,1,8,1,FALSE,NA,match,1,14,14,471,14
1,dog_1;dog_2;dog_3;dog_4;dog_5;dog_6;dog_7;dog_8;dog_9;dog_10,dog_1,1,8,1,FALSE,NA,match,1,15,15,472,15
1,dog_1;dog_2;dog_3;dog_4;dog_5;dog_6;dog_7;dog_8;dog_9;dog_10,dog_1,1,8,1,FALSE,NA,match,1,16,16,473,16
1,dog_1;dog_2;dog_3;dog_4;dog_5;dog_6;dog_7;dog_8;dog_9;dog_10,dog_1,1,8,1,FALSE,NA,match,1,17,17,474,17
1,dog_1;dog_2;dog_3;dog_4;dog_5;dog_6;dog_7;dog_8;dog_9;dog_10,dog_1,1,8,1,FALSE,NA,match,1,18,18,475,18
1,dog_1;dog_2;dog_3;dog_4;dog_5;dog_6;dog_7;dog_8;dog_9;dog_10,dog_1,1,8,1,FALSE,NA,match,1,19,19,476,19
1,dog_1;dog_2;dog_3;dog_4;dog_5;dog_6;dog_7;dog_8;dog_9;dog_10,dog_1,1,8,1,FALSE,NA,match,1,20,20,477,20
1,dog_1;dog_2;dog_3;dog_4;dog_5;dog_6;dog_7;dog_8;dog_9;dog_10,dog_9,1,9,1,FALSE,NA,match,1,11,11,478,11
1,dog_1;dog_2;dog_3;dog_4;dog_5;dog_6;dog_7;dog_8;dog_9;dog_10,dog_9,1,9,1,FALSE,NA,match,1,12,12,479,12
1,dog_1;dog_2;dog_3;dog_4;dog_5;dog_6;dog_7;dog_8;dog_9;dog_10,dog_9,1,9,1,FALSE,NA,match,1,13,13,480,13
1,dog_1;dog_2;dog_3;dog_4;dog_5;dog_6;dog_7;dog_8;dog_9;dog_10,dog_9,1,9,1,FALSE,NA,match,1,14,14,481,14
1,dog_1;dog_2;dog_3;dog_4;dog_5;dog_6;dog_7;dog_8;dog_9;dog_10,dog_9,1,9,1,FALSE,NA,match,1,15,15,482,15
1,dog_1;dog_2;dog_3;dog_4;dog_5;dog_6;dog_7;dog_8;dog_9;dog_10,dog_9,1,9,1,FALSE,NA,match,1,16,16,483,16
1,dog_1;dog_2;dog_3;dog_4;dog_5;dog_6;dog_7;dog_8;dog_9;dog_10,dog_9,1,9,1,FALSE,NA,match,1,17,17,484,17
1,dog_1;dog_2;dog_3;dog_4;dog_5;dog_6;dog_7;dog_8;dog_9;dog_10,dog_9,1,9,1,FALSE,NA,match,1,18,18,485,18
1,dog_1;dog_2;dog_3;dog_4;dog_5;dog_6;dog_7;dog_8;dog_9;dog_10,dog_9,1,9,1,FALSE,NA,match,1,19,19,486,19
1,dog_1;dog_2;dog_3;dog_4;dog_5;dog_6;dog_7;dog_8;dog_9;dog_10,dog_9,1,9,1,FALSE,NA,match,1,20,20,487,20
1,dog_1;dog_2;dog_3;dog_4;dog_5;dog_6;dog_7;dog_8;dog_9;dog_10,dog_5,1,10,1,FALSE,NA,match,1,11,11,488,11
1,dog_1;dog_2;dog_3;dog_4;dog_5;dog_6;dog_7;dog_8;dog_9;dog_10,dog_5,1,10,1,FALSE,NA,match,1,12,12,489,12
1,dog_1;dog_2;dog_3;dog_4;dog_5;dog_6;dog_7;dog_8;dog_9;dog_10,dog_5,1,10,1,FALSE,NA,match,1,13,13,490,13
1,dog_1;dog_2;dog_3;dog_4;dog_5;dog_6;dog_7;dog_8;dog_9;dog_10,dog_5,1,10,1,FALSE,NA,match,1,14,14,491,14
1,dog_1;dog_2;dog_3;dog_4;dog_5;dog_6;dog_7;dog_8;dog_9;dog_10,dog_5,1,10,1,FALSE,NA,match,1,15,15,492,15
1,dog_1;dog_2;dog_3;dog_4;dog_5;dog_6;dog_7;dog_8;dog_9;dog_10,dog_5,1,10,1,FALSE,NA,match,1,16,16,493,16
1,dog_1;dog_2;dog_3;dog_4;dog_5;dog_6;dog_7;dog_8;dog_9;dog_10,dog_5,1,10,1,FALSE,NA,match,1,17,17,494,17
1,dog_1;dog_2;dog_3;dog_4;dog_5;dog_6;dog_7;dog_8;dog_9;dog_10,dog_5,1,10,1,FALSE,NA,match,1,18,18,495,18
1,dog_1;dog_2;dog_3;dog_4;dog_5;dog_6;dog_7;dog_8;dog_9;dog_10,dog_5,1,10,1,FALSE,NA,match,1,19,19,496,19
1,dog_1;dog_2;dog_3;dog_4;dog_5;dog_6;dog_7;dog_8;dog_9;dog_10,dog_5,1,10,1,FALSE,NA,match,1,20,20,497,20
1,dog_1;dog_2;dog_3;dog_4;dog_5;dog_6;dog_7;dog_8;dog_9;dog_10,dog_1,1,11,2,FALSE,NA,match,1,11,11,498,11
1,dog_1;dog_2;dog_3;dog_4;dog_5;dog_6;dog_7;dog_8;dog_9;dog_10,dog_1,1,11,2,FALSE,NA,match,1,12,12,499,12
1,dog_1;dog_2;dog_3;dog_4;dog_5;dog_6;dog_7;dog_8;dog_9;dog_10,dog_1,1,11,2,FALSE,NA,match,1,13,13,500,13
1,dog_1;dog_2;dog_3;dog_4;dog_5;dog_6;dog_7;dog_8;dog_9;dog_10,dog_1,1,11,2,FALSE,NA,match,1,14,14,501,14
1,dog_1;dog_2;dog_3;dog_4;dog_5;dog_6;dog_7;dog_8;dog_9;dog_10,dog_1,1,11,2,FALSE,NA,match,1,15,15,502,15
1,dog_1;dog_2;dog_3;dog_4;dog_5;dog_6;dog_7;dog_8;dog_9;dog_10,dog_1,1,11,2,FALSE,NA,match,1,16,16,503,16
1,dog_1;dog_2;dog_3;dog_4;dog_5;dog_6;dog_7;dog_8;dog_9;dog_10,dog_1,1,11,2,FALSE,NA,match,1,17,17,504,17
1,dog_1;dog_2;dog_3;dog_4;dog_5;dog_6;dog_7;dog_8;dog_9;dog_10,dog_1,1,11,2,FALSE,NA,match,1,18,18,505,18
1,dog_1;dog_2;dog_3;dog_4;dog_5;dog_6;dog_7;dog_8;dog_9;dog_10,dog_1,1,11,2,FALSE,NA,match,1,19,19,506,19
1,dog_1;dog_2;dog_3;dog_4;dog_5;dog_6;dog_7;dog_8;dog_9;dog_10,dog_1,1,11,2,FALSE,NA,match,1,20,20,507,20
1,dog_1;dog_2;dog_3;dog_4;dog_5;dog_6;dog_7;dog_8;dog_9;dog_10,dog_2,1,12,2,FALSE,NA,match,1,11,11,508,11
1,dog_1;dog_2;dog_3;dog_4;dog_5;dog_6;dog_7;dog_8;dog_9;dog_10,dog_2,1,12,2,FALSE,NA,match,1,12,12,509,12
1,dog_1;dog_2;dog_3;dog_4;dog_5;dog_6;dog_7;dog_8;dog_9;dog_10,dog_2,1,12,2,FALSE,NA,match,1,13,13,510,13
1,dog_1;dog_2;dog_3;dog_4;dog_5;dog_6;dog_7;dog_8;dog_9;dog_10,dog_2,1,12,2,FALSE,NA,match,1,14,14,511,14
1,dog_1;dog_2;dog_3;dog_4;dog_5;dog_6;dog_7;dog_8;dog_9;dog_10,dog_2,1,12,2,FALSE,NA,match,1,15,15,512,15
1,dog_1;dog_2;dog_3;dog_4;dog_5;dog_6;dog_7;dog_8;dog_9;dog_10,dog_2,1,12,2,FALSE,NA,match,1,16,16,513,16
1,dog_1;dog_2;dog_3;dog_4;dog_5;dog_6;dog_7;dog_8;dog_9;dog_10,dog_2,1,12,2,FALSE,NA,match,1,17,17,514,17
1,dog_1;dog_2;dog_3;dog_4;dog_5;dog_6;dog_7;dog_8;dog_9;dog_10,dog_2,1,12,2,FALSE,NA,match,1,18,18,515,18
1,dog_1;dog_2;dog_3;dog_4;dog_5;dog_6;dog_7;dog_8;dog_9;dog_10,dog_2,1,12,2,FALSE,NA,match,1,19,19,516,19
1,dog_1;dog_2;dog_3;dog_4;dog_5;dog_6;dog_7;dog_8;dog_9;dog_10,dog_2,1,12,2,FALSE,NA,match,1,20,20,517,20
1,dog_1;dog_2;dog_3;dog_4;dog_5;dog_6;dog_7;dog_8;dog_9;dog_10,dog_3,1,13,2,FALSE,NA,match,1,11,11,518,11
1,dog_1;dog_2;dog_3;dog_4;dog_5;dog_6;dog_7;dog_8;dog_9;dog_10,dog_3,1,13,2,FALSE,NA,match,1,12,12,519,12
1,dog_1;dog_2;dog_3;dog_4;dog_5;dog_6;dog_7;dog_8;dog_9;dog_10,dog_3,1,13,2,FALSE,NA,match,1,13,13,520,13
1,dog_1;dog_2;dog_3;dog_4;dog_5;dog_6;dog_7;dog_8;dog_9;dog_10,dog_3,1,13,2,FALSE,NA,match,1,14,14,521,14
1,dog_1;dog_2;dog_3;dog_4;dog_5;dog_6;dog_7;dog_8;dog_9;dog_10,dog_3,1,13,2,FALSE,NA,match,1,15,15,522,15
1,dog_1;dog_2;dog_3;dog_4;dog_5;dog_6;dog_7;dog_8;dog_9;dog_10,dog_3,1,13,2,FALSE,NA,match,1,16,16,523,16
1,dog_1;dog_2;dog_3;dog_4;dog_5;dog_6;dog_7;dog_8;dog_9;dog_10,dog_3,1,13,2,FALSE,NA,match,1,17,17,524,17
1,dog_1;dog_2;dog_3;dog_4;dog_5;dog_6;dog_7;dog_8;dog_9;dog_10,dog_3,1,13,2,FALSE,NA,match,1,18,18,525,18
1,dog_1;dog_2;dog_3;dog_4;dog_5;dog_6;dog_7;dog_8;dog_9;dog_10,dog_3,1,13,2,FALSE,NA,match,1,19,19,526,19
1,dog_1;dog_2;dog_3;dog_4;dog_5;dog_6;dog_7;dog_8;dog_9;dog_10,dog_3,1,13,2,FALSE,NA,match,1,20,20,527,20
1,dog_1;dog_2;dog_3;dog_4;dog_5;dog_6;dog_7;dog_8;dog_9;dog_10,dog_4,1,14,2,FALSE,NA,match,1,11,11,528,11
1,dog_1;dog_2;dog_3;dog_4;dog_5;dog_6;dog_7;dog_8;dog_9;dog_10,dog_4,1,14,2,FALSE,NA,match,1,12,12,529,12
1,dog_1;dog_2;dog_3;dog_4;dog_5;dog_6;dog_7;dog_8;dog_9;dog_10,dog_4,1,14,2,FALSE,NA,match,1,13,13,530,13
1,dog_1;dog_2;dog_3;dog_4;dog_5;dog_6;dog_7;dog_8;dog_9;dog_10,dog_4,1,14,2,FALSE,NA,match,1,14,14,531,14
1,dog_1;dog_2;dog_3;dog_4;dog_5;dog_6;dog_7;dog_8;dog_9;dog_10,dog_4,1,14,2,FALSE,NA,match,1,15,15,532,15
1,dog_1;dog_2;dog_3;dog_4;dog_5;dog_6;dog_7;dog_8;dog_9;dog_10,dog_4,1,14,2,FALSE,NA,match,1,16,16,533,16
1,dog_1;dog_2;dog_3;dog_4;dog_5;dog_6;dog_7;dog_8;dog_9;dog_10,dog_4,1,14,2,FALSE,NA,match,1,17,17,534,17
1,dog_1;dog_2;dog_3;dog_4;dog_5;dog_6;dog_7;dog_8;dog_9;dog_10,dog_4,1,14,2,FALSE,NA,match,1,18,18,535,18
1,dog_1;dog_2;dog_3;dog_4;dog_5;dog_6;dog_7;dog_8;dog_9;dog_10,dog_4,1,14,2,FALSE,NA,match,1,19,19,536,19
1,dog_1;dog_2;dog_3;dog_4;dog_5;dog_6;dog_7;dog_8;dog_9;dog_10,dog_4,1,14,2,FALSE,NA,match,1,20,20,537,20
1,dog_1;dog_2;dog_3;dog_4;dog_5;dog_6;dog_7;dog_8;dog_9;dog_10,dog_5,1,15,2,FALSE,NA,match,1,11,11,538,11
1,dog_1;dog_2;dog_3;dog_4;dog_5;dog_6;dog_7;dog_8;dog_9;dog_10,dog_5,1,15,2,FALSE,NA,match,1,12,12,539,12
1,dog_1;dog_2;dog_3;dog_4;dog_5;dog_6;dog_7;dog_8;dog_9;dog_10,dog_5,1,15,2,FALSE,NA,match,1,13,13,540,13
1,dog_1;dog_2;dog_3;dog_4;dog_5;dog_6;dog_7;dog_8;dog_9;dog_10,dog_5,1,15,2,FALSE,NA,match,1,14,14,541,14
1,dog_1;dog_2;dog_3;dog_4;dog_5;dog_6;dog_7;dog_8;dog_9;dog_10,dog_5,1,15,2,FALSE,NA,match,1,15,15,542,15
1,dog_1;dog_2;dog_3;dog_4;dog_5;dog_6;dog_7;dog_8;dog_9;dog_10,dog_5,1,15,2,FALSE,NA,match,1,16,16,543,16
1,dog_1;dog_2;dog_3;dog_4;dog_5;dog_6;dog_7;dog_8;dog_9;dog_10,dog_5,1,15,2,FALSE,NA,match,1,17,17,544,17
1,dog_1;dog_2;dog_3;dog_4;dog_5;dog_6;dog_7;dog_8;dog_9;dog_10,dog_5,1,15,2,FALSE,NA,match,1,18,18,545,18
1,dog_1;dog_2;dog_3;dog_4;dog_5;dog_6;dog_7;dog_8;dog_9;dog_10,dog_5,1,15,2,FALSE,NA,match,1,19,19,546,19
1,dog_1;dog_2;dog_3;dog_4;dog_5;dog_6;dog_7;dog_8;dog_9;dog_10,dog_5,1,15,2,FALSE,NA,match,1,20,20,547,20
1,dog_1;dog_2;dog_3;dog_4;dog_5;dog_6;dog_7;dog_8;dog_9;dog_10,dog_6,1,16,2,FALSE,NA,match,1,11,11,548,11
1,dog_1;dog_2;dog_3;dog_4;dog_5;dog_6;dog_7;dog_8;dog_9;dog_10,dog_6,1,16,2,FALSE,NA,match,1,12,12,549,12
1,dog_1;dog_2;dog_3;dog_4;dog_5;dog_6;dog_7;dog_8;dog_9;dog_10,dog_6,1,16,2,FALSE,NA,match,1,13,13,550,13
1,dog_1;dog_2;dog_3;dog_4;dog_5;dog_6;dog_7;dog_8;dog_9;dog_10,dog_6,1,16,2,FALSE,NA,match,1,14,14,551,14
1,dog_1;dog_2;dog_3;dog_4;dog_5;dog_6;dog_7;dog_8;dog_9;dog_10,dog_6,1,16,2,FALSE,NA,match,1,15,15,552,15
1,dog_1;dog_2;dog_3;dog_4;dog_5;dog_6;dog_7;dog_8;dog_9;dog_10,dog_6,1,16,2,FALSE,NA,match,1,16,16,553,16
1,dog_1;dog_2;dog_3;dog_4;dog_5;dog_6;dog_7;dog_8;dog_9;dog_10,dog_6,1,16,2,FALSE,NA,match,1,17,17,554,17
1,dog_1;dog_2;dog_3;dog_4;dog_5;dog_6;dog_7;dog_8;dog_9;dog_10,dog_6,1,16,2,FALSE,NA,match,1,18,18,555,18
1,dog_1;dog_2;dog_3;dog_4;dog_5;dog_6;dog_7;dog_8;dog_9;dog_10,dog_6,1,16,2,FALSE,NA,match,1,19,19,556,19
1,dog_1;dog_2;dog_3;dog_4;dog_5;dog_6;dog_7;dog_8;dog_9;dog_10,dog_6,1,16,2,FALSE,NA,match,1,20,20,557,20
1,dog_1;dog_2;dog_3;dog_4;dog_5;dog_6;dog_7;dog_8;dog_9;dog_10,dog_7,1,17,2,FALSE,NA,match,1,11,11,558,11
1,dog_1;dog_2;dog_3;dog_4;dog_5;dog_6;dog_7;dog_8;dog_9;dog_10,dog_7,1,17,2,FALSE,NA,match,1,12,12,559,12
1,dog_1;dog_2;dog_3;dog_4;dog_5;dog_6;dog_7;dog_8;dog_9;dog_10,dog_7,1,17,2,FALSE,NA,match,1,13,13,560,13
1,dog_1;dog_2;dog_3;dog_4;dog_5;dog_6;dog_7;dog_8;dog_9;dog_10,dog_7,1,17,2,FALSE,NA,match,1,14,14,561,14
1,dog_1;dog_2;dog_3;dog_4;dog_5;dog_6;dog_7;dog_8;dog_9;dog_10,dog_7,1,17,2,FALSE,NA,match,1,15,15,562,15
1,dog_1;dog_2;dog_3;dog_4;dog_5;dog_6;dog_7;dog_8;dog_9;dog_10,dog_7,1,17,2,FALSE,NA,match,1,16,16,563,16
1,dog_1;dog_2;dog_3;dog_4;dog_5;dog_6;dog_7;dog_8;dog_9;dog_10,dog_7,1,17,2,FALSE,NA,match,1,17,17,564,17
1,dog_1;dog_2;dog_3;dog_4;dog_5;dog_6;dog_7;dog_8;dog_9;dog_10,dog_7,1,17,2,FALSE,NA,match,1,18,18,565,18
1,dog_1;dog_2;dog_3;dog_4;dog_5;dog_6;dog_7;dog_8;dog_9;dog_10,dog_7,1,17,2,FALSE,NA,match,1,19,19,566,19
1,dog_1;dog_2;dog_3;dog_4;dog_5;dog_6;dog_7;dog_8;dog_9;dog_10,dog_7,1,17,2,FALSE,NA,match,1,20,20,567,20
1,dog_1;dog_2;dog_3;dog_4;dog_5;dog_6;dog_7;dog_8;dog_9;dog_10,dog_8,1,18,2,FALSE,NA,match,1,11,11,568,11
1,dog_1;dog_2;dog_3;dog_4;dog_5;dog_6;dog_7;dog_8;dog_9;dog_10,dog_8,1,18,2,FALSE,NA,match,1,12,12,569,12
1,dog_1;dog_2;dog_3;dog_4;dog_5;dog_6;dog_7;dog_8;dog_9;dog_10,dog_8,1,18,2,FALSE,NA,match,1,13,13,570,13
1,dog_1;dog_2;dog_3;dog_4;dog_5;dog_6;dog_7;dog_8;dog_9;dog_10,dog_8,1,18,2,FALSE,NA,match,1,14,14,571,14
1,dog_1;dog_2;dog_3;dog_4;dog_5;dog_6;dog_7;dog_8;dog_9;dog_10,dog_8,1,18,2,FALSE,NA,match,1,15,15,572,15
1,dog_1;dog_2;dog_3;dog_4;dog_5;dog_6;dog_7;dog_8;dog_9;dog_10,dog_8,1,18,2,FALSE,NA,match,1,16,16,573,16
1,dog_1;dog_2;dog_3;dog_4;dog_5;dog_6;dog_7;dog_8;dog_9;dog_10,dog_8,1,18,2,FALSE,NA,match,1,17,17,574,17
1,dog_1;dog_2;dog_3;dog_4;dog_5;dog_6;dog_7;dog_8;dog_9;dog_10,dog_8,1,18,2,FALSE,NA,match,1,18,18,575,18
1,dog_1;dog_2;dog_3;dog_4;dog_5;dog_6;dog_7;dog_8;dog_9;dog_10,dog_8,1,18,2,FALSE,NA,match,1,19,19,576,19
1,dog_1;dog_2;dog_3;dog_4;dog_5;dog_6;dog_7;dog_8;dog_9;dog_10,dog_8,1,18,2,FALSE,NA,match,1,20,20,577,20
1,dog_1;dog_2;dog_3;dog_4;dog_5;dog_6;dog_7;dog_8;dog_9;dog_10,dog_9,1,19,2,FALSE,NA,match,1,11,11,578,11
1,dog_1;dog_2;dog_3;dog_4;dog_5;dog_6;dog_7;dog_8;dog_9;dog_10,dog_9,1,19,2,FALSE,NA,match,1,12,12,579,12
1,dog_1;dog_2;dog_3;dog_4;dog_5;dog_6;dog_7;dog_8;dog_9;dog_10,dog_9,1,19,2,FALSE,NA,match,1,13,13,580,13
1,dog_1;dog_2;dog_3;dog_4;dog_5;dog_6;dog_7;dog_8;dog_9;dog_10,dog_9,1,19,2,FALSE,NA,match,1,14,14,581,14
1,dog_1;dog_2;dog_3;dog_4;dog_5;dog_6;dog_7;dog_8;dog_9;dog_10,dog_9,1,19,2,FALSE,NA,match,1,15,15,582,15
1,dog_1;dog_2;dog_3;dog_4;dog_5;dog_6;dog_7;dog_8;dog_9;dog_10,dog_9,1,19,2,FALSE,NA,match,1,16,16,583,16
1,dog_1;dog_2;dog_3;dog_4;dog_5;dog_6;dog_7;dog_8;dog_9;dog_10,dog_9,1,19,2,FALSE,NA,match,1,17,17,584,17
1,dog_1;dog_2;dog_3;dog_4;dog_5;dog_6;dog_7;dog_8;dog_9;dog_10,dog_9,1,19,2,FALSE,NA,match,1,18,18,585,18
1,dog_1;dog_2;dog_3;dog_4;dog_5;dog_6;dog_7;dog_8;dog_9;dog_10,dog_9,1,19,2,FALSE,NA,match,1,19,19,586,19
1,dog_1;dog_2;dog_3;dog_4;dog_5;dog_6;dog_7;dog_8;dog_9;dog_10,dog_9,1,19,2,FALSE,NA,match,1,20,20,587,20
1,dog_1;dog_2;dog_3;dog_4;dog_5;dog_6;dog_7;dog_8;dog_9;dog_10,dog_10,1,20,2,FALSE,NA,match,1,11,11,588,11
1,dog_1;dog_2;dog_3;dog_4;dog_5;dog_6;dog_7;dog_8;dog_9;dog_10,dog_10,1,20,2,FALSE,NA,match,1,12,12,589,12
1,dog_1;dog_2;dog_3;dog_4;dog_5;dog_6;dog_7;dog_8;dog_9;dog_10,dog_10,1,20,2,FALSE,NA,match,1,13,13,590,13
1,dog_1;dog_2;dog_3;dog_4;dog_5;dog_6;dog_7;dog_8;dog_9;dog_10,dog_10,1,20,2,FALSE,NA,match,1,14,14,591,14
1,dog_1;dog_2;dog_3;dog_4;dog_5;dog_6;dog_7;dog_8;dog_9;dog_10,dog_10,1,20,2,FALSE,NA,match,1,15,15,592,15
1,dog_1;dog_2;dog_3;dog_4;dog_5;dog_6;dog_7;dog_8;dog_9;dog_10,dog_10,1,20,2,FALSE,NA,match,1,16,16,593,16
1,dog_1;dog_2;dog_3;dog_4;dog_5;dog_6;dog_7;dog_8;dog_9;dog_10,dog_10,1,20,2,FALSE,NA,match,1,17,17,594,17
1,dog_1;dog_2;dog_3;dog_4;dog_5;dog_6;dog_7;dog_8;dog_9;dog_10,dog_10,1,20,2,FALSE,NA,match,1,18,18,595,18
1,dog_1;dog_2;dog_3;dog_4;dog_5;dog_6;dog_7;dog_8;dog_9;dog_10,dog_10,1,20,2,FALSE,NA,match,1,19,19,596,19
1,dog_1;dog_2;dog_3;dog_4;dog_5;dog_6;dog_7;dog_8;dog_9;dog_10,dog_10,1,20,2,FALSE,NA,match,1,20,20,597,20
1,dog_1;dog_2;dog_3;dog_4;dog_5;dog_6;dog_7;dog_8;dog_9;dog_10,dog_6,1,21,3,FALSE,NA,match,1,11,11,598,11
1,dog_1;dog_2;dog_3;dog_4;dog_5;dog_6;dog_7;dog_8;dog_9;dog_10,dog_6,1,21,3,FALSE,NA,match,1,12,12,599,12
1,dog_1;dog_2;dog_3;dog_4;dog_5;dog_6;dog_7;dog_8;dog_9;dog_10,dog_6,1,21,3,FALSE,NA,match,1,13,13,600,13
1,dog_1;dog_2;dog_3;dog_4;dog_5;dog_6;dog_7;dog_8;dog_9;dog_10,dog_6,1,21,3,FALSE,NA,match,1,14,14,601,14
1,dog_1;dog_2;dog_3;dog_4;dog_5;dog_6;dog_7;dog_8;dog_9;dog_10,dog_6,1,21,3,FALSE,NA,match,1,15,15,602,15
1,dog_1;dog_2;dog_3;dog_4;dog_5;dog_6;dog_7;dog_8;dog_9;dog_10,dog_6,1,21,3,FALSE,NA,match,1,16,16,603,16
1,dog_1;dog_2;dog_3;dog_4;dog_5;dog_6;dog_7;dog_8;dog_9;dog_10,dog_6,1,21,3,FALSE,NA,match,1,17,17,604,17
1,dog_1;dog_2;dog_3;dog_4;dog_5;dog_6;dog_7;dog_8;dog_9;dog_10,dog_6,1,21,3,FALSE,NA,match,1,18,18,605,18
1,dog_1;dog_2;dog_3;dog_4;dog_5;dog_6;dog_7;dog_8;dog_9;dog_10,dog_6,1,21,3,FALSE,NA,match,1,19,19,606,19
1,dog_1;dog_2;dog_3;dog_4;dog_5;dog_6;dog_7;dog_8;dog_9;dog_10,dog_6,1,21,3,FALSE,NA,match,1,20,20,607,20
1,dog_1;dog_2;dog_3;dog_4;dog_5;dog_6;dog_7;dog_8;dog_9;dog_10,dog_5,1,22,3,FALSE,NA,match,1,11,11,608,11
1,dog_1;dog_2;dog_3;dog_4;dog_5;dog_6;dog_7;dog_8;dog_9;dog_10,dog_5,1,22,3,FALSE,NA,match,1,12,12,609,12
1,dog_1;dog_2;dog_3;dog_4;dog_5;dog_6;dog_7;dog_8;dog_9;dog_10,dog_5,1,22,3,FALSE,NA,match,1,13,13,610,13
1,dog_1;dog_2;dog_3;dog_4;dog_5;dog_6;dog_7;dog_8;dog_9;dog_10,dog_5,1,22,3,FALSE,NA,match,1,14,14,611,14
1,dog_1;dog_2;dog_3;dog_4;dog_5;dog_6;dog_7;dog_8;dog_9;dog_10,dog_5,1,22,3,FALSE,NA,match,1,15,15,612,15
1,dog_1;dog_2;dog_3;dog_4;dog_5;dog_6;dog_7;dog_8;dog_9;dog_10,dog_5,1,22,3,FALSE,NA,match,1,16,16,613,16
1,dog_1;dog_2;dog_3;dog_4;dog_5;dog_6;dog_7;dog_8;dog_9;dog_10,dog_5,1,22,3,FALSE,NA,match,1,17,17,614,17
1,dog_1;dog_2;dog_3;dog_4;dog_5;dog_6;dog_7;dog_8;dog_9;dog_10,dog_5,1,22,3,FALSE,NA,match,1,18,18,615,18
1,dog_1;dog_2;dog_3;dog_4;dog_5;dog_6;dog_7;dog_8;dog_9;dog_10,dog_5,1,22,3,FALSE,NA,match,1,19,19,616,19
1,dog_1;dog_2;dog_3;dog_4;dog_5;dog_6;dog_7;dog_8;dog_9;dog_10,dog_5,1,22,3,FALSE,NA,match,1,20,20,617,20
1,dog_1;dog_2;dog_3;dog_4;dog_5;dog_6;dog_7;dog_8;dog_9;dog_10,dog_9,1,23,3,FALSE,NA,match,1,11,11,618,11
1,dog_1;dog_2;dog_3;dog_4;dog_5;dog_6;dog_7;dog_8;dog_9;dog_10,dog_9,1,23,3,FALSE,NA,match,1,12,12,619,12
1,dog_1;dog_2;dog_3;dog_4;dog_5;dog_6;dog_7;dog_8;dog_9;dog_10,dog_9,1,23,3,FALSE,NA,match,1,13,13,620,13
1,dog_1;dog_2;dog_3;dog_4;dog_5;dog_6;dog_7;dog_8;dog_9;dog_10,dog_9,1,23,3,FALSE,NA,match,1,14,14,621,14
1,dog_1;dog_2;dog_3;dog_4;dog_5;dog_6;dog_7;dog_8;dog_9;dog_10,dog_9,1,23,3,FALSE,NA,match,1,15,15,622,15
1,dog_1;dog_2;dog_3;dog_4;dog_5;dog_6;dog_7;dog_8;dog_9;dog_10,dog_9,1,23,3,FALSE,NA,match,1,16,16,623,16
1,dog_1;dog_2;dog_3;dog_4;dog_5;dog_6;dog_7;dog_8;dog_9;dog_10,dog_9,1,23,3,FALSE,NA,match,1,17,17,624,17
1,dog_1;dog_2;dog_3;dog_4;dog_5;dog_6;dog_7;dog_8;dog_9;dog_10,dog_9,1,23,3,FALSE,NA,match,1,18,18,625,18
1,dog_1;dog_2;dog_3;dog_4;dog_5;dog_6;dog_7;dog_8;dog_9;dog_10,dog_9,1,23,3,FALSE,NA,match,1,19,19,626,19
1,dog_1;dog_2;dog_3;dog_4;dog_5;dog_6;dog_7;dog_8;dog_9;dog_10,dog_9,1,23,3,FALSE,NA,match,1,20,20,627,20
1,dog_1;dog_2;dog_3;dog_4;dog_5;dog_6;dog_7;dog_8;dog_9;dog_10,dog_7,1,24,3,FALSE,NA,match,1,11,11,628,11
1,dog_1;dog_2;dog_3;dog_4;dog_5;dog_6;dog_7;dog_8;dog_9;dog_10,dog_7,1,24,3,FALSE,NA,match,1,12,12,629,12
1,dog_1;dog_2;dog_3;dog_4;dog_5;dog_6;dog_7;dog_8;dog_9;dog_10,dog_7,1,24,3,FALSE,NA,match,1,13,13,630,13
1,dog_1;dog_2;dog_3;dog_4;dog_5;dog_6;dog_7;dog_8;dog_9;dog_10,dog_7,1,24,3,FALSE,NA,match,1,14,14,631,14
1,dog_1;dog_2;dog_3;dog_4;dog_5;dog_6;dog_7;dog_8;dog_9;dog_10,dog_7,1,24,3,FALSE,NA,match,1,15,15,632,15
1,dog_1;dog_2;dog_3;dog_4;dog_5;dog_6;dog_7;dog_8;dog_9;dog_10,dog_7,1,24,3,FALSE,NA,match,1,16,16,633,16
1,dog_1;dog_2;dog_3;dog_4;dog_5;dog_6;dog_7;dog_8;dog_9;dog_10,dog_7,1,24,3,FALSE,NA,match,1,17,17,634,17
1,dog_1;dog_2;dog_3;dog_4;dog_5;dog_6;dog_7;dog_8;dog_9;dog_10,dog_7,1,24,3,FALSE,NA,match,1,18,18,635,18
1,dog_1;dog_2;dog_3;dog_4;dog_5;dog_6;dog_7;dog_8;dog_9;dog_10,dog_7,1,24,3,FALSE,NA,match,1,19,19,636,19
1,dog_1;dog_2;dog_3;dog_4;dog_5;dog_6;dog_7;dog_8;dog_9;dog_10,dog_7,1,24,3,FALSE,NA,match,1,20,20,637,20
1,dog_1;dog_2;dog_3;dog_4;dog_5;dog_6;dog_7;dog_8;dog_9;dog_10,dog_1,1,25,3,FALSE,NA,match,1,11,11,638,11
1,dog_1;dog_2;dog_3;dog_4;dog_5;dog_6;dog_7;dog_8;dog_9;dog_10,dog_1,1,25,3,FALSE,NA,match,1,12,12,639,12
1,dog_1;dog_2;dog_3;dog_4;dog_5;dog_6;dog_7;dog_8;dog_9;dog_10,dog_1,1,25,3,FALSE,NA,match,1,13,13,640,13
1,dog_1;dog_2;dog_3;dog_4;dog_5;dog_6;dog_7;dog_8;dog_9;dog_10,dog_1,1,25,3,FALSE,NA,match,1,14,14,641,14
1,dog_1;dog_2;dog_3;dog_4;dog_5;dog_6;dog_7;dog_8;dog_9;dog_10,dog_1,1,25,3,FALSE,NA,match,1,15,15,642,15
1,dog_1;dog_2;dog_3;dog_4;dog_5;dog_6;dog_7;dog_8;dog_9;dog_10,dog_1,1,25,3,FALSE,NA,match,1,16,16,643,16
1,dog_1;dog_2;dog_3;dog_4;dog_5;dog_6;dog_7;dog_8;dog_9;dog_10,dog_1,1,25,3,FALSE,NA,match,1,17,17,644,17
1,dog_1;dog_2;dog_3;dog_4;dog_5;dog_6;dog_7;dog_8;dog_9;dog_10,dog_1,1,25,3,FALSE,NA,match,1,18,18,645,18
1,dog_1;dog_2;dog_3;dog_4;dog_5;dog_6;dog_7;dog_8;dog_9;dog_10,dog_1,1,25,3,FALSE,NA,match,1,19,19,646,19
1,dog_1;dog_2;dog_3;dog_4;dog_5;dog_6;dog_7;dog_8;dog_9;dog_10,dog_1,1,25,3,FALSE,NA,match,1,20,20,647,20
1,dog_1;dog_2;dog_3;dog_4;dog_5;dog_6;dog_7;dog_8;dog_9;dog_10,dog_10,1,26,3,FALSE,NA,match,1,11,11,648,11
1,dog_1;dog_2;dog_3;dog_4;dog_5;dog_6;dog_7;dog_8;dog_9;dog_10,dog_10,1,26,3,FALSE,NA,match,1,12,12,649,12
1,dog_1;dog_2;dog_3;dog_4;dog_5;dog_6;dog_7;dog_8;dog_9;dog_10,dog_10,1,26,3,FALSE,NA,match,1,13,13,650,13
1,dog_1;dog_2;dog_3;dog_4;dog_5;dog_6;dog_7;dog_8;dog_9;dog_10,dog_10,1,26,3,FALSE,NA,match,1,14,14,651,14
1,dog_1;dog_2;dog_3;dog_4;dog_5;dog_6;dog_7;dog_8;dog_9;dog_10,dog_10,1,26,3,FALSE,NA,match,1,15,15,652,15
1,dog_1;dog_2;dog_3;dog_4;dog_5;dog_6;dog_7;dog_8;dog_9;dog_10,dog_10,1,26,3,FALSE,NA,match,1,16,16,653,16
1,dog_1;dog_2;dog_3;dog_4;dog_5;dog_6;dog_7;dog_8;dog_9;dog_10,dog_10,1,26,3,FALSE,NA,match,1,17,17,654,17
1,dog_1;dog_2;dog_3;dog_4;dog_5;dog_6;dog_7;dog_8;dog_9;dog_10,dog_10,1,26,3,FALSE,NA,match,1,18,18,655,18
1,dog_1;dog_2;dog_3;dog_4;dog_5;dog_6;dog_7;dog_8;dog_9;dog_10,dog_10,1,26,3,FALSE,NA,match,1,19,19,656,19
1,dog_1;dog_2;dog_3;dog_4;dog_5;dog_6;dog_7;dog_8;dog_9;dog_10,dog_10,1,26,3,FALSE,NA,match,1,20,20,657,20
1,dog_1;dog_2;dog_3;dog_4;dog_5;dog_6;dog_7;dog_8;dog_9;dog_10,dog_4,1,27,3,FALSE,NA,match,1,11,11,658,11
1,dog_1;dog_2;dog_3;dog_4;dog_5;dog_6;dog_7;dog_8;dog_9;dog_10,dog_4,1,27,3,FALSE,NA,match,1,12,12,659,12
1,dog_1;dog_2;dog_3;dog_4;dog_5;dog_6;dog_7;dog_8;dog_9;dog_10,dog_4,1,27,3,FALSE,NA,match,1,13,13,660,13
1,dog_1;dog_2;dog_3;dog_4;dog_5;dog_6;dog_7;dog_8;dog_9;dog_10,dog_4,1,27,3,FALSE,NA,match,1,14,14,661,14
1,dog_1;dog_2;dog_3;dog_4;dog_5;dog_6;dog_7;dog_8;dog_9;dog_10,dog_4,1,27,3,FALSE,NA,match,1,15,15,662,15
1,dog_1;dog_2;dog_3;dog_4;dog_5;dog_6;dog_7;dog_8;dog_9;dog_10,dog_4,1,27,3,FALSE,NA,match,1,16,16,663,16
1,dog_1;dog_2;dog_3;dog_4;dog_5;dog_6;dog_7;dog_8;dog_9;dog_10,dog_4,1,27,3,FALSE,NA,match,1,17,17,664,17
1,dog_1;dog_2;dog_3;dog_4;dog_5;dog_6;dog_7;dog_8;dog_9;dog_10,dog_4,1,27,3,FALSE,NA,match,1,18,18,665,18
1,dog_1;dog_2;dog_3;dog_4;dog_5;dog_6;dog_7;dog_8;dog_9;dog_10,dog_4,1,27,3,FALSE,NA,match,1,19,19,666,19
1,dog_1;dog_2;dog_3;dog_4;dog_5;dog_6;dog_7;dog_8;dog_9;dog_10,dog_4,1,27,3,FALSE,NA,match,1,20,20,667,20
1,dog_1;dog_2;dog_3;dog_4;dog_5;dog_6;dog_7;dog_8;dog_9;dog_10,dog_8,1,28,3,FALSE,NA,match,1,11,11,668,11
1,dog_1;dog_2;dog_3;dog_4;dog_5;dog_6;dog_7;dog_8;dog_9;dog_10,dog_8,1,28,3,FALSE,NA,match,1,12,12,669,12
1,dog_1;dog_2;dog_3;dog_4;dog_5;dog_6;dog_7;dog_8;dog_9;dog_10,dog_8,1,28,3,FALSE,NA,match,1,13,13,670,13
1,dog_1;dog_2;dog_3;dog_4;dog_5;dog_6;dog_7;dog_8;dog_9;dog_10,dog_8,1,28,3,FALSE,NA,match,1,14,14,671,14
1,dog_1;dog_2;dog_3;dog_4;dog_5;dog_6;dog_7;dog_8;dog_9;dog_10,dog_8,1,28,3,FALSE,NA,match,1,15,15,672,15
1,dog_1;dog_2;dog_3;dog_4;dog_5;dog_6;dog_7;dog_8;dog_9;dog_10,dog_8,1,28,3,FALSE,NA,match,1,16,16,673,16
1,dog_1;dog_2;dog_3;dog_4;dog_5;dog_6;dog_7;dog_8;dog_9;dog_10,dog_8,1,28,3,FALSE,NA,match,1,17,17,674,17
1,dog_1;dog_2;dog_3;dog_4;dog_5;dog_6;dog_7;dog_8;dog_9;dog_10,dog_8,1,28,3,FALSE,NA,match,1,18,18,675,18
1,dog_1;dog_2;dog_3;dog_4;dog_5;dog_6;dog_7;dog_8;dog_9;dog_10,dog_8,1,28,3,FALSE,NA,match,1,19,19,676,19
1,dog_1;dog_2;dog_3;dog_4;dog_5;dog_6;dog_7;dog_8;dog_9;dog_10,dog_8,1,28,3,FALSE,NA,match,1,20,20,677,20
1,dog_1;dog_2;dog_3;dog_4;dog_5;dog_6;dog_7;dog_8;dog_9;dog_10,dog_2,1,29,3,FALSE,NA,match,1,11,11,678,11
1,dog_1;dog_2;dog_3;dog_4;dog_5;dog_6;dog_7;dog_8;dog_9;dog_10,dog_2,1,29,3,FALSE,NA,match,1,12,12,679,12
1,dog_1;dog_2;dog_3;dog_4;dog_5;dog_6;dog_7;dog_8;dog_9;dog_10,dog_2,1,29,3,FALSE,NA,match,1,13,13,680,13
1,dog_1;dog_2;dog_3;dog_4;dog_5;dog_6;dog_7;dog_8;dog_9;dog_10,dog_2,1,29,3,FALSE,NA,match,1,14,14,681,14
1,dog_1;dog_2;dog_3;dog_4;dog_5;dog_6;dog_7;dog_8;dog_9;dog_10,dog_2,1,29,3,FALSE,NA,match,1,15,15,682,15
1,dog_1;dog_2;dog_3;dog_4;dog_5;dog_6;dog_7;dog_8;dog_9;dog_10,dog_2,1,29,3,FALSE,NA,match,1,16,16,683,16
1,dog_1;dog_2;dog_3;dog_4;dog_5;dog_6;dog_7;dog_8;dog_9;dog_10,dog_2,1,29,3,FALSE,NA,match,1,17,17,684,17
1,dog_1;dog_2;dog_3;dog_4;dog_5;dog_6;dog_7;dog_8;dog_9;dog_10,dog_2,1,29,3,FALSE,NA,match,1,18,18,685,18
1,dog_1;dog_2;dog_3;dog_4;dog_5;dog_6;dog_7;dog_8;dog_9;dog_10,dog_2,1,29,3,FALSE,NA,match,1,19,19,686,19
1,dog_1;dog_2;dog_3;dog_4;dog_5;dog_6;dog_7;dog_8;dog_9;dog_10,dog_2,1,29,3,FALSE,NA,match,1,20,20,687,20
1,dog_1;dog_2;dog_3;dog_4;dog_5;dog_6;dog_7;dog_8;dog_9;dog_10,dog_3,1,30,3,FALSE,NA,match,1,11,11,688,11
1,dog_1;dog_2;dog_3;dog_4;dog_5;dog_6;dog_7;dog_8;dog_9;dog_10,dog_3,1,30,3,FALSE,NA,match,1,12,12,689,12
1,dog_1;dog_2;dog_3;dog_4;dog_5;dog_6;dog_7;dog_8;dog_9;dog_10,dog_3,1,30,3,FALSE,NA,match,1,13,13,690,13
1,dog_1;dog_2;dog_3;dog_4;dog_5;dog_6;dog_7;dog_8;dog_9;dog_10,dog_3,1,30,3,FALSE,NA,match,1,14,14,691,14
1,dog_1;dog_2;dog_3;dog_4;dog_5;dog_6;dog_7;dog_8;dog_9;dog_10,dog_3,1,30,3,FALSE,NA,match,1,15,15,692,15
1,dog_1;dog_2;dog_3;dog_4;dog_5;dog_6;dog_7;dog_8;dog_9;dog_10,dog_3,1,30,3,FALSE,NA,match,1,16,16,693,16
1,dog_1;dog_2;dog_3;dog_4;dog_5;dog_6;dog_7;dog_8;dog_9;dog_10,dog_3,1,30,3,FALSE,NA,match,1,17,17,694,17
1,dog_1;dog_2;dog_3;dog_4;dog_5;dog_6;dog_7;dog_8;dog_9;dog_10,dog_3,1,30,3,FALSE,NA,match,1,18,18,695,18
1,dog_1;dog_2;dog_3;dog_4;dog_5;dog_6;dog_7;dog_8;dog_9;dog_10,dog_3,1,30,3,FALSE,NA,match,1,19,19,696,19
1,dog_1;dog_2;dog_3;dog_4;dog_5;dog_6;dog_7;dog_8;dog_9;dog_10,dog_3,1,30,3,FALSE,NA,match,1,20,20,697,20
1,dog_1;dog_2;dog_3;dog_4;dog_5;dog_6;dog_7;dog_8;dog_9;dog_10,dog_5,1,31,4,FALSE,NA,match,1,11,11,698,11
1,dog_1;dog_2;dog_3;dog_4;dog_5;dog_6;dog_7;dog_8;dog_9;dog_10,dog_5,1,31,4,FALSE,NA,match,1,12,12,699,12
1,dog_1;dog_2;dog_3;dog_4;dog_5;dog_6;dog_7;dog_8;dog_9;dog_10,dog_5,1,31,4,FALSE,NA,match,1,13,13,700,13
1,dog_1;dog_2;dog_3;dog_4;dog_5;dog_6;dog_7;dog_8;dog_9;dog_10,dog_5,1,31,4,FALSE,NA,match,1,14,14,701,14
1,dog_1;dog_2;dog_3;dog_4;dog_5;dog_6;dog_7;dog_8;dog_9;dog_10,dog_5,1,31,4,FALSE,NA,match,1,15,15,702,15
1,dog_1;dog_2;dog_3;dog_4;dog_5;dog_6;dog_7;dog_8;dog_9;dog_10,dog_5,1,31,4,FALSE,NA,match,1,16,16,703,16
1,dog_1;dog_2;dog_3;dog_4;dog_5;dog_6;dog_7;dog_8;dog_9;dog_10,dog_5,1,31,4,FALSE,NA,match,1,17,17,704,17
1,dog_1;dog_2;dog_3;dog_4;dog_5;dog_6;dog_7;dog_8;dog_9;dog_10,dog_5,1,31,4,FALSE,NA,match,1,18,18,705,18
1,dog_1;dog_2;dog_3;dog_4;dog_5;dog_6;dog_7;dog_8;dog_9;dog_10,dog_5,1,31,4,FALSE,NA,match,1,19,19,706,19
1,dog_1;dog_2;dog_3;dog_4;dog_5;dog_6;dog_7;dog_8;dog_9;dog_10,dog_5,1,31,4,FALSE,NA,match,1,20,20,707,20
1,dog_1;dog_2;dog_3;dog_4;dog_5;dog_6;dog_7;dog_8;dog_9;dog_10,dog_9,1,32,4,FALSE,NA,match,1,11,11,708,11
1,dog_1;dog_2;dog_3;dog_4;dog_5;dog_6;dog_7;dog_8;dog_9;dog_10,dog_9,1,32,4,FALSE,NA,match,1,12,12,709,12
1,dog_1;dog_2;dog_3;dog_4;dog_5;dog_6;dog_7;dog_8;dog_9;dog_10,dog_9,1,32,4,FALSE,NA,match,1,13,13,710,13
1,dog_1;dog_2;dog_3;dog_4;dog_5;dog_6;dog_7;dog_8;dog_9;dog_10,dog_9,1,32,4,FALSE,NA,match,1,14,14,711,14
1,dog_1;dog_2;dog_3;dog_4;dog_5;dog_6;dog_7;dog_8;dog_9;dog_10,dog_9,1,32,4,FALSE,NA,match,1,15,15,712,15
1,dog_1;dog_2;dog_3;dog_4;dog_5;dog_6;dog_7;dog_8;dog_9;dog_10,dog_9,1,32,4,FALSE,NA,match,1,16,16,713,16
1,dog_1;dog_2;dog_3;dog_4;dog_5;dog_6;dog_7;dog_8;dog_9;dog_10,dog_9,1,32,4,FALSE,NA,match,1,17,17,714,17
1,dog_1;dog_2;dog_3;dog_4;dog_5;dog_6;dog_7;dog_8;dog_9;dog_10,dog_9,1,32,4,FALSE,NA,match,1,18,18,715,18
1,dog_1;dog_2;dog_3;dog_4;dog_5;dog_6;dog_7;dog_8;dog_9;dog_10,dog_9,1,32,4,FALSE,NA,match,1,19,19,716,19
1,dog_1;dog_2;dog_3;dog_4;dog_5;dog_6;dog_7;dog_8;dog_9;dog_10,dog_9,1,32,4,FALSE,NA,match,1,20,20,717,20
1,dog_1;dog_2;dog_3;dog_4;dog_5;dog_6;dog_7;dog_8;dog_9;dog_10,dog_1,1,33,4,FALSE,NA,match,1,11,11,718,11
1,dog_1;dog_2;dog_3;dog_4;dog_5;dog_6;dog_7;dog_8;dog_9;dog_10,dog_1,1,33,4,FALSE,NA,match,1,12,12,719,12
1,dog_1;dog_2;dog_3;dog_4;dog_5;dog_6;dog_7;dog_8;dog_9;dog_10,dog_1,1,33,4,FALSE,NA,match,1,13,13,720,13
1,dog_1;dog_2;dog_3;dog_4;dog_5;dog_6;dog_7;dog_8;dog_9;dog_10,dog_1,1,33,4,FALSE,NA,match,1,14,14,721,14
1,dog_1;dog_2;dog_3;dog_4;dog_5;dog_6;dog_7;dog_8;dog_9;dog_10,dog_1,1,33,4,FALSE,NA,match,1,15,15,722,15
1,dog_1;dog_2;dog_3;dog_4;dog_5;dog_6;dog_7;dog_8;dog_9;dog_10,dog_1,1,33,4,FALSE,NA,match,1,16,16,723,16
1,dog_1;dog_2;dog_3;dog_4;dog_5;dog_6;dog_7;dog_8;dog_9;dog_10,dog_1,1,33,4,FALSE,NA,match,1,17,17,724,17
1,dog_1;dog_2;dog_3;dog_4;dog_5;dog_6;dog_7;dog_8;dog_9;dog_10,dog_1,1,33,4,FALSE,NA,match,1,18,18,725,18
1,dog_1;dog_2;dog_3;dog_4;dog_5;dog_6;dog_7;dog_8;dog_9;dog_10,dog_1,1,33,4,FALSE,NA,match,1,19,19,726,19
1,dog_1;dog_2;dog_3;dog_4;dog_5;dog_6;dog_7;dog_8;dog_9;dog_10,dog_1,1,33,4,FALSE,NA,match,1,20,20,727,20
1,dog_1;dog_2;dog_3;dog_4;dog_5;dog_6;dog_7;dog_8;dog_9;dog_10,dog_7,1,34,4,FALSE,NA,match,1,11,11,728,11
1,dog_1;dog_2;dog_3;dog_4;dog_5;dog_6;dog_7;dog_8;dog_9;dog_10,dog_7,1,34,4,FALSE,NA,match,1,12,12,729,12
1,dog_1;dog_2;dog_3;dog_4;dog_5;dog_6;dog_7;dog_8;dog_9;dog_10,dog_7,1,34,4,FALSE,NA,match,1,13,13,730,13
1,dog_1;dog_2;dog_3;dog_4;dog_5;dog_6;dog_7;dog_8;dog_9;dog_10,dog_7,1,34,4,FALSE,NA,match,1,14,14,731,14
1,dog_1;dog_2;dog_3;dog_4;dog_5;dog_6;dog_7;dog_8;dog_9;dog_10,dog_7,1,34,4,FALSE,NA,match,1,15,15,732,15
1,dog_1;dog_2;dog_3;dog_4;dog_5;dog_6;dog_7;dog_8;dog_9;dog_10,dog_7,1,34,4,FALSE,NA,match,1,16,16,733,16
1,dog_1;dog_2;dog_3;dog_4;dog_5;dog_6;dog_7;dog_8;dog_9;dog_10,dog_7,1,34,4,FALSE,NA,match,1,17,17,734,17
1,dog_1;dog_2;dog_3;dog_4;dog_5;dog_6;dog_7;dog_8;dog_9;dog_10,dog_7,1,34,4,FALSE,NA,match,1,18,18,735,18
1,dog_1;dog_2;dog_3;dog_4;dog_5;dog_6;dog_7;dog_8;dog_9;dog_10,dog_7,1,34,4,FALSE,NA,match,1,19,19,736,19
1,dog_1;dog_2;dog_3;dog_4;dog_5;dog_6;dog_7;dog_8;dog_9;dog_10,dog_7,1,34,4,FALSE,NA,match,1,20,20,737,20
1,dog_1;dog_2;dog_3;dog_4;dog_5;dog_6;dog_7;dog_8;dog_9;dog_10,dog_3,1,35,4,FALSE,NA,match,1,11,11,738,11
1,dog_1;dog_2;dog_3;dog_4;dog_5;dog_6;dog_7;dog_8;dog_9;dog_10,dog_3,1,35,4,FALSE,NA,match,1,12,12,739,12
1,dog_1;dog_2;dog_3;dog_4;dog_5;dog_6;dog_7;dog_8;dog_9;dog_10,dog_3,1,35,4,FALSE,NA,match,1,13,13,740,13
1,dog_1;dog_2;dog_3;dog_4;dog_5;dog_6;dog_7;dog_8;dog_9;dog_10,dog_3,1,35,4,FALSE,NA,match,1,14,14,741,14
1,dog_1;dog_2;dog_3;dog_4;dog_5;dog_6;dog_7;dog_8;dog_9;dog_10,dog_3,1,35,4,FALSE,NA,match,1,15,15,742,15
1,dog_1;dog_2;dog_3;dog_4;dog_5;dog_6;dog_7;dog_8;dog_9;dog_10,dog_3,1,35,4,FALSE,NA,match,1,16,16,743,16
1,dog_1;dog_2;dog_3;dog_4;dog_5;dog_6;dog_7;dog_8;dog_9;dog_10,dog_3,1,35,4,FALSE,NA,match,1,17,17,744,17
1,dog_1;dog_2;dog_3;dog_4;dog_5;dog_6;dog_7;dog_8;dog_9;dog_10,dog_3,1,35,4,FALSE,NA,match,1,18,18,745,18
1,dog_1;dog_2;dog_3;dog_4;dog_5;dog_6;dog_7;dog_8;dog_9;dog_10,dog_3,1,35,4,FALSE,NA,match,1,19,19,746,19
1,dog_1;dog_2;dog_3;dog_4;dog_5;dog_6;dog_7;dog_8;dog_9;dog_10,dog_3,1,35,4,FALSE,NA,match,1,20,20,747,20
1,dog_1;dog_2;dog_3;dog_4;dog_5;dog_6;dog_7;dog_8;dog_9;dog_10,dog_6,1,36,4,FALSE,NA,match,1,11,11,748,11
1,dog_1;dog_2;dog_3;dog_4;dog_5;dog_6;dog_7;dog_8;dog_9;dog_10,dog_6,1,36,4,FALSE,NA,match,1,12,12,749,12
1,dog_1;dog_2;dog_3;dog_4;dog_5;dog_6;dog_7;dog_8;dog_9;dog_10,dog_6,1,36,4,FALSE,NA,match,1,13,13,750,13
1,dog_1;dog_2;dog_3;dog_4;dog_5;dog_6;dog_7;dog_8;dog_9;dog_10,dog_6,1,36,4,FALSE,NA,match,1,14,14,751,14
1,dog_1;dog_2;dog_3;dog_4;dog_5;dog_6;dog_7;dog_8;dog_9;dog_10,dog_6,1,36,4,FALSE,NA,match,1,15,15,752,15
1,dog_1;dog_2;dog_3;dog_4;dog_5;dog_6;dog_7;dog_8;dog_9;dog_10,dog_6,1,36,4,FALSE,NA,match,1,16,16,753,16
1,dog_1;dog_2;dog_3;dog_4;dog_5;dog_6;dog_7;dog_8;dog_9;dog_10,dog_6,1,36,4,FALSE,NA,match,1,17,17,754,17
1,dog_1;dog_2;dog_3;dog_4;dog_5;dog_6;dog_7;dog_8;dog_9;dog_10,dog_6,1,36,4,FALSE,NA,match,1,18,18,755,18
1,dog_1;dog_2;dog_3;dog_4;dog_5;dog_6;dog_7;dog_8;dog_9;dog_10,dog_6,1,36,4,FALSE,NA,match,1,19,19,756,19
1,dog_1;dog_2;dog_3;dog_4;dog_5;dog_6;dog_7;dog_8;dog_9;dog_10,dog_6,1,36,4,FALSE,NA,match,1,20,20,757,20
1,dog_1;dog_2;dog_3;dog_4;dog_5;dog_6;dog_7;dog_8;dog_9;dog_10,dog_10,1,37,4,FALSE,NA,match,1,11,11,758,11
1,dog_1;dog_2;dog_3;dog_4;dog_5;dog_6;dog_7;dog_8;dog_9;dog_10,dog_10,1,37,4,FALSE,NA,match,1,12,12,759,12
1,dog_1;dog_2;dog_3;dog_4;dog_5;dog_6;dog_7;dog_8;dog_9;dog_10,dog_10,1,37,4,FALSE,NA,match,1,13,13,760,13
1,dog_1;dog_2;dog_3;dog_4;dog_5;dog_6;dog_7;dog_8;dog_9;dog_10,dog_10,1,37,4,FALSE,NA,match,1,14,14,761,14
1,dog_1;dog_2;dog_3;dog_4;dog_5;dog_6;dog_7;dog_8;dog_9;dog_10,dog_10,1,37,4,FALSE,NA,match,1,15,15,762,15
1,dog_1;dog_2;dog_3;dog_4;dog_5;dog_6;dog_7;dog_8;dog_9;dog_10,dog_10,1,37,4,FALSE,NA,match,1,16,16,763,16
1,dog_1;dog_2;dog_3;dog_4;dog_5;dog_6;dog_7;dog_8;dog_9;dog_10,dog_10,1,37,4,FALSE,NA,match,1,17,17,764,17
1,dog_1;dog_2;dog_3;dog_4;dog_5;dog_6;dog_7;dog_8;dog_9;dog_10,dog_10,1,37,4,FALSE,NA,match,1,18,18,765,18
1,dog_1;dog_2;dog_3;dog_4;dog_5;dog_6;dog_7;dog_8;dog_9;dog_10,dog_10,1,37,4,FALSE,NA,match,1,19,19,766,19
1,dog_1;dog_2;dog_3;dog_4;dog_5;dog_6;dog_7;dog_8;dog_9;dog_10,dog_10,1,37,4,FALSE,NA,match,1,20,20,767,20
1,dog_1;dog_2;dog_3;dog_4;dog_5;dog_6;dog_7;dog_8;dog_9;dog_10,dog_4,1,38,4,FALSE,NA,match,1,11,11,768,11
1,dog_1;dog_2;dog_3;dog_4;dog_5;dog_6;dog_7;dog_8;dog_9;dog_10,dog_4,1,38,4,FALSE,NA,match,1,12,12,769,12
1,dog_1;dog_2;dog_3;dog_4;dog_5;dog_6;dog_7;dog_8;dog_9;dog_10,dog_4,1,38,4,FALSE,NA,match,1,13,13,770,13
1,dog_1;dog_2;dog_3;dog_4;dog_5;dog_6;dog_7;dog_8;dog_9;dog_10,dog_4,1,38,4,FALSE,NA,match,1,14,14,771,14
1,dog_1;dog_2;dog_3;dog_4;dog_5;dog_6;dog_7;dog_8;dog_9;dog_10,dog_4,1,38,4,FALSE,NA,match,1,15,15,772,15
1,dog_1;dog_2;dog_3;dog_4;dog_5;dog_6;dog_7;dog_8;dog_9;dog_10,dog_4,1,38,4,FALSE,NA,match,1,17,17,773,17
1,dog_1;dog_2;dog_3;dog_4;dog_5;dog_6;dog_7;dog_8;dog_9;dog_10,dog_4,1,38,4,FALSE,NA,match,1,18,18,774,18
1,dog_1;dog_2;dog_3;dog_4;dog_5;dog_6;dog_7;dog_8;dog_9;dog_10,dog_4,1,38,4,FALSE,NA,match,1,19,19,775,19
1,dog_1;dog_2;dog_3;dog_4;dog_5;dog_6;dog_7;dog_8;dog_9;dog_10,dog_4,1,38,4,FALSE,NA,match,1,20,20,776,20
1,dog_1;dog_2;dog_3;dog_4;dog_5;dog_6;dog_7;dog_8;dog_9;dog_10,dog_8,1,39,4,FALSE,NA,match,1,11,11,777,11
1,dog_1;dog_2;dog_3;dog_4;dog_5;dog_6;dog_7;dog_8;dog_9;dog_10,dog_8,1,39,4,FALSE,NA,match,1,12,12,778,12
1,dog_1;dog_2;dog_3;dog_4;dog_5;dog_6;dog_7;dog_8;dog_9;dog_10,dog_8,1,39,4,FALSE,NA,match,1,13,13,779,13
1,dog_1;dog_2;dog_3;dog_4;dog_5;dog_6;dog_7;dog_8;dog_9;dog_10,dog_8,1,39,4,FALSE,NA,match,1,14,14,780,14
1,dog_1;dog_2;dog_3;dog_4;dog_5;dog_6;dog_7;dog_8;dog_9;dog_10,dog_8,1,39,4,FALSE,NA,match,1,15,15,781,15
1,dog_1;dog_2;dog_3;dog_4;dog_5;dog_6;dog_7;dog_8;dog_9;dog_10,dog_8,1,39,4,FALSE,NA,match,1,16,16,782,16
1,dog_1;dog_2;dog_3;dog_4;dog_5;dog_6;dog_7;dog_8;dog_9;dog_10,dog_8,1,39,4,FALSE,NA,match,1,17,17,783,17
1,dog_1;dog_2;dog_3;dog_4;dog_5;dog_6;dog_7;dog_8;dog_9;dog_10,dog_8,1,39,4,FALSE,NA,match,1,18,18,784,18
1,dog_1;dog_2;dog_3;dog_4;dog_5;dog_6;dog_7;dog_8;dog_9;dog_10,dog_8,1,39,4,FALSE,NA,match,1,19,19,785,19
1,dog_1;dog_2;dog_3;dog_4;dog_5;dog_6;dog_7;dog_8;dog_9;dog_10,dog_8,1,39,4,FALSE,NA,match,1,20,20,786,20
1,dog_1;dog_2;dog_3;dog_4;dog_5;dog_6;dog_7;dog_8;dog_9;dog_10,dog_2,1,40,4,FALSE,NA,match,1,11,11,787,11
1,dog_1;dog_2;dog_3;dog_4;dog_5;dog_6;dog_7;dog_8;dog_9;dog_10,dog_2,1,40,4,FALSE,NA,match,1,12,12,788,12
1,dog_1;dog_2;dog_3;dog_4;dog_5;dog_6;dog_7;dog_8;dog_9;dog_10,dog_2,1,40,4,FALSE,NA,match,1,13,13,789,13
1,dog_1;dog_2;dog_3;dog_4;dog_5;dog_6;dog_7;dog_8;dog_9;dog_10,dog_2,1,40,4,FALSE,NA,match,1,14,14,790,14
1,dog_1;dog_2;dog_3;dog_4;dog_5;dog_6;dog_7;dog_8;dog_9;dog_10,dog_2,1,40,4,FALSE,NA,match,1,15,15,791,15
1,dog_1;dog_2;dog_3;dog_4;dog_5;dog_6;dog_7;dog_8;dog_9;dog_10,dog_2,1,40,4,FALSE,NA,match,1,16,16,792,16
1,dog_1;dog_2;dog_3;dog_4;dog_5;dog_6;dog_7;dog_8;dog_9;dog_10,dog_2,1,40,4,FALSE,NA,match,1,17,17,793,17
1,dog_1;dog_2;dog_3;dog_4;dog_5;dog_6;dog_7;dog_8;dog_9;dog_10,dog_2,1,40,4,FALSE,NA,match,1,18,18,794,18
1,dog_1;dog_2;dog_3;dog_4;dog_5;dog_6;dog_7;dog_8;dog_9;dog_10,dog_2,1,40,4,FALSE,NA,match,1,19,19,795,19
1,dog_1;dog_2;dog_3;dog_4;dog_5;dog_6;dog_7;dog_8;dog_9;dog_10,dog_2,1,40,4,FALSE,NA,match,1,20,20,796,20
1,basket_1;basket_2;basket_3;basket_4;basket_5;basket_6;basket_7;basket_8;basket_9;basket_10,basket_5,1,20,2,FALSE,NA,match,1,1,NA,797,1
1,basket_1;basket_2;basket_3;basket_4;basket_5;basket_6;basket_7;basket_8;basket_9;basket_10,basket_6,1,25,3,FALSE,NA,match,1,6,NA,798,6
1,basket_1;basket_2;basket_3;basket_4;basket_5;basket_6;basket_7;basket_8;basket_9;basket_10,basket_2,1,32,4,FALSE,NA,match,1,3,NA,799,3
1,dog_1;dog_2;dog_3;dog_4;dog_5;dog_6;dog_7;dog_8;dog_9;dog_10,dog_4,1,38,4,FALSE,NA,match,1,16,NA,800,16
