selected_image,player_id,time_stamp,trial_id
L,1,NA,1
K,1,NA,2
I,1,NA,3
F,1,NA,4
timed_out,1,NA,5
timed_out,1,NA,6
D,1,NA,7
I,1,NA,8
L,1,NA,9
H,1,NA,10
I,1,NA,11
C,1,NA,12
E,2,NA,13
G,2,NA,14
H,2,NA,15
G,2,NA,16
C,2,NA,17
L,2,NA,18
I,2,NA,19
B,2,NA,20
A,2,NA,21
F,2,NA,22
K,2,NA,23
K,2,NA,24
A,1,NA,25
L,1,NA,26
D,1,NA,27
I,1,NA,28
J,1,NA,29
C,1,NA,30
F,1,NA,31
J,1,NA,32
C,1,NA,33
H,1,NA,34
G,1,NA,35
D,1,NA,36
A,2,NA,37
C,2,NA,38
L,2,NA,39
F,2,NA,40
F,2,NA,41
D,2,NA,42
H,2,NA,43
K,2,NA,44
I,2,NA,45
L,2,NA,46
G,2,NA,47
K,2,NA,48
F,1,NA,49
G,1,NA,50
B,1,NA,51
E,1,NA,52
K,1,NA,53
I,1,NA,54
J,1,NA,55
H,1,NA,56
C,1,NA,57
D,1,NA,58
L,1,NA,59
A,1,NA,60
F,3,NA,61
timed_out,3,NA,62
E,3,NA,63
C,3,NA,64
H,3,NA,65
D,3,NA,66
timed_out,3,NA,67
F,3,NA,68
B,3,NA,69
I,3,NA,70
K,3,NA,71
B,3,NA,72
A,4,NA,73
I,4,NA,74
G,4,NA,75
K,4,NA,76
E,4,NA,77
G,4,NA,78
K,4,NA,79
F,4,NA,80
C,4,NA,81
A,4,NA,82
B,4,NA,83
D,4,NA,84
B,3,NA,85
timed_out,3,NA,86
C,3,NA,87
H,3,NA,88
F,3,NA,89
E,3,NA,90
D,3,NA,91
B,3,NA,92
timed_out,3,NA,93
J,3,NA,94
E,3,NA,95
A,3,NA,96
G,4,NA,97
B,4,NA,98
C,4,NA,99
J,4,NA,100
D,4,NA,101
K,4,NA,102
I,4,NA,103
D,4,NA,104
F,4,NA,105
A,4,NA,106
H,4,NA,107
E,4,NA,108
A,3,NA,109
F,3,NA,110
B,3,NA,111
K,3,NA,112
G,3,NA,113
J,3,NA,114
E,3,NA,115
C,3,NA,116
H,3,NA,117
B,3,NA,118
I,3,NA,119
D,3,NA,120
timed_out,5,NA,121
timed_out,5,NA,122
H,5,NA,123
timed_out,5,NA,124
L,5,NA,125
D,5,NA,126
F,5,NA,127
timed_out,5,NA,128
A,5,NA,129
E,5,NA,130
I,5,NA,131
C,5,NA,132
C,6,NA,133
J,6,NA,134
timed_out,6,NA,135
A,6,NA,136
K,6,NA,137
I,6,NA,138
I,6,NA,139
C,6,NA,140
F,6,NA,141
H,6,NA,142
timed_out,6,NA,143
timed_out,6,NA,144
C,5,NA,145
I,5,NA,146
E,5,NA,147
I,5,NA,148
B,5,NA,149
F,5,NA,150
H,5,NA,151
timed_out,5,NA,152
H,5,NA,153
A,5,NA,154
D,5,NA,155
L,5,NA,156
J,6,NA,157
C,6,NA,158
timed_out,6,NA,159
D,6,NA,160
L,6,NA,161
A,6,NA,162
B,6,NA,163
E,6,NA,164
I,6,NA,165
K,6,NA,166
F,6,NA,167
H,6,NA,168
D,5,NA,169
E,5,NA,170
A,5,NA,171
H,5,NA,172
B,5,NA,173
F,5,NA,174
C,5,NA,175
L,5,NA,176
D,5,NA,177
J,5,NA,178
G,5,NA,179
I,5,NA,180
E,7,NA,181
timed_out,7,NA,182
L,7,NA,183
K,7,NA,184
G,7,NA,185
L,7,NA,186
timed_out,7,NA,187
C,7,NA,188
E,7,NA,189
D,7,NA,190
B,7,NA,191
G,7,NA,192
D,8,NA,193
G,8,NA,194
B,8,NA,195
I,8,NA,196
C,8,NA,197
A,8,NA,198
E,8,NA,199
K,8,NA,200
timed_out,8,NA,201
E,8,NA,202
J,8,NA,203
K,8,NA,204
H,7,NA,205
I,7,NA,206
I,7,NA,207
G,7,NA,208
L,7,NA,209
G,7,NA,210
K,7,NA,211
J,7,NA,212
C,7,NA,213
D,7,NA,214
A,7,NA,215
E,7,NA,216
G,8,NA,217
J,8,NA,218
C,8,NA,219
L,8,NA,220
B,8,NA,221
D,8,NA,222
K,8,NA,223
H,8,NA,224
I,8,NA,225
A,8,NA,226
E,8,NA,227
F,8,NA,228
K,7,NA,229
J,7,NA,230
E,7,NA,231
G,7,NA,232
D,7,NA,233
F,7,NA,234
B,7,NA,235
I,7,NA,236
A,7,NA,237
L,7,NA,238
H,7,NA,239
C,7,NA,240
E,9,NA,241
B,9,NA,242
E,9,NA,243
D,9,NA,244
D,9,NA,245
A,9,NA,246
J,9,NA,247
K,9,NA,248
F,9,NA,249
E,9,NA,250
C,9,NA,251
D,9,NA,252
B,10,NA,253
K,10,NA,254
G,10,NA,255
E,10,NA,256
G,10,NA,257
F,10,NA,258
D,10,NA,259
I,10,NA,260
D,10,NA,261
G,10,NA,262
H,10,NA,263
E,10,NA,264
K,9,NA,265
J,9,NA,266
J,9,NA,267
C,9,NA,268
F,9,NA,269
H,9,NA,270
G,9,NA,271
L,9,NA,272
I,9,NA,273
B,9,NA,274
C,9,NA,275
D,9,NA,276
K,10,NA,277
E,10,NA,278
J,10,NA,279
C,10,NA,280
L,10,NA,281
D,10,NA,282
I,10,NA,283
G,10,NA,284
F,10,NA,285
E,10,NA,286
C,10,NA,287
H,10,NA,288
J,9,NA,289
F,9,NA,290
D,9,NA,291
A,9,NA,292
A,9,NA,293
H,9,NA,294
E,9,NA,295
G,9,NA,296
A,9,NA,297
I,9,NA,298
L,9,NA,299
B,9,NA,300
L,11,NA,301
A,11,NA,302
K,11,NA,303
K,11,NA,304
L,11,NA,305
C,11,NA,306
H,11,NA,307
D,11,NA,308
G,11,NA,309
L,11,NA,310
I,11,NA,311
E,11,NA,312
I,12,NA,313
D,12,NA,314
F,12,NA,315
K,12,NA,316
A,12,NA,317
L,12,NA,318
H,12,NA,319
H,12,NA,320
E,12,NA,321
J,12,NA,322
C,12,NA,323
K,12,NA,324
L,11,NA,325
J,11,NA,326
A,11,NA,327
K,11,NA,328
C,11,NA,329
E,11,NA,330
G,11,NA,331
I,11,NA,332
H,11,NA,333
D,11,NA,334
G,11,NA,335
F,11,NA,336
G,12,NA,337
E,12,NA,338
K,12,NA,339
H,12,NA,340
C,12,NA,341
J,12,NA,342
I,12,NA,343
A,12,NA,344
H,12,NA,345
G,12,NA,346
L,12,NA,347
D,12,NA,348
A,11,NA,349
C,11,NA,350
B,11,NA,351
G,11,NA,352
F,11,NA,353
J,11,NA,354
D,11,NA,355
K,11,NA,356
I,11,NA,357
L,11,NA,358
E,11,NA,359
H,11,NA,360
L,13,NA,361
G,13,NA,362
I,13,NA,363
J,13,NA,364
E,13,NA,365
D,13,NA,366
G,13,NA,367
timed_out,13,NA,368
F,13,NA,369
A,13,NA,370
C,13,NA,371
I,13,NA,372
L,14,NA,373
B,14,NA,374
A,14,NA,375
D,14,NA,376
B,14,NA,377
C,14,NA,378
E,14,NA,379
I,14,NA,380
J,14,NA,381
F,14,NA,382
G,14,NA,383
H,14,NA,384
I,13,NA,385
D,13,NA,386
C,13,NA,387
B,13,NA,388
L,13,NA,389
K,13,NA,390
B,13,NA,391
E,13,NA,392
G,13,NA,393
J,13,NA,394
F,13,NA,395
A,13,NA,396
D,14,NA,397
C,14,NA,398
K,14,NA,399
A,14,NA,400
J,14,NA,401
H,14,NA,402
G,14,NA,403
L,14,NA,404
E,14,NA,405
B,14,NA,406
I,14,NA,407
F,14,NA,408
I,13,NA,409
D,13,NA,410
L,13,NA,411
G,13,NA,412
F,13,NA,413
E,13,NA,414
A,13,NA,415
K,13,NA,416
J,13,NA,417
B,13,NA,418
C,13,NA,419
H,13,NA,420
timed_out,15,NA,421
I,15,NA,422
G,15,NA,423
B,15,NA,424
B,15,NA,425
L,15,NA,426
H,15,NA,427
E,15,NA,428
timed_out,15,NA,429
timed_out,15,NA,430
F,15,NA,431
L,15,NA,432
H,16,NA,433
G,16,NA,434
I,16,NA,435
A,16,NA,436
C,16,NA,437
D,16,NA,438
K,16,NA,439
F,16,NA,440
D,16,NA,441
B,16,NA,442
E,16,NA,443
timed_out,16,NA,444
I,15,NA,445
L,15,NA,446
C,15,NA,447
A,15,NA,448
G,15,NA,449
J,15,NA,450
H,15,NA,451
D,15,NA,452
D,15,NA,453
timed_out,15,NA,454
E,15,NA,455
L,15,NA,456
H,16,NA,457
A,16,NA,458
I,16,NA,459
D,16,NA,460
timed_out,16,NA,461
E,16,NA,462
G,16,NA,463
J,16,NA,464
G,16,NA,465
F,16,NA,466
L,16,NA,467
timed_out,16,NA,468
L,15,NA,469
timed_out,15,NA,470
E,15,NA,471
F,15,NA,472
timed_out,15,NA,473
B,15,NA,474
C,15,NA,475
I,15,NA,476
D,15,NA,477
H,15,NA,478
A,15,NA,479
C,15,NA,480
L,17,NA,481
H,17,NA,482
I,17,NA,483
F,17,NA,484
J,17,NA,485
B,17,NA,486
I,17,NA,487
E,17,NA,488
D,17,NA,489
timed_out,17,NA,490
J,17,NA,491
I,17,NA,492
F,18,NA,493
K,18,NA,494
A,18,NA,495
H,18,NA,496
G,18,NA,497
D,18,NA,498
I,18,NA,499
K,18,NA,500
E,18,NA,501
K,18,NA,502
B,18,NA,503
L,18,NA,504
A,17,NA,505
B,17,NA,506
H,17,NA,507
I,17,NA,508
J,17,NA,509
E,17,NA,510
G,17,NA,511
L,17,NA,512
F,17,NA,513
C,17,NA,514
K,17,NA,515
D,17,NA,516
A,18,NA,517
I,18,NA,518
L,18,NA,519
D,18,NA,520
H,18,NA,521
K,18,NA,522
J,18,NA,523
C,18,NA,524
E,18,NA,525
B,18,NA,526
F,18,NA,527
G,18,NA,528
C,17,NA,529
B,17,NA,530
A,17,NA,531
E,17,NA,532
K,17,NA,533
L,17,NA,534
H,17,NA,535
I,17,NA,536
D,17,NA,537
J,17,NA,538
F,17,NA,539
G,17,NA,540
G,19,NA,541
H,19,NA,542
E,19,NA,543
D,19,NA,544
K,19,NA,545
K,19,NA,546
J,19,NA,547
G,19,NA,548
timed_out,19,NA,549
timed_out,19,NA,550
I,19,NA,551
F,19,NA,552
F,20,NA,553
F,20,NA,554
E,20,NA,555
A,20,NA,556
D,20,NA,557
F,20,NA,558
L,20,NA,559
E,20,NA,560
A,20,NA,561
K,20,NA,562
B,20,NA,563
C,20,NA,564
J,19,NA,565
D,19,NA,566
K,19,NA,567
H,19,NA,568
C,19,NA,569
A,19,NA,570
J,19,NA,571
E,19,NA,572
G,19,NA,573
H,19,NA,574
H,19,NA,575
I,19,NA,576
F,20,NA,577
C,20,NA,578
E,20,NA,579
K,20,NA,580
H,20,NA,581
J,20,NA,582
D,20,NA,583
A,20,NA,584
A,20,NA,585
timed_out,20,NA,586
L,20,NA,587
E,20,NA,588
J,19,NA,589
J,19,NA,590
C,19,NA,591
D,19,NA,592
F,19,NA,593
A,19,NA,594
K,19,NA,595
H,19,NA,596
B,19,NA,597
E,19,NA,598
G,19,NA,599
I,19,NA,600
D,21,NA,601
F,21,NA,602
I,21,NA,603
timed_out,21,NA,604
D,21,NA,605
J,21,NA,606
H,21,NA,607
L,21,NA,608
B,21,NA,609
G,21,NA,610
E,21,NA,611
I,21,NA,612
timed_out,22,NA,613
H,22,NA,614
F,22,NA,615
A,22,NA,616
C,22,NA,617
L,22,NA,618
E,22,NA,619
J,22,NA,620
C,22,NA,621
L,22,NA,622
D,22,NA,623
I,22,NA,624
K,21,NA,625
F,21,NA,626
I,21,NA,627
J,21,NA,628
E,21,NA,629
B,21,NA,630
I,21,NA,631
D,21,NA,632
I,21,NA,633
H,21,NA,634
A,21,NA,635
L,21,NA,636
timed_out,22,NA,637
D,22,NA,638
C,22,NA,639
timed_out,22,NA,640
timed_out,22,NA,641
J,22,NA,642
L,22,NA,643
J,22,NA,644
E,22,NA,645
H,22,NA,646
F,22,NA,647
B,22,NA,648
I,21,NA,649
G,21,NA,650
K,21,NA,651
L,21,NA,652
A,21,NA,653
F,21,NA,654
H,21,NA,655
B,21,NA,656
C,21,NA,657
J,21,NA,658
D,21,NA,659
E,21,NA,660
D,23,NA,661
timed_out,23,NA,662
I,23,NA,663
C,23,NA,664
E,23,NA,665
F,23,NA,666
L,23,NA,667
C,23,NA,668
B,23,NA,669
timed_out,23,NA,670
L,23,NA,671
F,23,NA,672
A,24,NA,673
F,24,NA,674
E,24,NA,675
B,24,NA,676
timed_out,24,NA,677
A,24,NA,678
C,24,NA,679
J,24,NA,680
H,24,NA,681
L,24,NA,682
K,24,NA,683
timed_out,24,NA,684
H,23,NA,685
K,23,NA,686
A,23,NA,687
G,23,NA,688
J,23,NA,689
E,23,NA,690
D,23,NA,691
I,23,NA,692
L,23,NA,693
K,23,NA,694
F,23,NA,695
C,23,NA,696
C,24,NA,697
J,24,NA,698
E,24,NA,699
timed_out,24,NA,700
F,24,NA,701
D,24,NA,702
H,24,NA,703
G,24,NA,704
I,24,NA,705
K,24,NA,706
L,24,NA,707
timed_out,24,NA,708
I,23,NA,709
A,23,NA,710
H,23,NA,711
G,23,NA,712
E,23,NA,713
J,23,NA,714
C,23,NA,715
F,23,NA,716
D,23,NA,717
B,23,NA,718
K,23,NA,719
K,23,NA,720
timed_out,25,NA,721
L,25,NA,722
D,25,NA,723
timed_out,25,NA,724
K,25,NA,725
F,25,NA,726
J,25,NA,727
A,25,NA,728
C,25,NA,729
E,25,NA,730
L,25,NA,731
G,25,NA,732
G,26,NA,733
D,26,NA,734
H,26,NA,735
H,26,NA,736
D,26,NA,737
I,26,NA,738
F,26,NA,739
timed_out,26,NA,740
J,26,NA,741
F,26,NA,742
D,26,NA,743
A,26,NA,744
F,25,NA,745
G,25,NA,746
C,25,NA,747
L,25,NA,748
I,25,NA,749
F,25,NA,750
F,25,NA,751
B,25,NA,752
B,25,NA,753
D,25,NA,754
A,25,NA,755
E,25,NA,756
C,26,NA,757
I,26,NA,758
L,26,NA,759
D,26,NA,760
B,26,NA,761
A,26,NA,762
J,26,NA,763
E,26,NA,764
H,26,NA,765
L,26,NA,766
G,26,NA,767
F,26,NA,768
L,25,NA,769
E,25,NA,770
B,25,NA,771
G,25,NA,772
I,25,NA,773
J,25,NA,774
K,25,NA,775
A,25,NA,776
F,25,NA,777
C,25,NA,778
D,25,NA,779
H,25,NA,780
timed_out,27,NA,781
C,27,NA,782
B,27,NA,783
L,27,NA,784
H,27,NA,785
E,27,NA,786
I,27,NA,787
G,27,NA,788
K,27,NA,789
A,27,NA,790
J,27,NA,791
L,27,NA,792
J,28,NA,793
A,28,NA,794
A,28,NA,795
K,28,NA,796
timed_out,28,NA,797
D,28,NA,798
F,28,NA,799
C,28,NA,800
E,28,NA,801
L,28,NA,802
H,28,NA,803
timed_out,28,NA,804
J,27,NA,805
G,27,NA,806
E,27,NA,807
F,27,NA,808
I,27,NA,809
K,27,NA,810
A,27,NA,811
K,27,NA,812
C,27,NA,813
H,27,NA,814
B,27,NA,815
D,27,NA,816
K,28,NA,817
A,28,NA,818
L,28,NA,819
C,28,NA,820
H,28,NA,821
D,28,NA,822
I,28,NA,823
D,28,NA,824
F,28,NA,825
G,28,NA,826
E,28,NA,827
B,28,NA,828
B,27,NA,829
J,27,NA,830
A,27,NA,831
L,27,NA,832
G,27,NA,833
E,27,NA,834
H,27,NA,835
D,27,NA,836
F,27,NA,837
C,27,NA,838
I,27,NA,839
L,27,NA,840
B,29,NA,841
timed_out,29,NA,842
G,29,NA,843
L,29,NA,844
timed_out,29,NA,845
L,29,NA,846
timed_out,29,NA,847
I,29,NA,848
J,29,NA,849
I,29,NA,850
G,29,NA,851
C,29,NA,852
H,30,NA,853
B,30,NA,854
E,30,NA,855
H,30,NA,856
timed_out,30,NA,857
timed_out,30,NA,858
timed_out,30,NA,859
timed_out,30,NA,860
I,30,NA,861
B,30,NA,862
J,30,NA,863
F,30,NA,864
C,29,NA,865
K,29,NA,866
timed_out,29,NA,867
L,29,NA,868
timed_out,29,NA,869
L,29,NA,870
F,29,NA,871
I,29,NA,872
D,29,NA,873
J,29,NA,874
H,29,NA,875
I,29,NA,876
B,30,NA,877
I,30,NA,878
G,30,NA,879
timed_out,30,NA,880
H,30,NA,881
C,30,NA,882
timed_out,30,NA,883
D,30,NA,884
E,30,NA,885
A,30,NA,886
J,30,NA,887
F,30,NA,888
J,29,NA,889
E,29,NA,890
F,29,NA,891
H,29,NA,892
D,29,NA,893
L,29,NA,894
A,29,NA,895
C,29,NA,896
I,29,NA,897
K,29,NA,898
K,29,NA,899
B,29,NA,900
E,31,NA,901
D,31,NA,902
I,31,NA,903
F,31,NA,904
F,31,NA,905
H,31,NA,906
L,31,NA,907
J,31,NA,908
C,31,NA,909
J,31,NA,910
A,31,NA,911
A,31,NA,912
H,32,NA,913
timed_out,32,NA,914
I,32,NA,915
A,32,NA,916
C,32,NA,917
K,32,NA,918
D,32,NA,919
L,32,NA,920
E,32,NA,921
timed_out,32,NA,922
B,32,NA,923
F,32,NA,924
H,31,NA,925
D,31,NA,926
B,31,NA,927
A,31,NA,928
C,31,NA,929
K,31,NA,930
G,31,NA,931
F,31,NA,932
K,31,NA,933
J,31,NA,934
E,31,NA,935
I,31,NA,936
H,32,NA,937
A,32,NA,938
B,32,NA,939
I,32,NA,940
K,32,NA,941
F,32,NA,942
E,32,NA,943
L,32,NA,944
K,32,NA,945
G,32,NA,946
C,32,NA,947
D,32,NA,948
A,31,NA,949
G,31,NA,950
J,31,NA,951
C,31,NA,952
I,31,NA,953
B,31,NA,954
F,31,NA,955
H,31,NA,956
D,31,NA,957
L,31,NA,958
K,31,NA,959
E,31,NA,960
timed_out,33,NA,961
D,33,NA,962
L,33,NA,963
I,33,NA,964
A,33,NA,965
H,33,NA,966
L,33,NA,967
G,33,NA,968
C,33,NA,969
H,33,NA,970
E,33,NA,971
I,33,NA,972
I,34,NA,973
L,34,NA,974
J,34,NA,975
A,34,NA,976
H,34,NA,977
F,34,NA,978
B,34,NA,979
G,34,NA,980
E,34,NA,981
D,34,NA,982
C,34,NA,983
L,34,NA,984
J,33,NA,985
B,33,NA,986
D,33,NA,987
K,33,NA,988
E,33,NA,989
I,33,NA,990
K,33,NA,991
A,33,NA,992
F,33,NA,993
H,33,NA,994
C,33,NA,995
L,33,NA,996
G,34,NA,997
A,34,NA,998
J,34,NA,999
L,34,NA,1000
I,34,NA,1001
E,34,NA,1002
D,34,NA,1003
H,34,NA,1004
K,34,NA,1005
F,34,NA,1006
C,34,NA,1007
B,34,NA,1008
D,33,NA,1009
I,33,NA,1010
K,33,NA,1011
C,33,NA,1012
E,33,NA,1013
H,33,NA,1014
J,33,NA,1015
A,33,NA,1016
G,33,NA,1017
F,33,NA,1018
L,33,NA,1019
B,33,NA,1020
F,35,NA,1021
K,35,NA,1022
E,35,NA,1023
J,35,NA,1024
K,35,NA,1025
D,35,NA,1026
C,35,NA,1027
A,35,NA,1028
I,35,NA,1029
G,35,NA,1030
H,35,NA,1031
C,35,NA,1032
I,36,NA,1033
J,36,NA,1034
H,36,NA,1035
G,36,NA,1036
A,36,NA,1037
E,36,NA,1038
C,36,NA,1039
D,36,NA,1040
K,36,NA,1041
G,36,NA,1042
G,36,NA,1043
L,36,NA,1044
C,35,NA,1045
K,35,NA,1046
D,35,NA,1047
B,35,NA,1048
E,35,NA,1049
F,35,NA,1050
G,35,NA,1051
L,35,NA,1052
H,35,NA,1053
I,35,NA,1054
A,35,NA,1055
J,35,NA,1056
K,36,NA,1057
D,36,NA,1058
F,36,NA,1059
E,36,NA,1060
C,36,NA,1061
L,36,NA,1062
A,36,NA,1063
H,36,NA,1064
B,36,NA,1065
I,36,NA,1066
G,36,NA,1067
J,36,NA,1068
L,35,NA,1069
C,35,NA,1070
E,35,NA,1071
H,35,NA,1072
J,35,NA,1073
I,35,NA,1074
K,35,NA,1075
F,35,NA,1076
B,35,NA,1077
G,35,NA,1078
D,35,NA,1079
A,35,NA,1080
D,37,NA,1081
C,37,NA,1082
K,37,NA,1083
E,37,NA,1084
K,37,NA,1085
J,37,NA,1086
L,37,NA,1087
G,37,NA,1088
H,37,NA,1089
A,37,NA,1090
F,37,NA,1091
timed_out,37,NA,1092
H,38,NA,1093
C,38,NA,1094
F,38,NA,1095
K,38,NA,1096
G,38,NA,1097
H,38,NA,1098
D,38,NA,1099
L,38,NA,1100
A,38,NA,1101
timed_out,38,NA,1102
E,38,NA,1103
I,38,NA,1104
I,37,NA,1105
J,37,NA,1106
K,37,NA,1107
G,37,NA,1108
A,37,NA,1109
L,37,NA,1110
E,37,NA,1111
F,37,NA,1112
D,37,NA,1113
C,37,NA,1114
K,37,NA,1115
H,37,NA,1116
B,38,NA,1117
F,38,NA,1118
D,38,NA,1119
I,38,NA,1120
A,38,NA,1121
C,38,NA,1122
J,38,NA,1123
D,38,NA,1124
L,38,NA,1125
E,38,NA,1126
B,38,NA,1127
H,38,NA,1128
G,37,NA,1129
G,37,NA,1130
F,37,NA,1131
L,37,NA,1132
J,37,NA,1133
A,37,NA,1134
D,37,NA,1135
E,37,NA,1136
K,37,NA,1137
I,37,NA,1138
C,37,NA,1139
H,37,NA,1140
timed_out,39,NA,1141
timed_out,39,NA,1142
J,39,NA,1143
A,39,NA,1144
E,39,NA,1145
timed_out,39,NA,1146
C,39,NA,1147
timed_out,39,NA,1148
C,39,NA,1149
G,39,NA,1150
H,39,NA,1151
K,39,NA,1152
E,40,NA,1153
C,40,NA,1154
F,40,NA,1155
E,40,NA,1156
E,40,NA,1157
H,40,NA,1158
timed_out,40,NA,1159
D,40,NA,1160
A,40,NA,1161
A,40,NA,1162
I,40,NA,1163
H,40,NA,1164
I,39,NA,1165
E,39,NA,1166
J,39,NA,1167
C,39,NA,1168
L,39,NA,1169
G,39,NA,1170
H,39,NA,1171
F,39,NA,1172
H,39,NA,1173
A,39,NA,1174
D,39,NA,1175
B,39,NA,1176
G,40,NA,1177
H,40,NA,1178
timed_out,40,NA,1179
timed_out,40,NA,1180
H,40,NA,1181
B,40,NA,1182
D,40,NA,1183
B,40,NA,1184
C,40,NA,1185
K,40,NA,1186
timed_out,40,NA,1187
E,40,NA,1188
I,39,NA,1189
J,39,NA,1190
L,39,NA,1191
E,39,NA,1192
A,39,NA,1193
G,39,NA,1194
L,39,NA,1195
D,39,NA,1196
K,39,NA,1197
B,39,NA,1198
H,39,NA,1199
F,39,NA,1200
L,41,NA,1201
K,41,NA,1202
H,41,NA,1203
D,41,NA,1204
C,41,NA,1205
J,41,NA,1206
C,41,NA,1207
E,41,NA,1208
A,41,NA,1209
I,41,NA,1210
F,41,NA,1211
L,41,NA,1212
H,42,NA,1213
F,42,NA,1214
L,42,NA,1215
K,42,NA,1216
K,42,NA,1217
B,42,NA,1218
I,42,NA,1219
K,42,NA,1220
A,42,NA,1221
B,42,NA,1222
J,42,NA,1223
E,42,NA,1224
J,41,NA,1225
I,41,NA,1226
B,41,NA,1227
F,41,NA,1228
G,41,NA,1229
L,41,NA,1230
H,41,NA,1231
K,41,NA,1232
D,41,NA,1233
E,41,NA,1234
A,41,NA,1235
C,41,NA,1236
J,42,NA,1237
B,42,NA,1238
A,42,NA,1239
L,42,NA,1240
H,42,NA,1241
G,42,NA,1242
K,42,NA,1243
C,42,NA,1244
F,42,NA,1245
D,42,NA,1246
I,42,NA,1247
E,42,NA,1248
G,41,NA,1249
B,41,NA,1250
I,41,NA,1251
K,41,NA,1252
F,41,NA,1253
H,41,NA,1254
C,41,NA,1255
L,41,NA,1256
D,41,NA,1257
A,41,NA,1258
J,41,NA,1259
E,41,NA,1260
H,43,NA,1261
timed_out,43,NA,1262
timed_out,43,NA,1263
C,43,NA,1264
timed_out,43,NA,1265
I,43,NA,1266
A,43,NA,1267
E,43,NA,1268
timed_out,43,NA,1269
F,43,NA,1270
K,43,NA,1271
L,43,NA,1272
C,44,NA,1273
B,44,NA,1274
H,44,NA,1275
I,44,NA,1276
E,44,NA,1277
J,44,NA,1278
A,44,NA,1279
K,44,NA,1280
F,44,NA,1281
I,44,NA,1282
G,44,NA,1283
L,44,NA,1284
G,43,NA,1285
A,43,NA,1286
J,43,NA,1287
L,43,NA,1288
E,43,NA,1289
H,43,NA,1290
K,43,NA,1291
F,43,NA,1292
D,43,NA,1293
I,43,NA,1294
B,43,NA,1295
C,43,NA,1296
A,44,NA,1297
I,44,NA,1298
E,44,NA,1299
F,44,NA,1300
K,44,NA,1301
L,44,NA,1302
J,44,NA,1303
H,44,NA,1304
D,44,NA,1305
G,44,NA,1306
C,44,NA,1307
B,44,NA,1308
F,43,NA,1309
H,43,NA,1310
B,43,NA,1311
timed_out,43,NA,1312
D,43,NA,1313
I,43,NA,1314
G,43,NA,1315
E,43,NA,1316
A,43,NA,1317
K,43,NA,1318
C,43,NA,1319
J,43,NA,1320
I,45,NA,1321
I,45,NA,1322
C,45,NA,1323
B,45,NA,1324
D,45,NA,1325
timed_out,45,NA,1326
E,45,NA,1327
H,45,NA,1328
timed_out,45,NA,1329
F,45,NA,1330
A,45,NA,1331
timed_out,45,NA,1332
J,46,NA,1333
F,46,NA,1334
timed_out,46,NA,1335
B,46,NA,1336
E,46,NA,1337
B,46,NA,1338
I,46,NA,1339
I,46,NA,1340
C,46,NA,1341
L,46,NA,1342
H,46,NA,1343
D,46,NA,1344
I,45,NA,1345
H,45,NA,1346
J,45,NA,1347
K,45,NA,1348
C,45,NA,1349
F,45,NA,1350
B,45,NA,1351
E,45,NA,1352
D,45,NA,1353
A,45,NA,1354
G,45,NA,1355
L,45,NA,1356
F,46,NA,1357
I,46,NA,1358
D,46,NA,1359
A,46,NA,1360
G,46,NA,1361
K,46,NA,1362
L,46,NA,1363
E,46,NA,1364
B,46,NA,1365
H,46,NA,1366
J,46,NA,1367
C,46,NA,1368
G,45,NA,1369
J,45,NA,1370
E,45,NA,1371
I,45,NA,1372
K,45,NA,1373
A,45,NA,1374
F,45,NA,1375
D,45,NA,1376
L,45,NA,1377
H,45,NA,1378
B,45,NA,1379
C,45,NA,1380
timed_out,47,NA,1381
D,47,NA,1382
F,47,NA,1383
L,47,NA,1384
H,47,NA,1385
F,47,NA,1386
J,47,NA,1387
A,47,NA,1388
J,47,NA,1389
I,47,NA,1390
A,47,NA,1391
timed_out,47,NA,1392
E,48,NA,1393
H,48,NA,1394
B,48,NA,1395
L,48,NA,1396
I,48,NA,1397
L,48,NA,1398
G,48,NA,1399
A,48,NA,1400
G,48,NA,1401
C,48,NA,1402
F,48,NA,1403
J,48,NA,1404
D,47,NA,1405
I,47,NA,1406
K,47,NA,1407
B,47,NA,1408
L,47,NA,1409
A,47,NA,1410
J,47,NA,1411
G,47,NA,1412
E,47,NA,1413
H,47,NA,1414
F,47,NA,1415
C,47,NA,1416
C,48,NA,1417
B,48,NA,1418
G,48,NA,1419
J,48,NA,1420
A,48,NA,1421
L,48,NA,1422
F,48,NA,1423
J,48,NA,1424
E,48,NA,1425
H,48,NA,1426
D,48,NA,1427
I,48,NA,1428
C,47,NA,1429
H,47,NA,1430
A,47,NA,1431
I,47,NA,1432
K,47,NA,1433
J,47,NA,1434
L,47,NA,1435
E,47,NA,1436
D,47,NA,1437
B,47,NA,1438
F,47,NA,1439
G,47,NA,1440
J,49,NA,1441
timed_out,49,NA,1442
C,49,NA,1443
timed_out,49,NA,1444
F,49,NA,1445
timed_out,49,NA,1446
J,49,NA,1447
I,49,NA,1448
L,49,NA,1449
L,49,NA,1450
A,49,NA,1451
D,49,NA,1452
G,50,NA,1453
I,50,NA,1454
D,50,NA,1455
L,50,NA,1456
J,50,NA,1457
K,50,NA,1458
C,50,NA,1459
A,50,NA,1460
F,50,NA,1461
H,50,NA,1462
E,50,NA,1463
B,50,NA,1464
A,49,NA,1465
K,49,NA,1466
G,49,NA,1467
F,49,NA,1468
L,49,NA,1469
I,49,NA,1470
H,49,NA,1471
J,49,NA,1472
E,49,NA,1473
C,49,NA,1474
D,49,NA,1475
K,49,NA,1476
D,50,NA,1477
L,50,NA,1478
A,50,NA,1479
H,50,NA,1480
G,50,NA,1481
B,50,NA,1482
J,50,NA,1483
E,50,NA,1484
C,50,NA,1485
K,50,NA,1486
I,50,NA,1487
F,50,NA,1488
B,49,NA,1489
G,49,NA,1490
C,49,NA,1491
F,49,NA,1492
E,49,NA,1493
D,49,NA,1494
J,49,NA,1495
K,49,NA,1496
H,49,NA,1497
A,49,NA,1498
I,49,NA,1499
L,49,NA,1500
timed_out,51,NA,1501
C,51,NA,1502
H,51,NA,1503
timed_out,51,NA,1504
C,51,NA,1505
F,51,NA,1506
A,51,NA,1507
I,51,NA,1508
E,51,NA,1509
G,51,NA,1510
L,51,NA,1511
D,51,NA,1512
timed_out,52,NA,1513
D,52,NA,1514
L,52,NA,1515
G,52,NA,1516
A,52,NA,1517
E,52,NA,1518
I,52,NA,1519
J,52,NA,1520
B,52,NA,1521
F,52,NA,1522
C,52,NA,1523
K,52,NA,1524
L,51,NA,1525
H,51,NA,1526
A,51,NA,1527
I,51,NA,1528
J,51,NA,1529
B,51,NA,1530
C,51,NA,1531
F,51,NA,1532
E,51,NA,1533
G,51,NA,1534
H,51,NA,1535
D,51,NA,1536
L,52,NA,1537
C,52,NA,1538
B,52,NA,1539
A,52,NA,1540
I,52,NA,1541
G,52,NA,1542
D,52,NA,1543
E,52,NA,1544
J,52,NA,1545
F,52,NA,1546
H,52,NA,1547
B,52,NA,1548
B,51,NA,1549
C,51,NA,1550
E,51,NA,1551
J,51,NA,1552
G,51,NA,1553
D,51,NA,1554
L,51,NA,1555
A,51,NA,1556
I,51,NA,1557
G,51,NA,1558
H,51,NA,1559
F,51,NA,1560
A,53,NA,1561
K,53,NA,1562
K,53,NA,1563
D,53,NA,1564
H,53,NA,1565
G,53,NA,1566
F,53,NA,1567
C,53,NA,1568
E,53,NA,1569
L,53,NA,1570
G,53,NA,1571
I,53,NA,1572
A,54,NA,1573
D,54,NA,1574
C,54,NA,1575
G,54,NA,1576
H,54,NA,1577
E,54,NA,1578
F,54,NA,1579
K,54,NA,1580
I,54,NA,1581
L,54,NA,1582
J,54,NA,1583
K,54,NA,1584
F,53,NA,1585
K,53,NA,1586
C,53,NA,1587
B,53,NA,1588
D,53,NA,1589
timed_out,53,NA,1590
A,53,NA,1591
H,53,NA,1592
L,53,NA,1593
L,53,NA,1594
E,53,NA,1595
I,53,NA,1596
G,54,NA,1597
L,54,NA,1598
A,54,NA,1599
C,54,NA,1600
H,54,NA,1601
G,54,NA,1602
F,54,NA,1603
timed_out,54,NA,1604
I,54,NA,1605
E,54,NA,1606
H,54,NA,1607
D,54,NA,1608
L,53,NA,1609
J,53,NA,1610
K,53,NA,1611
B,53,NA,1612
F,53,NA,1613
L,53,NA,1614
H,53,NA,1615
D,53,NA,1616
A,53,NA,1617
I,53,NA,1618
E,53,NA,1619
C,53,NA,1620
L,55,NA,1621
F,55,NA,1622
A,55,NA,1623
E,55,NA,1624
C,55,NA,1625
I,55,NA,1626
A,55,NA,1627
C,55,NA,1628
H,55,NA,1629
D,55,NA,1630
K,55,NA,1631
L,55,NA,1632
B,56,NA,1633
D,56,NA,1634
B,56,NA,1635
A,56,NA,1636
G,56,NA,1637
F,56,NA,1638
K,56,NA,1639
E,56,NA,1640
I,56,NA,1641
H,56,NA,1642
C,56,NA,1643
L,56,NA,1644
H,55,NA,1645
E,55,NA,1646
I,55,NA,1647
L,55,NA,1648
D,55,NA,1649
G,55,NA,1650
J,55,NA,1651
E,55,NA,1652
A,55,NA,1653
F,55,NA,1654
C,55,NA,1655
K,55,NA,1656
F,56,NA,1657
K,56,NA,1658
B,56,NA,1659
E,56,NA,1660
C,56,NA,1661
A,56,NA,1662
I,56,NA,1663
H,56,NA,1664
J,56,NA,1665
G,56,NA,1666
L,56,NA,1667
K,56,NA,1668
D,55,NA,1669
K,55,NA,1670
H,55,NA,1671
F,55,NA,1672
G,55,NA,1673
J,55,NA,1674
B,55,NA,1675
E,55,NA,1676
A,55,NA,1677
I,55,NA,1678
L,55,NA,1679
C,55,NA,1680
timed_out,57,NA,1681
D,57,NA,1682
A,57,NA,1683
E,57,NA,1684
H,57,NA,1685
B,57,NA,1686
L,57,NA,1687
I,57,NA,1688
C,57,NA,1689
J,57,NA,1690
A,57,NA,1691
K,57,NA,1692
A,58,NA,1693
A,58,NA,1694
I,58,NA,1695
E,58,NA,1696
J,58,NA,1697
K,58,NA,1698
G,58,NA,1699
G,58,NA,1700
F,58,NA,1701
D,58,NA,1702
H,58,NA,1703
C,58,NA,1704
J,57,NA,1705
B,57,NA,1706
E,57,NA,1707
I,57,NA,1708
D,57,NA,1709
L,57,NA,1710
A,57,NA,1711
F,57,NA,1712
C,57,NA,1713
H,57,NA,1714
K,57,NA,1715
B,57,NA,1716
L,58,NA,1717
E,58,NA,1718
A,58,NA,1719
C,58,NA,1720
G,58,NA,1721
L,58,NA,1722
B,58,NA,1723
I,58,NA,1724
D,58,NA,1725
J,58,NA,1726
L,58,NA,1727
C,58,NA,1728
K,57,NA,1729
E,57,NA,1730
I,57,NA,1731
C,57,NA,1732
B,57,NA,1733
A,57,NA,1734
H,57,NA,1735
F,57,NA,1736
L,57,NA,1737
J,57,NA,1738
D,57,NA,1739
C,57,NA,1740
E,59,NA,1741
J,59,NA,1742
I,59,NA,1743
C,59,NA,1744
F,59,NA,1745
K,59,NA,1746
A,59,NA,1747
J,59,NA,1748
K,59,NA,1749
K,59,NA,1750
G,59,NA,1751
I,59,NA,1752
L,60,NA,1753
B,60,NA,1754
I,60,NA,1755
K,60,NA,1756
G,60,NA,1757
A,60,NA,1758
D,60,NA,1759
C,60,NA,1760
F,60,NA,1761
E,60,NA,1762
B,60,NA,1763
J,60,NA,1764
J,59,NA,1765
D,59,NA,1766
A,59,NA,1767
F,59,NA,1768
K,59,NA,1769
I,59,NA,1770
G,59,NA,1771
E,59,NA,1772
H,59,NA,1773
K,59,NA,1774
C,59,NA,1775
B,59,NA,1776
A,60,NA,1777
H,60,NA,1778
G,60,NA,1779
B,60,NA,1780
E,60,NA,1781
L,60,NA,1782
J,60,NA,1783
K,60,NA,1784
D,60,NA,1785
I,60,NA,1786
F,60,NA,1787
C,60,NA,1788
E,59,NA,1789
G,59,NA,1790
J,59,NA,1791
D,59,NA,1792
B,59,NA,1793
A,59,NA,1794
C,59,NA,1795
L,59,NA,1796
F,59,NA,1797
H,59,NA,1798
K,59,NA,1799
I,59,NA,1800
timed_out,61,NA,1801
F,61,NA,1802
C,61,NA,1803
E,61,NA,1804
L,61,NA,1805
A,61,NA,1806
D,61,NA,1807
C,61,NA,1808
I,61,NA,1809
F,61,NA,1810
K,61,NA,1811
D,61,NA,1812
L,62,NA,1813
B,62,NA,1814
A,62,NA,1815
D,62,NA,1816
E,62,NA,1817
L,62,NA,1818
J,62,NA,1819
I,62,NA,1820
J,62,NA,1821
G,62,NA,1822
F,62,NA,1823
H,62,NA,1824
E,61,NA,1825
G,61,NA,1826
A,61,NA,1827
L,61,NA,1828
I,61,NA,1829
C,61,NA,1830
F,61,NA,1831
J,61,NA,1832
K,61,NA,1833
K,61,NA,1834
J,61,NA,1835
B,61,NA,1836
H,62,NA,1837
D,62,NA,1838
I,62,NA,1839
G,62,NA,1840
C,62,NA,1841
F,62,NA,1842
J,62,NA,1843
D,62,NA,1844
K,62,NA,1845
E,62,NA,1846
A,62,NA,1847
L,62,NA,1848
A,61,NA,1849
G,61,NA,1850
I,61,NA,1851
L,61,NA,1852
J,61,NA,1853
E,61,NA,1854
F,61,NA,1855
C,61,NA,1856
B,61,NA,1857
I,61,NA,1858
K,61,NA,1859
H,61,NA,1860
timed_out,63,NA,1861
L,63,NA,1862
L,63,NA,1863
B,63,NA,1864
K,63,NA,1865
C,63,NA,1866
G,63,NA,1867
E,63,NA,1868
A,63,NA,1869
G,63,NA,1870
F,63,NA,1871
I,63,NA,1872
I,64,NA,1873
I,64,NA,1874
L,64,NA,1875
B,64,NA,1876
F,64,NA,1877
L,64,NA,1878
D,64,NA,1879
B,64,NA,1880
C,64,NA,1881
E,64,NA,1882
L,64,NA,1883
B,64,NA,1884
G,63,NA,1885
B,63,NA,1886
J,63,NA,1887
A,63,NA,1888
A,63,NA,1889
D,63,NA,1890
L,63,NA,1891
I,63,NA,1892
E,63,NA,1893
F,63,NA,1894
C,63,NA,1895
H,63,NA,1896
D,64,NA,1897
B,64,NA,1898
C,64,NA,1899
A,64,NA,1900
H,64,NA,1901
L,64,NA,1902
I,64,NA,1903
L,64,NA,1904
J,64,NA,1905
E,64,NA,1906
F,64,NA,1907
G,64,NA,1908
A,63,NA,1909
F,63,NA,1910
L,63,NA,1911
A,63,NA,1912
G,63,NA,1913
C,63,NA,1914
D,63,NA,1915
J,63,NA,1916
I,63,NA,1917
H,63,NA,1918
B,63,NA,1919
E,63,NA,1920
L,65,NA,1921
B,65,NA,1922
F,65,NA,1923
timed_out,65,NA,1924
L,65,NA,1925
D,65,NA,1926
L,65,NA,1927
D,65,NA,1928
I,65,NA,1929
H,65,NA,1930
I,65,NA,1931
E,65,NA,1932
J,66,NA,1933
C,66,NA,1934
B,66,NA,1935
I,66,NA,1936
D,66,NA,1937
F,66,NA,1938
C,66,NA,1939
L,66,NA,1940
K,66,NA,1941
G,66,NA,1942
E,66,NA,1943
H,66,NA,1944
G,65,NA,1945
H,65,NA,1946
I,65,NA,1947
F,65,NA,1948
A,65,NA,1949
D,65,NA,1950
C,65,NA,1951
E,65,NA,1952
J,65,NA,1953
L,65,NA,1954
B,65,NA,1955
K,65,NA,1956
G,66,NA,1957
F,66,NA,1958
K,66,NA,1959
E,66,NA,1960
I,66,NA,1961
B,66,NA,1962
J,66,NA,1963
L,66,NA,1964
D,66,NA,1965
H,66,NA,1966
A,66,NA,1967
C,66,NA,1968
C,65,NA,1969
B,65,NA,1970
F,65,NA,1971
H,65,NA,1972
K,65,NA,1973
D,65,NA,1974
E,65,NA,1975
C,65,NA,1976
L,65,NA,1977
J,65,NA,1978
G,65,NA,1979
I,65,NA,1980
timed_out,67,NA,1981
J,67,NA,1982
C,67,NA,1983
timed_out,67,NA,1984
D,67,NA,1985
H,67,NA,1986
A,67,NA,1987
D,67,NA,1988
C,67,NA,1989
G,67,NA,1990
E,67,NA,1991
C,67,NA,1992
K,68,NA,1993
A,68,NA,1994
D,68,NA,1995
E,68,NA,1996
F,68,NA,1997
G,68,NA,1998
G,68,NA,1999
L,68,NA,2000
I,68,NA,2001
C,68,NA,2002
H,68,NA,2003
H,68,NA,2004
A,67,NA,2005
F,67,NA,2006
B,67,NA,2007
H,67,NA,2008
J,67,NA,2009
C,67,NA,2010
L,67,NA,2011
G,67,NA,2012
B,67,NA,2013
I,67,NA,2014
D,67,NA,2015
E,67,NA,2016
A,68,NA,2017
J,68,NA,2018
H,68,NA,2019
C,68,NA,2020
D,68,NA,2021
F,68,NA,2022
E,68,NA,2023
B,68,NA,2024
B,68,NA,2025
I,68,NA,2026
A,68,NA,2027
G,68,NA,2028
J,67,NA,2029
A,67,NA,2030
L,67,NA,2031
I,67,NA,2032
D,67,NA,2033
H,67,NA,2034
E,67,NA,2035
L,67,NA,2036
F,67,NA,2037
F,67,NA,2038
C,67,NA,2039
B,67,NA,2040
F,69,NA,2041
K,69,NA,2042
D,69,NA,2043
K,69,NA,2044
G,69,NA,2045
C,69,NA,2046
B,69,NA,2047
L,69,NA,2048
F,69,NA,2049
J,69,NA,2050
G,69,NA,2051
L,69,NA,2052
B,70,NA,2053
G,70,NA,2054
E,70,NA,2055
H,70,NA,2056
B,70,NA,2057
C,70,NA,2058
L,70,NA,2059
L,70,NA,2060
D,70,NA,2061
J,70,NA,2062
A,70,NA,2063
G,70,NA,2064
K,69,NA,2065
H,69,NA,2066
F,69,NA,2067
G,69,NA,2068
D,69,NA,2069
G,69,NA,2070
B,69,NA,2071
I,69,NA,2072
J,69,NA,2073
G,69,NA,2074
K,69,NA,2075
J,69,NA,2076
E,70,NA,2077
B,70,NA,2078
K,70,NA,2079
C,70,NA,2080
A,70,NA,2081
I,70,NA,2082
J,70,NA,2083
D,70,NA,2084
A,70,NA,2085
A,70,NA,2086
E,70,NA,2087
H,70,NA,2088
K,69,NA,2089
E,69,NA,2090
B,69,NA,2091
J,69,NA,2092
F,69,NA,2093
L,69,NA,2094
A,69,NA,2095
G,69,NA,2096
C,69,NA,2097
H,69,NA,2098
I,69,NA,2099
G,69,NA,2100
B,71,NA,2101
D,71,NA,2102
E,71,NA,2103
E,71,NA,2104
G,71,NA,2105
L,71,NA,2106
I,71,NA,2107
E,71,NA,2108
C,71,NA,2109
F,71,NA,2110
timed_out,71,NA,2111
D,71,NA,2112
H,72,NA,2113
A,72,NA,2114
J,72,NA,2115
L,72,NA,2116
H,72,NA,2117
C,72,NA,2118
F,72,NA,2119
G,72,NA,2120
K,72,NA,2121
K,72,NA,2122
I,72,NA,2123
E,72,NA,2124
D,71,NA,2125
E,71,NA,2126
F,71,NA,2127
A,71,NA,2128
D,71,NA,2129
K,71,NA,2130
E,71,NA,2131
B,71,NA,2132
G,71,NA,2133
C,71,NA,2134
L,71,NA,2135
I,71,NA,2136
B,72,NA,2137
H,72,NA,2138
J,72,NA,2139
K,72,NA,2140
E,72,NA,2141
D,72,NA,2142
C,72,NA,2143
A,72,NA,2144
G,72,NA,2145
F,72,NA,2146
I,72,NA,2147
H,72,NA,2148
K,71,NA,2149
A,71,NA,2150
F,71,NA,2151
B,71,NA,2152
C,71,NA,2153
L,71,NA,2154
D,71,NA,2155
H,71,NA,2156
I,71,NA,2157
G,71,NA,2158
E,71,NA,2159
J,71,NA,2160
E,73,NA,2161
J,73,NA,2162
L,73,NA,2163
A,73,NA,2164
F,73,NA,2165
A,73,NA,2166
L,73,NA,2167
C,73,NA,2168
K,73,NA,2169
I,73,NA,2170
B,73,NA,2171
E,73,NA,2172
D,74,NA,2173
F,74,NA,2174
L,74,NA,2175
E,74,NA,2176
C,74,NA,2177
A,74,NA,2178
G,74,NA,2179
K,74,NA,2180
I,74,NA,2181
D,74,NA,2182
J,74,NA,2183
D,74,NA,2184
D,73,NA,2185
J,73,NA,2186
E,73,NA,2187
I,73,NA,2188
A,73,NA,2189
H,73,NA,2190
K,73,NA,2191
L,73,NA,2192
C,73,NA,2193
F,73,NA,2194
I,73,NA,2195
G,73,NA,2196
L,74,NA,2197
H,74,NA,2198
F,74,NA,2199
J,74,NA,2200
K,74,NA,2201
E,74,NA,2202
C,74,NA,2203
A,74,NA,2204
I,74,NA,2205
G,74,NA,2206
D,74,NA,2207
C,74,NA,2208
I,73,NA,2209
E,73,NA,2210
K,73,NA,2211
E,73,NA,2212
C,73,NA,2213
D,73,NA,2214
L,73,NA,2215
J,73,NA,2216
F,73,NA,2217
G,73,NA,2218
A,73,NA,2219
H,73,NA,2220
F,75,NA,2221
I,75,NA,2222
H,75,NA,2223
J,75,NA,2224
I,75,NA,2225
E,75,NA,2226
B,75,NA,2227
J,75,NA,2228
A,75,NA,2229
D,75,NA,2230
C,75,NA,2231
G,75,NA,2232
timed_out,76,NA,2233
timed_out,76,NA,2234
C,76,NA,2235
E,76,NA,2236
F,76,NA,2237
L,76,NA,2238
J,76,NA,2239
I,76,NA,2240
D,76,NA,2241
A,76,NA,2242
K,76,NA,2243
C,76,NA,2244
C,75,NA,2245
L,75,NA,2246
K,75,NA,2247
B,75,NA,2248
H,75,NA,2249
K,75,NA,2250
E,75,NA,2251
E,75,NA,2252
K,75,NA,2253
C,75,NA,2254
timed_out,75,NA,2255
F,75,NA,2256
L,76,NA,2257
D,76,NA,2258
I,76,NA,2259
F,76,NA,2260
timed_out,76,NA,2261
J,76,NA,2262
E,76,NA,2263
A,76,NA,2264
K,76,NA,2265
D,76,NA,2266
H,76,NA,2267
timed_out,76,NA,2268
F,75,NA,2269
D,75,NA,2270
C,75,NA,2271
F,75,NA,2272
H,75,NA,2273
A,75,NA,2274
E,75,NA,2275
B,75,NA,2276
L,75,NA,2277
E,75,NA,2278
A,75,NA,2279
I,75,NA,2280
timed_out,77,NA,2281
B,77,NA,2282
C,77,NA,2283
D,77,NA,2284
K,77,NA,2285
K,77,NA,2286
C,77,NA,2287
F,77,NA,2288
I,77,NA,2289
A,77,NA,2290
I,77,NA,2291
D,77,NA,2292
C,78,NA,2293
B,78,NA,2294
G,78,NA,2295
A,78,NA,2296
H,78,NA,2297
B,78,NA,2298
I,78,NA,2299
B,78,NA,2300
D,78,NA,2301
L,78,NA,2302
G,78,NA,2303
E,78,NA,2304
A,77,NA,2305
G,77,NA,2306
K,77,NA,2307
D,77,NA,2308
D,77,NA,2309
C,77,NA,2310
E,77,NA,2311
L,77,NA,2312
H,77,NA,2313
E,77,NA,2314
B,77,NA,2315
I,77,NA,2316
L,78,NA,2317
H,78,NA,2318
B,78,NA,2319
G,78,NA,2320
E,78,NA,2321
A,78,NA,2322
C,78,NA,2323
I,78,NA,2324
J,78,NA,2325
B,78,NA,2326
G,78,NA,2327
J,78,NA,2328
I,77,NA,2329
G,77,NA,2330
D,77,NA,2331
A,77,NA,2332
H,77,NA,2333
E,77,NA,2334
K,77,NA,2335
L,77,NA,2336
D,77,NA,2337
timed_out,77,NA,2338
C,77,NA,2339
F,77,NA,2340
I,79,NA,2341
timed_out,79,NA,2342
H,79,NA,2343
timed_out,79,NA,2344
G,79,NA,2345
H,79,NA,2346
I,79,NA,2347
L,79,NA,2348
F,79,NA,2349
B,79,NA,2350
J,79,NA,2351
I,79,NA,2352
E,80,NA,2353
E,80,NA,2354
J,80,NA,2355
I,80,NA,2356
H,80,NA,2357
D,80,NA,2358
G,80,NA,2359
F,80,NA,2360
A,80,NA,2361
timed_out,80,NA,2362
L,80,NA,2363
A,80,NA,2364
D,79,NA,2365
A,79,NA,2366
L,79,NA,2367
F,79,NA,2368
I,79,NA,2369
B,79,NA,2370
K,79,NA,2371
J,79,NA,2372
L,79,NA,2373
H,79,NA,2374
E,79,NA,2375
G,79,NA,2376
J,80,NA,2377
F,80,NA,2378
G,80,NA,2379
C,80,NA,2380
H,80,NA,2381
L,80,NA,2382
K,80,NA,2383
K,80,NA,2384
D,80,NA,2385
E,80,NA,2386
I,80,NA,2387
A,80,NA,2388
H,79,NA,2389
J,79,NA,2390
I,79,NA,2391
B,79,NA,2392
A,79,NA,2393
C,79,NA,2394
E,79,NA,2395
F,79,NA,2396
L,79,NA,2397
G,79,NA,2398
B,79,NA,2399
D,79,NA,2400
G,81,NA,2401
C,81,NA,2402
F,81,NA,2403
H,81,NA,2404
D,81,NA,2405
K,81,NA,2406
K,81,NA,2407
I,81,NA,2408
G,81,NA,2409
J,81,NA,2410
C,81,NA,2411
G,81,NA,2412
D,82,NA,2413
I,82,NA,2414
J,82,NA,2415
H,82,NA,2416
D,82,NA,2417
A,82,NA,2418
A,82,NA,2419
L,82,NA,2420
E,82,NA,2421
H,82,NA,2422
F,82,NA,2423
K,82,NA,2424
L,81,NA,2425
H,81,NA,2426
A,81,NA,2427
J,81,NA,2428
C,81,NA,2429
E,81,NA,2430
I,81,NA,2431
F,81,NA,2432
B,81,NA,2433
C,81,NA,2434
D,81,NA,2435
L,81,NA,2436
A,82,NA,2437
C,82,NA,2438
L,82,NA,2439
D,82,NA,2440
H,82,NA,2441
F,82,NA,2442
K,82,NA,2443
I,82,NA,2444
G,82,NA,2445
E,82,NA,2446
G,82,NA,2447
J,82,NA,2448
L,81,NA,2449
D,81,NA,2450
F,81,NA,2451
H,81,NA,2452
K,81,NA,2453
C,81,NA,2454
I,81,NA,2455
B,81,NA,2456
A,81,NA,2457
A,81,NA,2458
J,81,NA,2459
E,81,NA,2460
I,83,NA,2461
F,83,NA,2462
H,83,NA,2463
I,83,NA,2464
C,83,NA,2465
L,83,NA,2466
L,83,NA,2467
G,83,NA,2468
D,83,NA,2469
I,83,NA,2470
H,83,NA,2471
I,83,NA,2472
K,84,NA,2473
E,84,NA,2474
L,84,NA,2475
I,84,NA,2476
J,84,NA,2477
B,84,NA,2478
D,84,NA,2479
D,84,NA,2480
G,84,NA,2481
C,84,NA,2482
L,84,NA,2483
F,84,NA,2484
G,83,NA,2485
I,83,NA,2486
G,83,NA,2487
F,83,NA,2488
I,83,NA,2489
A,83,NA,2490
H,83,NA,2491
D,83,NA,2492
E,83,NA,2493
C,83,NA,2494
D,83,NA,2495
L,83,NA,2496
E,84,NA,2497
H,84,NA,2498
D,84,NA,2499
A,84,NA,2500
G,84,NA,2501
L,84,NA,2502
K,84,NA,2503
B,84,NA,2504
C,84,NA,2505
J,84,NA,2506
F,84,NA,2507
I,84,NA,2508
F,83,NA,2509
L,83,NA,2510
J,83,NA,2511
G,83,NA,2512
A,83,NA,2513
E,83,NA,2514
H,83,NA,2515
C,83,NA,2516
D,83,NA,2517
B,83,NA,2518
I,83,NA,2519
K,83,NA,2520
E,85,NA,2521
D,85,NA,2522
A,85,NA,2523
C,85,NA,2524
J,85,NA,2525
F,85,NA,2526
I,85,NA,2527
G,85,NA,2528
H,85,NA,2529
L,85,NA,2530
D,85,NA,2531
G,85,NA,2532
I,86,NA,2533
H,86,NA,2534
A,86,NA,2535
timed_out,86,NA,2536
E,86,NA,2537
F,86,NA,2538
D,86,NA,2539
A,86,NA,2540
I,86,NA,2541
L,86,NA,2542
I,86,NA,2543
A,86,NA,2544
D,85,NA,2545
L,85,NA,2546
H,85,NA,2547
F,85,NA,2548
G,85,NA,2549
B,85,NA,2550
E,85,NA,2551
A,85,NA,2552
L,85,NA,2553
C,85,NA,2554
J,85,NA,2555
I,85,NA,2556
C,86,NA,2557
E,86,NA,2558
A,86,NA,2559
G,86,NA,2560
H,86,NA,2561
I,86,NA,2562
B,86,NA,2563
D,86,NA,2564
F,86,NA,2565
L,86,NA,2566
K,86,NA,2567
A,86,NA,2568
H,85,NA,2569
D,85,NA,2570
A,85,NA,2571
L,85,NA,2572
I,85,NA,2573
B,85,NA,2574
G,85,NA,2575
C,85,NA,2576
K,85,NA,2577
J,85,NA,2578
E,85,NA,2579
F,85,NA,2580
E,87,NA,2581
timed_out,87,NA,2582
A,87,NA,2583
G,87,NA,2584
I,87,NA,2585
F,87,NA,2586
B,87,NA,2587
B,87,NA,2588
I,87,NA,2589
L,87,NA,2590
G,87,NA,2591
I,87,NA,2592
H,88,NA,2593
L,88,NA,2594
B,88,NA,2595
timed_out,88,NA,2596
E,88,NA,2597
F,88,NA,2598
D,88,NA,2599
C,88,NA,2600
H,88,NA,2601
I,88,NA,2602
F,88,NA,2603
L,88,NA,2604
L,87,NA,2605
A,87,NA,2606
K,87,NA,2607
B,87,NA,2608
timed_out,87,NA,2609
C,87,NA,2610
J,87,NA,2611
K,87,NA,2612
L,87,NA,2613
C,87,NA,2614
F,87,NA,2615
E,87,NA,2616
C,88,NA,2617
D,88,NA,2618
H,88,NA,2619
I,88,NA,2620
E,88,NA,2621
G,88,NA,2622
D,88,NA,2623
timed_out,88,NA,2624
F,88,NA,2625
L,88,NA,2626
K,88,NA,2627
J,88,NA,2628
F,87,NA,2629
I,87,NA,2630
A,87,NA,2631
K,87,NA,2632
B,87,NA,2633
C,87,NA,2634
D,87,NA,2635
I,87,NA,2636
G,87,NA,2637
J,87,NA,2638
B,87,NA,2639
E,87,NA,2640
C,89,NA,2641
timed_out,89,NA,2642
E,89,NA,2643
I,89,NA,2644
K,89,NA,2645
D,89,NA,2646
L,89,NA,2647
F,89,NA,2648
K,89,NA,2649
A,89,NA,2650
B,89,NA,2651
H,89,NA,2652
B,90,NA,2653
C,90,NA,2654
L,90,NA,2655
A,90,NA,2656
I,90,NA,2657
I,90,NA,2658
J,90,NA,2659
D,90,NA,2660
B,90,NA,2661
E,90,NA,2662
C,90,NA,2663
K,90,NA,2664
H,89,NA,2665
A,89,NA,2666
C,89,NA,2667
G,89,NA,2668
L,89,NA,2669
E,89,NA,2670
I,89,NA,2671
J,89,NA,2672
H,89,NA,2673
D,89,NA,2674
H,89,NA,2675
K,89,NA,2676
J,90,NA,2677
H,90,NA,2678
timed_out,90,NA,2679
I,90,NA,2680
B,90,NA,2681
D,90,NA,2682
L,90,NA,2683
G,90,NA,2684
C,90,NA,2685
F,90,NA,2686
H,90,NA,2687
E,90,NA,2688
D,89,NA,2689
H,89,NA,2690
J,89,NA,2691
F,89,NA,2692
F,89,NA,2693
A,89,NA,2694
L,89,NA,2695
E,89,NA,2696
C,89,NA,2697
B,89,NA,2698
G,89,NA,2699
I,89,NA,2700
