room_num,option_set,target,stage_num,trial_num,rep_num,exclude,exclusion_reason,order_match,condition_id,describer,matchers,trial_id,game_id
1,1;2;3;4;5;6;7;8;9;10,9,1,1,1,FALSE,NA,match,1,1,1,1,1
1,1;2;3;4;5;6;7;8;9;10,9,1,1,1,FALSE,NA,match,1,2,2,2,2
1,1;2;3;4;5;6;7;8;9;10,9,1,1,1,FALSE,NA,match,1,3,3,3,3
1,1;2;3;4;5;6;7;8;9;10,9,1,1,1,FALSE,NA,match,1,4,4,4,4
1,1;2;3;4;5;6;7;8;9;10,9,1,1,1,FALSE,NA,match,1,5,5,5,5
1,1;2;3;4;5;6;7;8;9;10,9,1,1,1,FALSE,NA,match,1,6,6,6,6
1,1;2;3;4;5;6;7;8;9;10,9,1,1,1,FALSE,NA,match,1,7,7,7,7
1,1;2;3;4;5;6;7;8;9;10,9,1,1,1,FALSE,NA,match,1,8,8,8,8
1,1;2;3;4;5;6;7;8;9;10,9,1,1,1,FALSE,NA,match,1,9,9,9,9
1,1;2;3;4;5;6;7;8;9;10,9,1,1,1,FALSE,NA,match,1,10,10,10,10
1,1;2;3;4;5;6;7;8;9;10,3,1,2,1,FALSE,NA,match,1,1,1,11,1
1,1;2;3;4;5;6;7;8;9;10,3,1,2,1,FALSE,NA,match,1,2,2,12,2
1,1;2;3;4;5;6;7;8;9;10,3,1,2,1,FALSE,NA,match,1,3,3,13,3
1,1;2;3;4;5;6;7;8;9;10,3,1,2,1,FALSE,NA,match,1,4,4,14,4
1,1;2;3;4;5;6;7;8;9;10,3,1,2,1,FALSE,NA,match,1,5,5,15,5
1,1;2;3;4;5;6;7;8;9;10,3,1,2,1,FALSE,NA,match,1,6,6,16,6
1,1;2;3;4;5;6;7;8;9;10,3,1,2,1,FALSE,NA,match,1,7,7,17,7
1,1;2;3;4;5;6;7;8;9;10,3,1,2,1,FALSE,NA,match,1,8,8,18,8
1,1;2;3;4;5;6;7;8;9;10,3,1,2,1,FALSE,NA,match,1,9,9,19,9
1,1;2;3;4;5;6;7;8;9;10,3,1,2,1,FALSE,NA,match,1,10,10,20,10
1,1;2;3;4;5;6;7;8;9;10,7,1,3,1,FALSE,NA,match,1,1,1,21,1
1,1;2;3;4;5;6;7;8;9;10,7,1,3,1,FALSE,NA,match,1,2,2,22,2
1,1;2;3;4;5;6;7;8;9;10,7,1,3,1,FALSE,NA,match,1,3,3,23,3
1,1;2;3;4;5;6;7;8;9;10,7,1,3,1,FALSE,NA,match,1,4,4,24,4
1,1;2;3;4;5;6;7;8;9;10,7,1,3,1,FALSE,NA,match,1,5,5,25,5
1,1;2;3;4;5;6;7;8;9;10,7,1,3,1,FALSE,NA,match,1,6,6,26,6
1,1;2;3;4;5;6;7;8;9;10,7,1,3,1,FALSE,NA,match,1,7,7,27,7
1,1;2;3;4;5;6;7;8;9;10,7,1,3,1,FALSE,NA,match,1,8,8,28,8
1,1;2;3;4;5;6;7;8;9;10,7,1,3,1,FALSE,NA,match,1,9,9,29,9
1,1;2;3;4;5;6;7;8;9;10,7,1,3,1,FALSE,NA,match,1,10,10,30,10
1,1;2;3;4;5;6;7;8;9;10,5,1,4,1,FALSE,NA,match,1,1,1,31,1
1,1;2;3;4;5;6;7;8;9;10,5,1,4,1,FALSE,NA,match,1,2,2,32,2
1,1;2;3;4;5;6;7;8;9;10,5,1,4,1,FALSE,NA,match,1,3,3,33,3
1,1;2;3;4;5;6;7;8;9;10,5,1,4,1,FALSE,NA,match,1,4,4,34,4
1,1;2;3;4;5;6;7;8;9;10,5,1,4,1,FALSE,NA,match,1,5,5,35,5
1,1;2;3;4;5;6;7;8;9;10,5,1,4,1,FALSE,NA,match,1,6,6,36,6
1,1;2;3;4;5;6;7;8;9;10,5,1,4,1,FALSE,NA,match,1,7,7,37,7
1,1;2;3;4;5;6;7;8;9;10,5,1,4,1,FALSE,NA,match,1,8,8,38,8
1,1;2;3;4;5;6;7;8;9;10,5,1,4,1,FALSE,NA,match,1,9,9,39,9
1,1;2;3;4;5;6;7;8;9;10,5,1,4,1,FALSE,NA,match,1,10,10,40,10
1,1;2;3;4;5;6;7;8;9;10,10,1,5,1,FALSE,NA,match,1,1,1,41,1
1,1;2;3;4;5;6;7;8;9;10,10,1,5,1,FALSE,NA,match,1,2,2,42,2
1,1;2;3;4;5;6;7;8;9;10,10,1,5,1,FALSE,NA,match,1,3,3,43,3
1,1;2;3;4;5;6;7;8;9;10,10,1,5,1,FALSE,NA,match,1,4,4,44,4
1,1;2;3;4;5;6;7;8;9;10,10,1,5,1,FALSE,NA,match,1,5,5,45,5
1,1;2;3;4;5;6;7;8;9;10,10,1,5,1,FALSE,NA,match,1,6,6,46,6
1,1;2;3;4;5;6;7;8;9;10,10,1,5,1,FALSE,NA,match,1,7,7,47,7
1,1;2;3;4;5;6;7;8;9;10,10,1,5,1,FALSE,NA,match,1,8,8,48,8
1,1;2;3;4;5;6;7;8;9;10,10,1,5,1,FALSE,NA,match,1,9,9,49,9
1,1;2;3;4;5;6;7;8;9;10,10,1,5,1,FALSE,NA,match,1,10,10,50,10
1,1;2;3;4;5;6;7;8;9;10,1,1,6,1,FALSE,NA,match,1,1,1,51,1
1,1;2;3;4;5;6;7;8;9;10,1,1,6,1,FALSE,NA,match,1,2,2,52,2
1,1;2;3;4;5;6;7;8;9;10,1,1,6,1,FALSE,NA,match,1,3,3,53,3
1,1;2;3;4;5;6;7;8;9;10,1,1,6,1,FALSE,NA,match,1,4,4,54,4
1,1;2;3;4;5;6;7;8;9;10,1,1,6,1,FALSE,NA,match,1,5,5,55,5
1,1;2;3;4;5;6;7;8;9;10,1,1,6,1,FALSE,NA,match,1,6,6,56,6
1,1;2;3;4;5;6;7;8;9;10,1,1,6,1,FALSE,NA,match,1,7,7,57,7
1,1;2;3;4;5;6;7;8;9;10,1,1,6,1,FALSE,NA,match,1,8,8,58,8
1,1;2;3;4;5;6;7;8;9;10,1,1,6,1,FALSE,NA,match,1,9,9,59,9
1,1;2;3;4;5;6;7;8;9;10,1,1,6,1,FALSE,NA,match,1,10,10,60,10
1,1;2;3;4;5;6;7;8;9;10,4,1,7,1,FALSE,NA,match,1,1,1,61,1
1,1;2;3;4;5;6;7;8;9;10,4,1,7,1,FALSE,NA,match,1,2,2,62,2
1,1;2;3;4;5;6;7;8;9;10,4,1,7,1,FALSE,NA,match,1,3,3,63,3
1,1;2;3;4;5;6;7;8;9;10,4,1,7,1,FALSE,NA,match,1,4,4,64,4
1,1;2;3;4;5;6;7;8;9;10,4,1,7,1,FALSE,NA,match,1,5,5,65,5
1,1;2;3;4;5;6;7;8;9;10,4,1,7,1,FALSE,NA,match,1,6,6,66,6
1,1;2;3;4;5;6;7;8;9;10,4,1,7,1,FALSE,NA,match,1,7,7,67,7
1,1;2;3;4;5;6;7;8;9;10,4,1,7,1,FALSE,NA,match,1,8,8,68,8
1,1;2;3;4;5;6;7;8;9;10,4,1,7,1,FALSE,NA,match,1,9,9,69,9
1,1;2;3;4;5;6;7;8;9;10,4,1,7,1,FALSE,NA,match,1,10,10,70,10
1,1;2;3;4;5;6;7;8;9;10,6,1,8,1,FALSE,NA,match,1,1,1,71,1
1,1;2;3;4;5;6;7;8;9;10,6,1,8,1,FALSE,NA,match,1,2,2,72,2
1,1;2;3;4;5;6;7;8;9;10,6,1,8,1,FALSE,NA,match,1,3,3,73,3
1,1;2;3;4;5;6;7;8;9;10,6,1,8,1,FALSE,NA,match,1,4,4,74,4
1,1;2;3;4;5;6;7;8;9;10,6,1,8,1,FALSE,NA,match,1,5,5,75,5
1,1;2;3;4;5;6;7;8;9;10,6,1,8,1,FALSE,NA,match,1,6,6,76,6
1,1;2;3;4;5;6;7;8;9;10,6,1,8,1,FALSE,NA,match,1,7,7,77,7
1,1;2;3;4;5;6;7;8;9;10,6,1,8,1,FALSE,NA,match,1,8,8,78,8
1,1;2;3;4;5;6;7;8;9;10,6,1,8,1,FALSE,NA,match,1,9,9,79,9
1,1;2;3;4;5;6;7;8;9;10,6,1,8,1,FALSE,NA,match,1,10,10,80,10
1,1;2;3;4;5;6;7;8;9;10,2,1,9,1,FALSE,NA,match,1,1,1,81,1
1,1;2;3;4;5;6;7;8;9;10,2,1,9,1,FALSE,NA,match,1,2,2,82,2
1,1;2;3;4;5;6;7;8;9;10,2,1,9,1,FALSE,NA,match,1,3,3,83,3
1,1;2;3;4;5;6;7;8;9;10,2,1,9,1,FALSE,NA,match,1,4,4,84,4
1,1;2;3;4;5;6;7;8;9;10,2,1,9,1,FALSE,NA,match,1,5,5,85,5
1,1;2;3;4;5;6;7;8;9;10,2,1,9,1,FALSE,NA,match,1,6,6,86,6
1,1;2;3;4;5;6;7;8;9;10,2,1,9,1,FALSE,NA,match,1,7,7,87,7
1,1;2;3;4;5;6;7;8;9;10,2,1,9,1,FALSE,NA,match,1,8,8,88,8
1,1;2;3;4;5;6;7;8;9;10,2,1,9,1,FALSE,NA,match,1,9,9,89,9
1,1;2;3;4;5;6;7;8;9;10,2,1,9,1,FALSE,NA,match,1,10,10,90,10
1,1;2;3;4;5;6;7;8;9;10,8,1,10,1,FALSE,NA,match,1,1,1,91,1
1,1;2;3;4;5;6;7;8;9;10,8,1,10,1,FALSE,NA,match,1,2,2,92,2
1,1;2;3;4;5;6;7;8;9;10,8,1,10,1,FALSE,NA,match,1,3,3,93,3
1,1;2;3;4;5;6;7;8;9;10,8,1,10,1,FALSE,NA,match,1,4,4,94,4
1,1;2;3;4;5;6;7;8;9;10,8,1,10,1,FALSE,NA,match,1,5,5,95,5
1,1;2;3;4;5;6;7;8;9;10,8,1,10,1,FALSE,NA,match,1,6,6,96,6
1,1;2;3;4;5;6;7;8;9;10,8,1,10,1,FALSE,NA,match,1,7,7,97,7
1,1;2;3;4;5;6;7;8;9;10,8,1,10,1,FALSE,NA,match,1,8,8,98,8
1,1;2;3;4;5;6;7;8;9;10,8,1,10,1,FALSE,NA,match,1,9,9,99,9
1,1;2;3;4;5;6;7;8;9;10,8,1,10,1,FALSE,NA,match,1,10,10,100,10
1,1;2;3;4;5;6;7;8;9;10,6,1,11,1,FALSE,NA,match,1,1,1,101,1
1,1;2;3;4;5;6;7;8;9;10,6,1,11,1,FALSE,NA,match,1,2,2,102,2
1,1;2;3;4;5;6;7;8;9;10,6,1,11,1,FALSE,NA,match,1,3,3,103,3
1,1;2;3;4;5;6;7;8;9;10,6,1,11,1,FALSE,NA,match,1,4,4,104,4
1,1;2;3;4;5;6;7;8;9;10,6,1,11,1,FALSE,NA,match,1,5,5,105,5
1,1;2;3;4;5;6;7;8;9;10,6,1,11,1,FALSE,NA,match,1,6,6,106,6
1,1;2;3;4;5;6;7;8;9;10,6,1,11,1,FALSE,NA,match,1,7,7,107,7
1,1;2;3;4;5;6;7;8;9;10,6,1,11,1,FALSE,NA,match,1,8,8,108,8
1,1;2;3;4;5;6;7;8;9;10,6,1,11,1,FALSE,NA,match,1,9,9,109,9
1,1;2;3;4;5;6;7;8;9;10,6,1,11,1,FALSE,NA,match,1,10,10,110,10
1,1;2;3;4;5;6;7;8;9;10,9,1,12,1,FALSE,NA,match,1,1,1,111,1
1,1;2;3;4;5;6;7;8;9;10,9,1,12,1,FALSE,NA,match,1,2,2,112,2
1,1;2;3;4;5;6;7;8;9;10,9,1,12,1,FALSE,NA,match,1,3,3,113,3
1,1;2;3;4;5;6;7;8;9;10,9,1,12,1,FALSE,NA,match,1,4,4,114,4
1,1;2;3;4;5;6;7;8;9;10,9,1,12,1,FALSE,NA,match,1,5,5,115,5
1,1;2;3;4;5;6;7;8;9;10,9,1,12,1,FALSE,NA,match,1,6,6,116,6
1,1;2;3;4;5;6;7;8;9;10,9,1,12,1,FALSE,NA,match,1,7,7,117,7
1,1;2;3;4;5;6;7;8;9;10,9,1,12,1,FALSE,NA,match,1,8,8,118,8
1,1;2;3;4;5;6;7;8;9;10,9,1,12,1,FALSE,NA,match,1,9,9,119,9
1,1;2;3;4;5;6;7;8;9;10,9,1,12,1,FALSE,NA,match,1,10,10,120,10
1,1;2;3;4;5;6;7;8;9;10,1,1,13,1,FALSE,NA,match,1,1,1,121,1
1,1;2;3;4;5;6;7;8;9;10,1,1,13,1,FALSE,NA,match,1,2,2,122,2
1,1;2;3;4;5;6;7;8;9;10,1,1,13,1,FALSE,NA,match,1,3,3,123,3
1,1;2;3;4;5;6;7;8;9;10,1,1,13,1,FALSE,NA,match,1,4,4,124,4
1,1;2;3;4;5;6;7;8;9;10,1,1,13,1,FALSE,NA,match,1,5,5,125,5
1,1;2;3;4;5;6;7;8;9;10,1,1,13,1,FALSE,NA,match,1,6,6,126,6
1,1;2;3;4;5;6;7;8;9;10,1,1,13,1,FALSE,NA,match,1,7,7,127,7
1,1;2;3;4;5;6;7;8;9;10,1,1,13,1,FALSE,NA,match,1,8,8,128,8
1,1;2;3;4;5;6;7;8;9;10,1,1,13,1,FALSE,NA,match,1,9,9,129,9
1,1;2;3;4;5;6;7;8;9;10,1,1,13,1,FALSE,NA,match,1,10,10,130,10
1,1;2;3;4;5;6;7;8;9;10,7,1,14,1,FALSE,NA,match,1,1,1,131,1
1,1;2;3;4;5;6;7;8;9;10,7,1,14,1,FALSE,NA,match,1,2,2,132,2
1,1;2;3;4;5;6;7;8;9;10,7,1,14,1,FALSE,NA,match,1,3,3,133,3
1,1;2;3;4;5;6;7;8;9;10,7,1,14,1,FALSE,NA,match,1,4,4,134,4
1,1;2;3;4;5;6;7;8;9;10,7,1,14,1,FALSE,NA,match,1,5,5,135,5
1,1;2;3;4;5;6;7;8;9;10,7,1,14,1,FALSE,NA,match,1,6,6,136,6
1,1;2;3;4;5;6;7;8;9;10,7,1,14,1,FALSE,NA,match,1,7,7,137,7
1,1;2;3;4;5;6;7;8;9;10,7,1,14,1,FALSE,NA,match,1,8,8,138,8
1,1;2;3;4;5;6;7;8;9;10,7,1,14,1,FALSE,NA,match,1,9,9,139,9
1,1;2;3;4;5;6;7;8;9;10,7,1,14,1,FALSE,NA,match,1,10,10,140,10
1,1;2;3;4;5;6;7;8;9;10,8,1,15,1,FALSE,NA,match,1,1,1,141,1
1,1;2;3;4;5;6;7;8;9;10,8,1,15,1,FALSE,NA,match,1,2,2,142,2
1,1;2;3;4;5;6;7;8;9;10,8,1,15,1,FALSE,NA,match,1,3,3,143,3
1,1;2;3;4;5;6;7;8;9;10,8,1,15,1,FALSE,NA,match,1,4,4,144,4
1,1;2;3;4;5;6;7;8;9;10,8,1,15,1,FALSE,NA,match,1,5,5,145,5
1,1;2;3;4;5;6;7;8;9;10,8,1,15,1,FALSE,NA,match,1,6,6,146,6
1,1;2;3;4;5;6;7;8;9;10,8,1,15,1,FALSE,NA,match,1,7,7,147,7
1,1;2;3;4;5;6;7;8;9;10,8,1,15,1,FALSE,NA,match,1,8,8,148,8
1,1;2;3;4;5;6;7;8;9;10,8,1,15,1,FALSE,NA,match,1,9,9,149,9
1,1;2;3;4;5;6;7;8;9;10,8,1,15,1,FALSE,NA,match,1,10,10,150,10
1,1;2;3;4;5;6;7;8;9;10,10,1,16,1,FALSE,NA,match,1,1,1,151,1
1,1;2;3;4;5;6;7;8;9;10,10,1,16,1,FALSE,NA,match,1,2,2,152,2
1,1;2;3;4;5;6;7;8;9;10,10,1,16,1,FALSE,NA,match,1,3,3,153,3
1,1;2;3;4;5;6;7;8;9;10,10,1,16,1,FALSE,NA,match,1,4,4,154,4
1,1;2;3;4;5;6;7;8;9;10,10,1,16,1,FALSE,NA,match,1,5,5,155,5
1,1;2;3;4;5;6;7;8;9;10,10,1,16,1,FALSE,NA,match,1,6,6,156,6
1,1;2;3;4;5;6;7;8;9;10,10,1,16,1,FALSE,NA,match,1,7,7,157,7
1,1;2;3;4;5;6;7;8;9;10,10,1,16,1,FALSE,NA,match,1,8,8,158,8
1,1;2;3;4;5;6;7;8;9;10,10,1,16,1,FALSE,NA,match,1,9,9,159,9
1,1;2;3;4;5;6;7;8;9;10,10,1,16,1,FALSE,NA,match,1,10,10,160,10
1,1;2;3;4;5;6;7;8;9;10,4,1,17,1,FALSE,NA,match,1,1,1,161,1
1,1;2;3;4;5;6;7;8;9;10,4,1,17,1,FALSE,NA,match,1,2,2,162,2
1,1;2;3;4;5;6;7;8;9;10,4,1,17,1,FALSE,NA,match,1,3,3,163,3
1,1;2;3;4;5;6;7;8;9;10,4,1,17,1,FALSE,NA,match,1,4,4,164,4
1,1;2;3;4;5;6;7;8;9;10,4,1,17,1,FALSE,NA,match,1,5,5,165,5
1,1;2;3;4;5;6;7;8;9;10,4,1,17,1,FALSE,NA,match,1,6,6,166,6
1,1;2;3;4;5;6;7;8;9;10,4,1,17,1,FALSE,NA,match,1,7,7,167,7
1,1;2;3;4;5;6;7;8;9;10,4,1,17,1,FALSE,NA,match,1,8,8,168,8
1,1;2;3;4;5;6;7;8;9;10,4,1,17,1,FALSE,NA,match,1,9,9,169,9
1,1;2;3;4;5;6;7;8;9;10,4,1,17,1,FALSE,NA,match,1,10,10,170,10
1,1;2;3;4;5;6;7;8;9;10,3,1,18,1,FALSE,NA,match,1,1,1,171,1
1,1;2;3;4;5;6;7;8;9;10,3,1,18,1,FALSE,NA,match,1,2,2,172,2
1,1;2;3;4;5;6;7;8;9;10,3,1,18,1,FALSE,NA,match,1,3,3,173,3
1,1;2;3;4;5;6;7;8;9;10,3,1,18,1,FALSE,NA,match,1,4,4,174,4
1,1;2;3;4;5;6;7;8;9;10,3,1,18,1,FALSE,NA,match,1,5,5,175,5
1,1;2;3;4;5;6;7;8;9;10,3,1,18,1,FALSE,NA,match,1,6,6,176,6
1,1;2;3;4;5;6;7;8;9;10,3,1,18,1,FALSE,NA,match,1,7,7,177,7
1,1;2;3;4;5;6;7;8;9;10,3,1,18,1,FALSE,NA,match,1,8,8,178,8
1,1;2;3;4;5;6;7;8;9;10,3,1,18,1,FALSE,NA,match,1,9,9,179,9
1,1;2;3;4;5;6;7;8;9;10,3,1,18,1,FALSE,NA,match,1,10,10,180,10
1,1;2;3;4;5;6;7;8;9;10,2,1,19,1,FALSE,NA,match,1,1,1,181,1
1,1;2;3;4;5;6;7;8;9;10,2,1,19,1,FALSE,NA,match,1,2,2,182,2
1,1;2;3;4;5;6;7;8;9;10,2,1,19,1,FALSE,NA,match,1,3,3,183,3
1,1;2;3;4;5;6;7;8;9;10,2,1,19,1,FALSE,NA,match,1,4,4,184,4
1,1;2;3;4;5;6;7;8;9;10,2,1,19,1,FALSE,NA,match,1,5,5,185,5
1,1;2;3;4;5;6;7;8;9;10,2,1,19,1,FALSE,NA,match,1,6,6,186,6
1,1;2;3;4;5;6;7;8;9;10,2,1,19,1,FALSE,NA,match,1,7,7,187,7
1,1;2;3;4;5;6;7;8;9;10,2,1,19,1,FALSE,NA,match,1,8,8,188,8
1,1;2;3;4;5;6;7;8;9;10,2,1,19,1,FALSE,NA,match,1,9,9,189,9
1,1;2;3;4;5;6;7;8;9;10,2,1,19,1,FALSE,NA,match,1,10,10,190,10
1,1;2;3;4;5;6;7;8;9;10,5,1,20,1,FALSE,NA,match,1,1,NA,191,1
1,1;2;3;4;5;6;7;8;9;10,5,1,20,1,FALSE,NA,match,1,2,2,192,2
1,1;2;3;4;5;6;7;8;9;10,5,1,20,1,FALSE,NA,match,1,3,3,193,3
1,1;2;3;4;5;6;7;8;9;10,5,1,20,1,FALSE,NA,match,1,4,4,194,4
1,1;2;3;4;5;6;7;8;9;10,5,1,20,1,FALSE,NA,match,1,5,5,195,5
1,1;2;3;4;5;6;7;8;9;10,5,1,20,1,FALSE,NA,match,1,6,6,196,6
1,1;2;3;4;5;6;7;8;9;10,5,1,20,1,FALSE,NA,match,1,7,7,197,7
1,1;2;3;4;5;6;7;8;9;10,5,1,20,1,FALSE,NA,match,1,8,8,198,8
1,1;2;3;4;5;6;7;8;9;10,5,1,20,1,FALSE,NA,match,1,9,9,199,9
1,1;2;3;4;5;6;7;8;9;10,5,1,20,1,FALSE,NA,match,1,10,10,200,10
1,1;2;3;4;5;6;7;8;9;10,10,1,21,1,FALSE,NA,match,1,1,1,201,1
1,1;2;3;4;5;6;7;8;9;10,10,1,21,1,FALSE,NA,match,1,2,2,202,2
1,1;2;3;4;5;6;7;8;9;10,10,1,21,1,FALSE,NA,match,1,3,3,203,3
1,1;2;3;4;5;6;7;8;9;10,10,1,21,1,FALSE,NA,match,1,4,4,204,4
1,1;2;3;4;5;6;7;8;9;10,10,1,21,1,FALSE,NA,match,1,5,5,205,5
1,1;2;3;4;5;6;7;8;9;10,10,1,21,1,FALSE,NA,match,1,6,6,206,6
1,1;2;3;4;5;6;7;8;9;10,10,1,21,1,FALSE,NA,match,1,7,7,207,7
1,1;2;3;4;5;6;7;8;9;10,10,1,21,1,FALSE,NA,match,1,8,8,208,8
1,1;2;3;4;5;6;7;8;9;10,10,1,21,1,FALSE,NA,match,1,9,9,209,9
1,1;2;3;4;5;6;7;8;9;10,10,1,21,1,FALSE,NA,match,1,10,10,210,10
1,1;2;3;4;5;6;7;8;9;10,8,1,22,1,FALSE,NA,match,1,1,1,211,1
1,1;2;3;4;5;6;7;8;9;10,8,1,22,1,FALSE,NA,match,1,2,2,212,2
1,1;2;3;4;5;6;7;8;9;10,8,1,22,1,FALSE,NA,match,1,3,3,213,3
1,1;2;3;4;5;6;7;8;9;10,8,1,22,1,FALSE,NA,match,1,4,4,214,4
1,1;2;3;4;5;6;7;8;9;10,8,1,22,1,FALSE,NA,match,1,5,5,215,5
1,1;2;3;4;5;6;7;8;9;10,8,1,22,1,FALSE,NA,match,1,6,6,216,6
1,1;2;3;4;5;6;7;8;9;10,8,1,22,1,FALSE,NA,match,1,7,7,217,7
1,1;2;3;4;5;6;7;8;9;10,8,1,22,1,FALSE,NA,match,1,8,8,218,8
1,1;2;3;4;5;6;7;8;9;10,8,1,22,1,FALSE,NA,match,1,9,9,219,9
1,1;2;3;4;5;6;7;8;9;10,8,1,22,1,FALSE,NA,match,1,10,10,220,10
1,1;2;3;4;5;6;7;8;9;10,2,1,23,1,FALSE,NA,match,1,1,1,221,1
1,1;2;3;4;5;6;7;8;9;10,2,1,23,1,FALSE,NA,match,1,2,2,222,2
1,1;2;3;4;5;6;7;8;9;10,2,1,23,1,FALSE,NA,match,1,3,3,223,3
1,1;2;3;4;5;6;7;8;9;10,2,1,23,1,FALSE,NA,match,1,4,4,224,4
1,1;2;3;4;5;6;7;8;9;10,2,1,23,1,FALSE,NA,match,1,5,5,225,5
1,1;2;3;4;5;6;7;8;9;10,2,1,23,1,FALSE,NA,match,1,6,6,226,6
1,1;2;3;4;5;6;7;8;9;10,2,1,23,1,FALSE,NA,match,1,7,7,227,7
1,1;2;3;4;5;6;7;8;9;10,2,1,23,1,FALSE,NA,match,1,8,8,228,8
1,1;2;3;4;5;6;7;8;9;10,2,1,23,1,FALSE,NA,match,1,9,9,229,9
1,1;2;3;4;5;6;7;8;9;10,2,1,23,1,FALSE,NA,match,1,10,10,230,10
1,1;2;3;4;5;6;7;8;9;10,4,1,24,1,FALSE,NA,match,1,1,1,231,1
1,1;2;3;4;5;6;7;8;9;10,4,1,24,1,FALSE,NA,match,1,2,2,232,2
1,1;2;3;4;5;6;7;8;9;10,4,1,24,1,FALSE,NA,match,1,3,3,233,3
1,1;2;3;4;5;6;7;8;9;10,4,1,24,1,FALSE,NA,match,1,4,4,234,4
1,1;2;3;4;5;6;7;8;9;10,4,1,24,1,FALSE,NA,match,1,5,5,235,5
1,1;2;3;4;5;6;7;8;9;10,4,1,24,1,FALSE,NA,match,1,6,6,236,6
1,1;2;3;4;5;6;7;8;9;10,4,1,24,1,FALSE,NA,match,1,7,7,237,7
1,1;2;3;4;5;6;7;8;9;10,4,1,24,1,FALSE,NA,match,1,8,8,238,8
1,1;2;3;4;5;6;7;8;9;10,4,1,24,1,FALSE,NA,match,1,9,9,239,9
1,1;2;3;4;5;6;7;8;9;10,4,1,24,1,FALSE,NA,match,1,10,10,240,10
1,1;2;3;4;5;6;7;8;9;10,6,1,25,1,FALSE,NA,match,1,1,1,241,1
1,1;2;3;4;5;6;7;8;9;10,6,1,25,1,FALSE,NA,match,1,2,2,242,2
1,1;2;3;4;5;6;7;8;9;10,6,1,25,1,FALSE,NA,match,1,3,3,243,3
1,1;2;3;4;5;6;7;8;9;10,6,1,25,1,FALSE,NA,match,1,4,4,244,4
1,1;2;3;4;5;6;7;8;9;10,6,1,25,1,FALSE,NA,match,1,5,5,245,5
1,1;2;3;4;5;6;7;8;9;10,6,1,25,1,FALSE,NA,match,1,6,NA,246,6
1,1;2;3;4;5;6;7;8;9;10,6,1,25,1,FALSE,NA,match,1,7,7,247,7
1,1;2;3;4;5;6;7;8;9;10,6,1,25,1,FALSE,NA,match,1,8,8,248,8
1,1;2;3;4;5;6;7;8;9;10,6,1,25,1,FALSE,NA,match,1,9,9,249,9
1,1;2;3;4;5;6;7;8;9;10,6,1,25,1,FALSE,NA,match,1,10,10,250,10
1,1;2;3;4;5;6;7;8;9;10,5,1,26,1,FALSE,NA,match,1,1,1,251,1
1,1;2;3;4;5;6;7;8;9;10,5,1,26,1,FALSE,NA,match,1,2,2,252,2
1,1;2;3;4;5;6;7;8;9;10,5,1,26,1,FALSE,NA,match,1,3,3,253,3
1,1;2;3;4;5;6;7;8;9;10,5,1,26,1,FALSE,NA,match,1,4,4,254,4
1,1;2;3;4;5;6;7;8;9;10,5,1,26,1,FALSE,NA,match,1,5,5,255,5
1,1;2;3;4;5;6;7;8;9;10,5,1,26,1,FALSE,NA,match,1,6,6,256,6
1,1;2;3;4;5;6;7;8;9;10,5,1,26,1,FALSE,NA,match,1,7,7,257,7
1,1;2;3;4;5;6;7;8;9;10,5,1,26,1,FALSE,NA,match,1,8,8,258,8
1,1;2;3;4;5;6;7;8;9;10,5,1,26,1,FALSE,NA,match,1,9,9,259,9
1,1;2;3;4;5;6;7;8;9;10,5,1,26,1,FALSE,NA,match,1,10,10,260,10
1,1;2;3;4;5;6;7;8;9;10,7,1,27,1,FALSE,NA,match,1,1,1,261,1
1,1;2;3;4;5;6;7;8;9;10,7,1,27,1,FALSE,NA,match,1,2,2,262,2
1,1;2;3;4;5;6;7;8;9;10,7,1,27,1,FALSE,NA,match,1,3,3,263,3
1,1;2;3;4;5;6;7;8;9;10,7,1,27,1,FALSE,NA,match,1,4,4,264,4
1,1;2;3;4;5;6;7;8;9;10,7,1,27,1,FALSE,NA,match,1,5,5,265,5
1,1;2;3;4;5;6;7;8;9;10,7,1,27,1,FALSE,NA,match,1,6,6,266,6
1,1;2;3;4;5;6;7;8;9;10,7,1,27,1,FALSE,NA,match,1,7,7,267,7
1,1;2;3;4;5;6;7;8;9;10,7,1,27,1,FALSE,NA,match,1,8,8,268,8
1,1;2;3;4;5;6;7;8;9;10,7,1,27,1,FALSE,NA,match,1,9,9,269,9
1,1;2;3;4;5;6;7;8;9;10,7,1,27,1,FALSE,NA,match,1,10,10,270,10
1,1;2;3;4;5;6;7;8;9;10,3,1,28,1,FALSE,NA,match,1,1,1,271,1
1,1;2;3;4;5;6;7;8;9;10,3,1,28,1,FALSE,NA,match,1,2,2,272,2
1,1;2;3;4;5;6;7;8;9;10,3,1,28,1,FALSE,NA,match,1,3,3,273,3
1,1;2;3;4;5;6;7;8;9;10,3,1,28,1,FALSE,NA,match,1,4,4,274,4
1,1;2;3;4;5;6;7;8;9;10,3,1,28,1,FALSE,NA,match,1,5,5,275,5
1,1;2;3;4;5;6;7;8;9;10,3,1,28,1,FALSE,NA,match,1,6,6,276,6
1,1;2;3;4;5;6;7;8;9;10,3,1,28,1,FALSE,NA,match,1,7,7,277,7
1,1;2;3;4;5;6;7;8;9;10,3,1,28,1,FALSE,NA,match,1,8,8,278,8
1,1;2;3;4;5;6;7;8;9;10,3,1,28,1,FALSE,NA,match,1,9,9,279,9
1,1;2;3;4;5;6;7;8;9;10,3,1,28,1,FALSE,NA,match,1,10,10,280,10
1,1;2;3;4;5;6;7;8;9;10,9,1,29,1,FALSE,NA,match,1,1,1,281,1
1,1;2;3;4;5;6;7;8;9;10,9,1,29,1,FALSE,NA,match,1,2,2,282,2
1,1;2;3;4;5;6;7;8;9;10,9,1,29,1,FALSE,NA,match,1,3,3,283,3
1,1;2;3;4;5;6;7;8;9;10,9,1,29,1,FALSE,NA,match,1,4,4,284,4
1,1;2;3;4;5;6;7;8;9;10,9,1,29,1,FALSE,NA,match,1,5,5,285,5
1,1;2;3;4;5;6;7;8;9;10,9,1,29,1,FALSE,NA,match,1,6,6,286,6
1,1;2;3;4;5;6;7;8;9;10,9,1,29,1,FALSE,NA,match,1,7,7,287,7
1,1;2;3;4;5;6;7;8;9;10,9,1,29,1,FALSE,NA,match,1,8,8,288,8
1,1;2;3;4;5;6;7;8;9;10,9,1,29,1,FALSE,NA,match,1,9,9,289,9
1,1;2;3;4;5;6;7;8;9;10,9,1,29,1,FALSE,NA,match,1,10,10,290,10
1,1;2;3;4;5;6;7;8;9;10,1,1,30,1,FALSE,NA,match,1,1,1,291,1
1,1;2;3;4;5;6;7;8;9;10,1,1,30,1,FALSE,NA,match,1,2,2,292,2
1,1;2;3;4;5;6;7;8;9;10,1,1,30,1,FALSE,NA,match,1,3,3,293,3
1,1;2;3;4;5;6;7;8;9;10,1,1,30,1,FALSE,NA,match,1,4,4,294,4
1,1;2;3;4;5;6;7;8;9;10,1,1,30,1,FALSE,NA,match,1,5,5,295,5
1,1;2;3;4;5;6;7;8;9;10,1,1,30,1,FALSE,NA,match,1,6,6,296,6
1,1;2;3;4;5;6;7;8;9;10,1,1,30,1,FALSE,NA,match,1,7,7,297,7
1,1;2;3;4;5;6;7;8;9;10,1,1,30,1,FALSE,NA,match,1,8,8,298,8
1,1;2;3;4;5;6;7;8;9;10,1,1,30,1,FALSE,NA,match,1,9,9,299,9
1,1;2;3;4;5;6;7;8;9;10,1,1,30,1,FALSE,NA,match,1,10,10,300,10
1,1;2;3;4;5;6;7;8;9;10,8,1,31,1,FALSE,NA,match,1,1,1,301,1
1,1;2;3;4;5;6;7;8;9;10,8,1,31,1,FALSE,NA,match,1,2,2,302,2
1,1;2;3;4;5;6;7;8;9;10,8,1,31,1,FALSE,NA,match,1,3,3,303,3
1,1;2;3;4;5;6;7;8;9;10,8,1,31,1,FALSE,NA,match,1,4,4,304,4
1,1;2;3;4;5;6;7;8;9;10,8,1,31,1,FALSE,NA,match,1,5,5,305,5
1,1;2;3;4;5;6;7;8;9;10,8,1,31,1,FALSE,NA,match,1,6,6,306,6
1,1;2;3;4;5;6;7;8;9;10,8,1,31,1,FALSE,NA,match,1,7,7,307,7
1,1;2;3;4;5;6;7;8;9;10,8,1,31,1,FALSE,NA,match,1,8,8,308,8
1,1;2;3;4;5;6;7;8;9;10,8,1,31,1,FALSE,NA,match,1,9,9,309,9
1,1;2;3;4;5;6;7;8;9;10,8,1,31,1,FALSE,NA,match,1,10,10,310,10
1,1;2;3;4;5;6;7;8;9;10,2,1,32,1,FALSE,NA,match,1,1,1,311,1
1,1;2;3;4;5;6;7;8;9;10,2,1,32,1,FALSE,NA,match,1,2,2,312,2
1,1;2;3;4;5;6;7;8;9;10,2,1,32,1,FALSE,NA,match,1,3,NA,313,3
1,1;2;3;4;5;6;7;8;9;10,2,1,32,1,FALSE,NA,match,1,4,4,314,4
1,1;2;3;4;5;6;7;8;9;10,2,1,32,1,FALSE,NA,match,1,5,5,315,5
1,1;2;3;4;5;6;7;8;9;10,2,1,32,1,FALSE,NA,match,1,6,6,316,6
1,1;2;3;4;5;6;7;8;9;10,2,1,32,1,FALSE,NA,match,1,7,7,317,7
1,1;2;3;4;5;6;7;8;9;10,2,1,32,1,FALSE,NA,match,1,8,8,318,8
1,1;2;3;4;5;6;7;8;9;10,2,1,32,1,FALSE,NA,match,1,9,9,319,9
1,1;2;3;4;5;6;7;8;9;10,2,1,32,1,FALSE,NA,match,1,10,10,320,10
1,1;2;3;4;5;6;7;8;9;10,6,1,33,1,FALSE,NA,match,1,1,1,321,1
1,1;2;3;4;5;6;7;8;9;10,6,1,33,1,FALSE,NA,match,1,2,2,322,2
1,1;2;3;4;5;6;7;8;9;10,6,1,33,1,FALSE,NA,match,1,3,3,323,3
1,1;2;3;4;5;6;7;8;9;10,6,1,33,1,FALSE,NA,match,1,4,4,324,4
1,1;2;3;4;5;6;7;8;9;10,6,1,33,1,FALSE,NA,match,1,5,5,325,5
1,1;2;3;4;5;6;7;8;9;10,6,1,33,1,FALSE,NA,match,1,6,6,326,6
1,1;2;3;4;5;6;7;8;9;10,6,1,33,1,FALSE,NA,match,1,7,7,327,7
1,1;2;3;4;5;6;7;8;9;10,6,1,33,1,FALSE,NA,match,1,8,8,328,8
1,1;2;3;4;5;6;7;8;9;10,6,1,33,1,FALSE,NA,match,1,9,9,329,9
1,1;2;3;4;5;6;7;8;9;10,6,1,33,1,FALSE,NA,match,1,10,10,330,10
1,1;2;3;4;5;6;7;8;9;10,4,1,34,1,FALSE,NA,match,1,1,1,331,1
1,1;2;3;4;5;6;7;8;9;10,4,1,34,1,FALSE,NA,match,1,2,2,332,2
1,1;2;3;4;5;6;7;8;9;10,4,1,34,1,FALSE,NA,match,1,3,3,333,3
1,1;2;3;4;5;6;7;8;9;10,4,1,34,1,FALSE,NA,match,1,4,4,334,4
1,1;2;3;4;5;6;7;8;9;10,4,1,34,1,FALSE,NA,match,1,5,5,335,5
1,1;2;3;4;5;6;7;8;9;10,4,1,34,1,FALSE,NA,match,1,6,6,336,6
1,1;2;3;4;5;6;7;8;9;10,4,1,34,1,FALSE,NA,match,1,7,7,337,7
1,1;2;3;4;5;6;7;8;9;10,4,1,34,1,FALSE,NA,match,1,8,8,338,8
1,1;2;3;4;5;6;7;8;9;10,4,1,34,1,FALSE,NA,match,1,9,9,339,9
1,1;2;3;4;5;6;7;8;9;10,4,1,34,1,FALSE,NA,match,1,10,10,340,10
1,1;2;3;4;5;6;7;8;9;10,1,1,35,1,FALSE,NA,match,1,1,1,341,1
1,1;2;3;4;5;6;7;8;9;10,1,1,35,1,FALSE,NA,match,1,2,2,342,2
1,1;2;3;4;5;6;7;8;9;10,1,1,35,1,FALSE,NA,match,1,3,3,343,3
1,1;2;3;4;5;6;7;8;9;10,1,1,35,1,FALSE,NA,match,1,4,4,344,4
1,1;2;3;4;5;6;7;8;9;10,1,1,35,1,FALSE,NA,match,1,5,5,345,5
1,1;2;3;4;5;6;7;8;9;10,1,1,35,1,FALSE,NA,match,1,6,6,346,6
1,1;2;3;4;5;6;7;8;9;10,1,1,35,1,FALSE,NA,match,1,7,7,347,7
1,1;2;3;4;5;6;7;8;9;10,1,1,35,1,FALSE,NA,match,1,8,8,348,8
1,1;2;3;4;5;6;7;8;9;10,1,1,35,1,FALSE,NA,match,1,9,9,349,9
1,1;2;3;4;5;6;7;8;9;10,1,1,35,1,FALSE,NA,match,1,10,10,350,10
1,1;2;3;4;5;6;7;8;9;10,10,1,36,1,FALSE,NA,match,1,1,1,351,1
1,1;2;3;4;5;6;7;8;9;10,10,1,36,1,FALSE,NA,match,1,2,2,352,2
1,1;2;3;4;5;6;7;8;9;10,10,1,36,1,FALSE,NA,match,1,3,3,353,3
1,1;2;3;4;5;6;7;8;9;10,10,1,36,1,FALSE,NA,match,1,4,4,354,4
1,1;2;3;4;5;6;7;8;9;10,10,1,36,1,FALSE,NA,match,1,5,5,355,5
1,1;2;3;4;5;6;7;8;9;10,10,1,36,1,FALSE,NA,match,1,6,6,356,6
1,1;2;3;4;5;6;7;8;9;10,10,1,36,1,FALSE,NA,match,1,7,7,357,7
1,1;2;3;4;5;6;7;8;9;10,10,1,36,1,FALSE,NA,match,1,8,8,358,8
1,1;2;3;4;5;6;7;8;9;10,10,1,36,1,FALSE,NA,match,1,9,9,359,9
1,1;2;3;4;5;6;7;8;9;10,10,1,36,1,FALSE,NA,match,1,10,10,360,10
1,1;2;3;4;5;6;7;8;9;10,5,1,37,1,FALSE,NA,match,1,1,1,361,1
1,1;2;3;4;5;6;7;8;9;10,5,1,37,1,FALSE,NA,match,1,2,2,362,2
1,1;2;3;4;5;6;7;8;9;10,5,1,37,1,FALSE,NA,match,1,3,3,363,3
1,1;2;3;4;5;6;7;8;9;10,5,1,37,1,FALSE,NA,match,1,4,4,364,4
1,1;2;3;4;5;6;7;8;9;10,5,1,37,1,FALSE,NA,match,1,5,5,365,5
1,1;2;3;4;5;6;7;8;9;10,5,1,37,1,FALSE,NA,match,1,6,6,366,6
1,1;2;3;4;5;6;7;8;9;10,5,1,37,1,FALSE,NA,match,1,7,7,367,7
1,1;2;3;4;5;6;7;8;9;10,5,1,37,1,FALSE,NA,match,1,8,8,368,8
1,1;2;3;4;5;6;7;8;9;10,5,1,37,1,FALSE,NA,match,1,9,9,369,9
1,1;2;3;4;5;6;7;8;9;10,5,1,37,1,FALSE,NA,match,1,10,10,370,10
1,1;2;3;4;5;6;7;8;9;10,7,1,38,1,FALSE,NA,match,1,1,1,371,1
1,1;2;3;4;5;6;7;8;9;10,7,1,38,1,FALSE,NA,match,1,2,2,372,2
1,1;2;3;4;5;6;7;8;9;10,7,1,38,1,FALSE,NA,match,1,3,3,373,3
1,1;2;3;4;5;6;7;8;9;10,7,1,38,1,FALSE,NA,match,1,4,4,374,4
1,1;2;3;4;5;6;7;8;9;10,7,1,38,1,FALSE,NA,match,1,5,5,375,5
1,1;2;3;4;5;6;7;8;9;10,7,1,38,1,FALSE,NA,match,1,6,6,376,6
1,1;2;3;4;5;6;7;8;9;10,7,1,38,1,FALSE,NA,match,1,7,7,377,7
1,1;2;3;4;5;6;7;8;9;10,7,1,38,1,FALSE,NA,match,1,8,8,378,8
1,1;2;3;4;5;6;7;8;9;10,7,1,38,1,FALSE,NA,match,1,9,9,379,9
1,1;2;3;4;5;6;7;8;9;10,7,1,38,1,FALSE,NA,match,1,10,10,380,10
1,1;2;3;4;5;6;7;8;9;10,3,1,39,1,FALSE,NA,match,1,1,1,381,1
1,1;2;3;4;5;6;7;8;9;10,3,1,39,1,FALSE,NA,match,1,2,2,382,2
1,1;2;3;4;5;6;7;8;9;10,3,1,39,1,FALSE,NA,match,1,3,3,383,3
1,1;2;3;4;5;6;7;8;9;10,3,1,39,1,FALSE,NA,match,1,4,4,384,4
1,1;2;3;4;5;6;7;8;9;10,3,1,39,1,FALSE,NA,match,1,5,5,385,5
1,1;2;3;4;5;6;7;8;9;10,3,1,39,1,FALSE,NA,match,1,6,6,386,6
1,1;2;3;4;5;6;7;8;9;10,3,1,39,1,FALSE,NA,match,1,7,7,387,7
1,1;2;3;4;5;6;7;8;9;10,3,1,39,1,FALSE,NA,match,1,8,8,388,8
1,1;2;3;4;5;6;7;8;9;10,3,1,39,1,FALSE,NA,match,1,9,9,389,9
1,1;2;3;4;5;6;7;8;9;10,3,1,39,1,FALSE,NA,match,1,10,10,390,10
1,1;2;3;4;5;6;7;8;9;10,9,1,40,1,FALSE,NA,match,1,1,1,391,1
1,1;2;3;4;5;6;7;8;9;10,9,1,40,1,FALSE,NA,match,1,2,2,392,2
1,1;2;3;4;5;6;7;8;9;10,9,1,40,1,FALSE,NA,match,1,3,3,393,3
1,1;2;3;4;5;6;7;8;9;10,9,1,40,1,FALSE,NA,match,1,4,4,394,4
1,1;2;3;4;5;6;7;8;9;10,9,1,40,1,FALSE,NA,match,1,5,5,395,5
1,1;2;3;4;5;6;7;8;9;10,9,1,40,1,FALSE,NA,match,1,6,6,396,6
1,1;2;3;4;5;6;7;8;9;10,9,1,40,1,FALSE,NA,match,1,7,7,397,7
1,1;2;3;4;5;6;7;8;9;10,9,1,40,1,FALSE,NA,match,1,8,8,398,8
1,1;2;3;4;5;6;7;8;9;10,9,1,40,1,FALSE,NA,match,1,9,9,399,9
1,1;2;3;4;5;6;7;8;9;10,9,1,40,1,FALSE,NA,match,1,10,10,400,10
1,1;2;3;4;5;6;7;8;9;10,2,1,1,1,FALSE,NA,match,2,11,11,401,11
1,1;2;3;4;5;6;7;8;9;10,2,1,1,1,FALSE,NA,match,2,12,12,402,12
1,1;2;3;4;5;6;7;8;9;10,2,1,1,1,FALSE,NA,match,2,13,13,403,13
1,1;2;3;4;5;6;7;8;9;10,2,1,1,1,FALSE,NA,match,2,14,14,404,14
1,1;2;3;4;5;6;7;8;9;10,2,1,1,1,FALSE,NA,match,2,15,15,405,15
1,1;2;3;4;5;6;7;8;9;10,2,1,1,1,FALSE,NA,match,2,16,16,406,16
1,1;2;3;4;5;6;7;8;9;10,2,1,1,1,FALSE,NA,match,2,17,17,407,17
1,1;2;3;4;5;6;7;8;9;10,2,1,1,1,FALSE,NA,match,2,18,18,408,18
1,1;2;3;4;5;6;7;8;9;10,2,1,1,1,FALSE,NA,match,2,19,19,409,19
1,1;2;3;4;5;6;7;8;9;10,2,1,1,1,FALSE,NA,match,2,20,20,410,20
1,1;2;3;4;5;6;7;8;9;10,8,1,2,1,FALSE,NA,match,2,11,11,411,11
1,1;2;3;4;5;6;7;8;9;10,8,1,2,1,FALSE,NA,match,2,12,12,412,12
1,1;2;3;4;5;6;7;8;9;10,8,1,2,1,FALSE,NA,match,2,13,13,413,13
1,1;2;3;4;5;6;7;8;9;10,8,1,2,1,FALSE,NA,match,2,14,14,414,14
1,1;2;3;4;5;6;7;8;9;10,8,1,2,1,FALSE,NA,match,2,15,15,415,15
1,1;2;3;4;5;6;7;8;9;10,8,1,2,1,FALSE,NA,match,2,16,16,416,16
1,1;2;3;4;5;6;7;8;9;10,8,1,2,1,FALSE,NA,match,2,17,17,417,17
1,1;2;3;4;5;6;7;8;9;10,8,1,2,1,FALSE,NA,match,2,18,18,418,18
1,1;2;3;4;5;6;7;8;9;10,8,1,2,1,FALSE,NA,match,2,19,19,419,19
1,1;2;3;4;5;6;7;8;9;10,8,1,2,1,FALSE,NA,match,2,20,20,420,20
1,1;2;3;4;5;6;7;8;9;10,4,1,3,1,FALSE,NA,match,2,11,11,421,11
1,1;2;3;4;5;6;7;8;9;10,4,1,3,1,FALSE,NA,match,2,12,12,422,12
1,1;2;3;4;5;6;7;8;9;10,4,1,3,1,FALSE,NA,match,2,13,13,423,13
1,1;2;3;4;5;6;7;8;9;10,4,1,3,1,FALSE,NA,match,2,14,14,424,14
1,1;2;3;4;5;6;7;8;9;10,4,1,3,1,FALSE,NA,match,2,15,15,425,15
1,1;2;3;4;5;6;7;8;9;10,4,1,3,1,FALSE,NA,match,2,16,16,426,16
1,1;2;3;4;5;6;7;8;9;10,4,1,3,1,FALSE,NA,match,2,17,17,427,17
1,1;2;3;4;5;6;7;8;9;10,4,1,3,1,FALSE,NA,match,2,18,18,428,18
1,1;2;3;4;5;6;7;8;9;10,4,1,3,1,FALSE,NA,match,2,19,19,429,19
1,1;2;3;4;5;6;7;8;9;10,4,1,3,1,FALSE,NA,match,2,20,20,430,20
1,1;2;3;4;5;6;7;8;9;10,10,1,4,1,FALSE,NA,match,2,11,11,431,11
1,1;2;3;4;5;6;7;8;9;10,10,1,4,1,FALSE,NA,match,2,12,12,432,12
1,1;2;3;4;5;6;7;8;9;10,10,1,4,1,FALSE,NA,match,2,13,13,433,13
1,1;2;3;4;5;6;7;8;9;10,10,1,4,1,FALSE,NA,match,2,14,14,434,14
1,1;2;3;4;5;6;7;8;9;10,10,1,4,1,FALSE,NA,match,2,15,15,435,15
1,1;2;3;4;5;6;7;8;9;10,10,1,4,1,FALSE,NA,match,2,16,16,436,16
1,1;2;3;4;5;6;7;8;9;10,10,1,4,1,FALSE,NA,match,2,17,17,437,17
1,1;2;3;4;5;6;7;8;9;10,10,1,4,1,FALSE,NA,match,2,18,18,438,18
1,1;2;3;4;5;6;7;8;9;10,10,1,4,1,FALSE,NA,match,2,19,19,439,19
1,1;2;3;4;5;6;7;8;9;10,10,1,4,1,FALSE,NA,match,2,20,20,440,20
1,1;2;3;4;5;6;7;8;9;10,6,1,5,1,FALSE,NA,match,2,11,11,441,11
1,1;2;3;4;5;6;7;8;9;10,6,1,5,1,FALSE,NA,match,2,12,12,442,12
1,1;2;3;4;5;6;7;8;9;10,6,1,5,1,FALSE,NA,match,2,13,13,443,13
1,1;2;3;4;5;6;7;8;9;10,6,1,5,1,FALSE,NA,match,2,14,14,444,14
1,1;2;3;4;5;6;7;8;9;10,6,1,5,1,FALSE,NA,match,2,15,15,445,15
1,1;2;3;4;5;6;7;8;9;10,6,1,5,1,FALSE,NA,match,2,16,16,446,16
1,1;2;3;4;5;6;7;8;9;10,6,1,5,1,FALSE,NA,match,2,17,17,447,17
1,1;2;3;4;5;6;7;8;9;10,6,1,5,1,FALSE,NA,match,2,18,18,448,18
1,1;2;3;4;5;6;7;8;9;10,6,1,5,1,FALSE,NA,match,2,19,19,449,19
1,1;2;3;4;5;6;7;8;9;10,6,1,5,1,FALSE,NA,match,2,20,20,450,20
1,1;2;3;4;5;6;7;8;9;10,3,1,6,1,FALSE,NA,match,2,11,11,451,11
1,1;2;3;4;5;6;7;8;9;10,3,1,6,1,FALSE,NA,match,2,12,12,452,12
1,1;2;3;4;5;6;7;8;9;10,3,1,6,1,FALSE,NA,match,2,13,13,453,13
1,1;2;3;4;5;6;7;8;9;10,3,1,6,1,FALSE,NA,match,2,14,14,454,14
1,1;2;3;4;5;6;7;8;9;10,3,1,6,1,FALSE,NA,match,2,15,15,455,15
1,1;2;3;4;5;6;7;8;9;10,3,1,6,1,FALSE,NA,match,2,16,16,456,16
1,1;2;3;4;5;6;7;8;9;10,3,1,6,1,FALSE,NA,match,2,17,17,457,17
1,1;2;3;4;5;6;7;8;9;10,3,1,6,1,FALSE,NA,match,2,18,18,458,18
1,1;2;3;4;5;6;7;8;9;10,3,1,6,1,FALSE,NA,match,2,19,19,459,19
1,1;2;3;4;5;6;7;8;9;10,3,1,6,1,FALSE,NA,match,2,20,20,460,20
1,1;2;3;4;5;6;7;8;9;10,7,1,7,1,FALSE,NA,match,2,11,11,461,11
1,1;2;3;4;5;6;7;8;9;10,7,1,7,1,FALSE,NA,match,2,12,12,462,12
1,1;2;3;4;5;6;7;8;9;10,7,1,7,1,FALSE,NA,match,2,13,13,463,13
1,1;2;3;4;5;6;7;8;9;10,7,1,7,1,FALSE,NA,match,2,14,14,464,14
1,1;2;3;4;5;6;7;8;9;10,7,1,7,1,FALSE,NA,match,2,15,15,465,15
1,1;2;3;4;5;6;7;8;9;10,7,1,7,1,FALSE,NA,match,2,16,16,466,16
1,1;2;3;4;5;6;7;8;9;10,7,1,7,1,FALSE,NA,match,2,17,17,467,17
1,1;2;3;4;5;6;7;8;9;10,7,1,7,1,FALSE,NA,match,2,18,18,468,18
1,1;2;3;4;5;6;7;8;9;10,7,1,7,1,FALSE,NA,match,2,19,19,469,19
1,1;2;3;4;5;6;7;8;9;10,7,1,7,1,FALSE,NA,match,2,20,20,470,20
1,1;2;3;4;5;6;7;8;9;10,1,1,8,1,FALSE,NA,match,2,11,11,471,11
1,1;2;3;4;5;6;7;8;9;10,1,1,8,1,FALSE,NA,match,2,12,12,472,12
1,1;2;3;4;5;6;7;8;9;10,1,1,8,1,FALSE,NA,match,2,13,13,473,13
1,1;2;3;4;5;6;7;8;9;10,1,1,8,1,FALSE,NA,match,2,14,14,474,14
1,1;2;3;4;5;6;7;8;9;10,1,1,8,1,FALSE,NA,match,2,15,15,475,15
1,1;2;3;4;5;6;7;8;9;10,1,1,8,1,FALSE,NA,match,2,16,16,476,16
1,1;2;3;4;5;6;7;8;9;10,1,1,8,1,FALSE,NA,match,2,17,17,477,17
1,1;2;3;4;5;6;7;8;9;10,1,1,8,1,FALSE,NA,match,2,18,18,478,18
1,1;2;3;4;5;6;7;8;9;10,1,1,8,1,FALSE,NA,match,2,19,19,479,19
1,1;2;3;4;5;6;7;8;9;10,1,1,8,1,FALSE,NA,match,2,20,20,480,20
1,1;2;3;4;5;6;7;8;9;10,9,1,9,1,FALSE,NA,match,2,11,11,481,11
1,1;2;3;4;5;6;7;8;9;10,9,1,9,1,FALSE,NA,match,2,12,12,482,12
1,1;2;3;4;5;6;7;8;9;10,9,1,9,1,FALSE,NA,match,2,13,13,483,13
1,1;2;3;4;5;6;7;8;9;10,9,1,9,1,FALSE,NA,match,2,14,14,484,14
1,1;2;3;4;5;6;7;8;9;10,9,1,9,1,FALSE,NA,match,2,15,15,485,15
1,1;2;3;4;5;6;7;8;9;10,9,1,9,1,FALSE,NA,match,2,16,16,486,16
1,1;2;3;4;5;6;7;8;9;10,9,1,9,1,FALSE,NA,match,2,17,17,487,17
1,1;2;3;4;5;6;7;8;9;10,9,1,9,1,FALSE,NA,match,2,18,18,488,18
1,1;2;3;4;5;6;7;8;9;10,9,1,9,1,FALSE,NA,match,2,19,19,489,19
1,1;2;3;4;5;6;7;8;9;10,9,1,9,1,FALSE,NA,match,2,20,20,490,20
1,1;2;3;4;5;6;7;8;9;10,5,1,10,1,FALSE,NA,match,2,11,11,491,11
1,1;2;3;4;5;6;7;8;9;10,5,1,10,1,FALSE,NA,match,2,12,12,492,12
1,1;2;3;4;5;6;7;8;9;10,5,1,10,1,FALSE,NA,match,2,13,13,493,13
1,1;2;3;4;5;6;7;8;9;10,5,1,10,1,FALSE,NA,match,2,14,14,494,14
1,1;2;3;4;5;6;7;8;9;10,5,1,10,1,FALSE,NA,match,2,15,15,495,15
1,1;2;3;4;5;6;7;8;9;10,5,1,10,1,FALSE,NA,match,2,16,16,496,16
1,1;2;3;4;5;6;7;8;9;10,5,1,10,1,FALSE,NA,match,2,17,17,497,17
1,1;2;3;4;5;6;7;8;9;10,5,1,10,1,FALSE,NA,match,2,18,18,498,18
1,1;2;3;4;5;6;7;8;9;10,5,1,10,1,FALSE,NA,match,2,19,19,499,19
1,1;2;3;4;5;6;7;8;9;10,5,1,10,1,FALSE,NA,match,2,20,20,500,20
1,1;2;3;4;5;6;7;8;9;10,1,1,11,1,FALSE,NA,match,2,11,11,501,11
1,1;2;3;4;5;6;7;8;9;10,1,1,11,1,FALSE,NA,match,2,12,12,502,12
1,1;2;3;4;5;6;7;8;9;10,1,1,11,1,FALSE,NA,match,2,13,13,503,13
1,1;2;3;4;5;6;7;8;9;10,1,1,11,1,FALSE,NA,match,2,14,14,504,14
1,1;2;3;4;5;6;7;8;9;10,1,1,11,1,FALSE,NA,match,2,15,15,505,15
1,1;2;3;4;5;6;7;8;9;10,1,1,11,1,FALSE,NA,match,2,16,16,506,16
1,1;2;3;4;5;6;7;8;9;10,1,1,11,1,FALSE,NA,match,2,17,17,507,17
1,1;2;3;4;5;6;7;8;9;10,1,1,11,1,FALSE,NA,match,2,18,18,508,18
1,1;2;3;4;5;6;7;8;9;10,1,1,11,1,FALSE,NA,match,2,19,19,509,19
1,1;2;3;4;5;6;7;8;9;10,1,1,11,1,FALSE,NA,match,2,20,20,510,20
1,1;2;3;4;5;6;7;8;9;10,2,1,12,1,FALSE,NA,match,2,11,11,511,11
1,1;2;3;4;5;6;7;8;9;10,2,1,12,1,FALSE,NA,match,2,12,12,512,12
1,1;2;3;4;5;6;7;8;9;10,2,1,12,1,FALSE,NA,match,2,13,13,513,13
1,1;2;3;4;5;6;7;8;9;10,2,1,12,1,FALSE,NA,match,2,14,14,514,14
1,1;2;3;4;5;6;7;8;9;10,2,1,12,1,FALSE,NA,match,2,15,15,515,15
1,1;2;3;4;5;6;7;8;9;10,2,1,12,1,FALSE,NA,match,2,16,16,516,16
1,1;2;3;4;5;6;7;8;9;10,2,1,12,1,FALSE,NA,match,2,17,17,517,17
1,1;2;3;4;5;6;7;8;9;10,2,1,12,1,FALSE,NA,match,2,18,18,518,18
1,1;2;3;4;5;6;7;8;9;10,2,1,12,1,FALSE,NA,match,2,19,19,519,19
1,1;2;3;4;5;6;7;8;9;10,2,1,12,1,FALSE,NA,match,2,20,20,520,20
1,1;2;3;4;5;6;7;8;9;10,3,1,13,1,FALSE,NA,match,2,11,11,521,11
1,1;2;3;4;5;6;7;8;9;10,3,1,13,1,FALSE,NA,match,2,12,12,522,12
1,1;2;3;4;5;6;7;8;9;10,3,1,13,1,FALSE,NA,match,2,13,13,523,13
1,1;2;3;4;5;6;7;8;9;10,3,1,13,1,FALSE,NA,match,2,14,14,524,14
1,1;2;3;4;5;6;7;8;9;10,3,1,13,1,FALSE,NA,match,2,15,15,525,15
1,1;2;3;4;5;6;7;8;9;10,3,1,13,1,FALSE,NA,match,2,16,16,526,16
1,1;2;3;4;5;6;7;8;9;10,3,1,13,1,FALSE,NA,match,2,17,17,527,17
1,1;2;3;4;5;6;7;8;9;10,3,1,13,1,FALSE,NA,match,2,18,18,528,18
1,1;2;3;4;5;6;7;8;9;10,3,1,13,1,FALSE,NA,match,2,19,19,529,19
1,1;2;3;4;5;6;7;8;9;10,3,1,13,1,FALSE,NA,match,2,20,20,530,20
1,1;2;3;4;5;6;7;8;9;10,4,1,14,1,FALSE,NA,match,2,11,11,531,11
1,1;2;3;4;5;6;7;8;9;10,4,1,14,1,FALSE,NA,match,2,12,12,532,12
1,1;2;3;4;5;6;7;8;9;10,4,1,14,1,FALSE,NA,match,2,13,13,533,13
1,1;2;3;4;5;6;7;8;9;10,4,1,14,1,FALSE,NA,match,2,14,14,534,14
1,1;2;3;4;5;6;7;8;9;10,4,1,14,1,FALSE,NA,match,2,15,15,535,15
1,1;2;3;4;5;6;7;8;9;10,4,1,14,1,FALSE,NA,match,2,16,16,536,16
1,1;2;3;4;5;6;7;8;9;10,4,1,14,1,FALSE,NA,match,2,17,17,537,17
1,1;2;3;4;5;6;7;8;9;10,4,1,14,1,FALSE,NA,match,2,18,18,538,18
1,1;2;3;4;5;6;7;8;9;10,4,1,14,1,FALSE,NA,match,2,19,19,539,19
1,1;2;3;4;5;6;7;8;9;10,4,1,14,1,FALSE,NA,match,2,20,20,540,20
1,1;2;3;4;5;6;7;8;9;10,5,1,15,1,FALSE,NA,match,2,11,11,541,11
1,1;2;3;4;5;6;7;8;9;10,5,1,15,1,FALSE,NA,match,2,12,12,542,12
1,1;2;3;4;5;6;7;8;9;10,5,1,15,1,FALSE,NA,match,2,13,13,543,13
1,1;2;3;4;5;6;7;8;9;10,5,1,15,1,FALSE,NA,match,2,14,14,544,14
1,1;2;3;4;5;6;7;8;9;10,5,1,15,1,FALSE,NA,match,2,15,15,545,15
1,1;2;3;4;5;6;7;8;9;10,5,1,15,1,FALSE,NA,match,2,16,16,546,16
1,1;2;3;4;5;6;7;8;9;10,5,1,15,1,FALSE,NA,match,2,17,17,547,17
1,1;2;3;4;5;6;7;8;9;10,5,1,15,1,FALSE,NA,match,2,18,18,548,18
1,1;2;3;4;5;6;7;8;9;10,5,1,15,1,FALSE,NA,match,2,19,19,549,19
1,1;2;3;4;5;6;7;8;9;10,5,1,15,1,FALSE,NA,match,2,20,20,550,20
1,1;2;3;4;5;6;7;8;9;10,6,1,16,1,FALSE,NA,match,2,11,11,551,11
1,1;2;3;4;5;6;7;8;9;10,6,1,16,1,FALSE,NA,match,2,12,12,552,12
1,1;2;3;4;5;6;7;8;9;10,6,1,16,1,FALSE,NA,match,2,13,13,553,13
1,1;2;3;4;5;6;7;8;9;10,6,1,16,1,FALSE,NA,match,2,14,14,554,14
1,1;2;3;4;5;6;7;8;9;10,6,1,16,1,FALSE,NA,match,2,15,15,555,15
1,1;2;3;4;5;6;7;8;9;10,6,1,16,1,FALSE,NA,match,2,16,16,556,16
1,1;2;3;4;5;6;7;8;9;10,6,1,16,1,FALSE,NA,match,2,17,17,557,17
1,1;2;3;4;5;6;7;8;9;10,6,1,16,1,FALSE,NA,match,2,18,18,558,18
1,1;2;3;4;5;6;7;8;9;10,6,1,16,1,FALSE,NA,match,2,19,19,559,19
1,1;2;3;4;5;6;7;8;9;10,6,1,16,1,FALSE,NA,match,2,20,20,560,20
1,1;2;3;4;5;6;7;8;9;10,7,1,17,1,FALSE,NA,match,2,11,11,561,11
1,1;2;3;4;5;6;7;8;9;10,7,1,17,1,FALSE,NA,match,2,12,12,562,12
1,1;2;3;4;5;6;7;8;9;10,7,1,17,1,FALSE,NA,match,2,13,13,563,13
1,1;2;3;4;5;6;7;8;9;10,7,1,17,1,FALSE,NA,match,2,14,14,564,14
1,1;2;3;4;5;6;7;8;9;10,7,1,17,1,FALSE,NA,match,2,15,15,565,15
1,1;2;3;4;5;6;7;8;9;10,7,1,17,1,FALSE,NA,match,2,16,16,566,16
1,1;2;3;4;5;6;7;8;9;10,7,1,17,1,FALSE,NA,match,2,17,17,567,17
1,1;2;3;4;5;6;7;8;9;10,7,1,17,1,FALSE,NA,match,2,18,18,568,18
1,1;2;3;4;5;6;7;8;9;10,7,1,17,1,FALSE,NA,match,2,19,19,569,19
1,1;2;3;4;5;6;7;8;9;10,7,1,17,1,FALSE,NA,match,2,20,20,570,20
1,1;2;3;4;5;6;7;8;9;10,8,1,18,1,FALSE,NA,match,2,11,11,571,11
1,1;2;3;4;5;6;7;8;9;10,8,1,18,1,FALSE,NA,match,2,12,12,572,12
1,1;2;3;4;5;6;7;8;9;10,8,1,18,1,FALSE,NA,match,2,13,13,573,13
1,1;2;3;4;5;6;7;8;9;10,8,1,18,1,FALSE,NA,match,2,14,14,574,14
1,1;2;3;4;5;6;7;8;9;10,8,1,18,1,FALSE,NA,match,2,15,15,575,15
1,1;2;3;4;5;6;7;8;9;10,8,1,18,1,FALSE,NA,match,2,16,16,576,16
1,1;2;3;4;5;6;7;8;9;10,8,1,18,1,FALSE,NA,match,2,17,17,577,17
1,1;2;3;4;5;6;7;8;9;10,8,1,18,1,FALSE,NA,match,2,18,18,578,18
1,1;2;3;4;5;6;7;8;9;10,8,1,18,1,FALSE,NA,match,2,19,19,579,19
1,1;2;3;4;5;6;7;8;9;10,8,1,18,1,FALSE,NA,match,2,20,20,580,20
1,1;2;3;4;5;6;7;8;9;10,9,1,19,1,FALSE,NA,match,2,11,11,581,11
1,1;2;3;4;5;6;7;8;9;10,9,1,19,1,FALSE,NA,match,2,12,12,582,12
1,1;2;3;4;5;6;7;8;9;10,9,1,19,1,FALSE,NA,match,2,13,13,583,13
1,1;2;3;4;5;6;7;8;9;10,9,1,19,1,FALSE,NA,match,2,14,14,584,14
1,1;2;3;4;5;6;7;8;9;10,9,1,19,1,FALSE,NA,match,2,15,15,585,15
1,1;2;3;4;5;6;7;8;9;10,9,1,19,1,FALSE,NA,match,2,16,16,586,16
1,1;2;3;4;5;6;7;8;9;10,9,1,19,1,FALSE,NA,match,2,17,17,587,17
1,1;2;3;4;5;6;7;8;9;10,9,1,19,1,FALSE,NA,match,2,18,18,588,18
1,1;2;3;4;5;6;7;8;9;10,9,1,19,1,FALSE,NA,match,2,19,19,589,19
1,1;2;3;4;5;6;7;8;9;10,9,1,19,1,FALSE,NA,match,2,20,20,590,20
1,1;2;3;4;5;6;7;8;9;10,10,1,20,1,FALSE,NA,match,2,11,11,591,11
1,1;2;3;4;5;6;7;8;9;10,10,1,20,1,FALSE,NA,match,2,12,12,592,12
1,1;2;3;4;5;6;7;8;9;10,10,1,20,1,FALSE,NA,match,2,13,13,593,13
1,1;2;3;4;5;6;7;8;9;10,10,1,20,1,FALSE,NA,match,2,14,14,594,14
1,1;2;3;4;5;6;7;8;9;10,10,1,20,1,FALSE,NA,match,2,15,15,595,15
1,1;2;3;4;5;6;7;8;9;10,10,1,20,1,FALSE,NA,match,2,16,16,596,16
1,1;2;3;4;5;6;7;8;9;10,10,1,20,1,FALSE,NA,match,2,17,17,597,17
1,1;2;3;4;5;6;7;8;9;10,10,1,20,1,FALSE,NA,match,2,18,18,598,18
1,1;2;3;4;5;6;7;8;9;10,10,1,20,1,FALSE,NA,match,2,19,19,599,19
1,1;2;3;4;5;6;7;8;9;10,10,1,20,1,FALSE,NA,match,2,20,20,600,20
1,1;2;3;4;5;6;7;8;9;10,6,1,21,1,FALSE,NA,match,2,11,11,601,11
1,1;2;3;4;5;6;7;8;9;10,6,1,21,1,FALSE,NA,match,2,12,12,602,12
1,1;2;3;4;5;6;7;8;9;10,6,1,21,1,FALSE,NA,match,2,13,13,603,13
1,1;2;3;4;5;6;7;8;9;10,6,1,21,1,FALSE,NA,match,2,14,14,604,14
1,1;2;3;4;5;6;7;8;9;10,6,1,21,1,FALSE,NA,match,2,15,15,605,15
1,1;2;3;4;5;6;7;8;9;10,6,1,21,1,FALSE,NA,match,2,16,16,606,16
1,1;2;3;4;5;6;7;8;9;10,6,1,21,1,FALSE,NA,match,2,17,17,607,17
1,1;2;3;4;5;6;7;8;9;10,6,1,21,1,FALSE,NA,match,2,18,18,608,18
1,1;2;3;4;5;6;7;8;9;10,6,1,21,1,FALSE,NA,match,2,19,19,609,19
1,1;2;3;4;5;6;7;8;9;10,6,1,21,1,FALSE,NA,match,2,20,20,610,20
1,1;2;3;4;5;6;7;8;9;10,5,1,22,1,FALSE,NA,match,2,11,11,611,11
1,1;2;3;4;5;6;7;8;9;10,5,1,22,1,FALSE,NA,match,2,12,12,612,12
1,1;2;3;4;5;6;7;8;9;10,5,1,22,1,FALSE,NA,match,2,13,13,613,13
1,1;2;3;4;5;6;7;8;9;10,5,1,22,1,FALSE,NA,match,2,14,14,614,14
1,1;2;3;4;5;6;7;8;9;10,5,1,22,1,FALSE,NA,match,2,15,15,615,15
1,1;2;3;4;5;6;7;8;9;10,5,1,22,1,FALSE,NA,match,2,16,16,616,16
1,1;2;3;4;5;6;7;8;9;10,5,1,22,1,FALSE,NA,match,2,17,17,617,17
1,1;2;3;4;5;6;7;8;9;10,5,1,22,1,FALSE,NA,match,2,18,18,618,18
1,1;2;3;4;5;6;7;8;9;10,5,1,22,1,FALSE,NA,match,2,19,19,619,19
1,1;2;3;4;5;6;7;8;9;10,5,1,22,1,FALSE,NA,match,2,20,20,620,20
1,1;2;3;4;5;6;7;8;9;10,9,1,23,1,FALSE,NA,match,2,11,11,621,11
1,1;2;3;4;5;6;7;8;9;10,9,1,23,1,FALSE,NA,match,2,12,12,622,12
1,1;2;3;4;5;6;7;8;9;10,9,1,23,1,FALSE,NA,match,2,13,13,623,13
1,1;2;3;4;5;6;7;8;9;10,9,1,23,1,FALSE,NA,match,2,14,14,624,14
1,1;2;3;4;5;6;7;8;9;10,9,1,23,1,FALSE,NA,match,2,15,15,625,15
1,1;2;3;4;5;6;7;8;9;10,9,1,23,1,FALSE,NA,match,2,16,16,626,16
1,1;2;3;4;5;6;7;8;9;10,9,1,23,1,FALSE,NA,match,2,17,17,627,17
1,1;2;3;4;5;6;7;8;9;10,9,1,23,1,FALSE,NA,match,2,18,18,628,18
1,1;2;3;4;5;6;7;8;9;10,9,1,23,1,FALSE,NA,match,2,19,19,629,19
1,1;2;3;4;5;6;7;8;9;10,9,1,23,1,FALSE,NA,match,2,20,20,630,20
1,1;2;3;4;5;6;7;8;9;10,7,1,24,1,FALSE,NA,match,2,11,11,631,11
1,1;2;3;4;5;6;7;8;9;10,7,1,24,1,FALSE,NA,match,2,12,12,632,12
1,1;2;3;4;5;6;7;8;9;10,7,1,24,1,FALSE,NA,match,2,13,13,633,13
1,1;2;3;4;5;6;7;8;9;10,7,1,24,1,FALSE,NA,match,2,14,14,634,14
1,1;2;3;4;5;6;7;8;9;10,7,1,24,1,FALSE,NA,match,2,15,15,635,15
1,1;2;3;4;5;6;7;8;9;10,7,1,24,1,FALSE,NA,match,2,16,16,636,16
1,1;2;3;4;5;6;7;8;9;10,7,1,24,1,FALSE,NA,match,2,17,17,637,17
1,1;2;3;4;5;6;7;8;9;10,7,1,24,1,FALSE,NA,match,2,18,18,638,18
1,1;2;3;4;5;6;7;8;9;10,7,1,24,1,FALSE,NA,match,2,19,19,639,19
1,1;2;3;4;5;6;7;8;9;10,7,1,24,1,FALSE,NA,match,2,20,20,640,20
1,1;2;3;4;5;6;7;8;9;10,1,1,25,1,FALSE,NA,match,2,11,11,641,11
1,1;2;3;4;5;6;7;8;9;10,1,1,25,1,FALSE,NA,match,2,12,12,642,12
1,1;2;3;4;5;6;7;8;9;10,1,1,25,1,FALSE,NA,match,2,13,13,643,13
1,1;2;3;4;5;6;7;8;9;10,1,1,25,1,FALSE,NA,match,2,14,14,644,14
1,1;2;3;4;5;6;7;8;9;10,1,1,25,1,FALSE,NA,match,2,15,15,645,15
1,1;2;3;4;5;6;7;8;9;10,1,1,25,1,FALSE,NA,match,2,16,16,646,16
1,1;2;3;4;5;6;7;8;9;10,1,1,25,1,FALSE,NA,match,2,17,17,647,17
1,1;2;3;4;5;6;7;8;9;10,1,1,25,1,FALSE,NA,match,2,18,18,648,18
1,1;2;3;4;5;6;7;8;9;10,1,1,25,1,FALSE,NA,match,2,19,19,649,19
1,1;2;3;4;5;6;7;8;9;10,1,1,25,1,FALSE,NA,match,2,20,20,650,20
1,1;2;3;4;5;6;7;8;9;10,10,1,26,1,FALSE,NA,match,2,11,11,651,11
1,1;2;3;4;5;6;7;8;9;10,10,1,26,1,FALSE,NA,match,2,12,12,652,12
1,1;2;3;4;5;6;7;8;9;10,10,1,26,1,FALSE,NA,match,2,13,13,653,13
1,1;2;3;4;5;6;7;8;9;10,10,1,26,1,FALSE,NA,match,2,14,14,654,14
1,1;2;3;4;5;6;7;8;9;10,10,1,26,1,FALSE,NA,match,2,15,15,655,15
1,1;2;3;4;5;6;7;8;9;10,10,1,26,1,FALSE,NA,match,2,16,16,656,16
1,1;2;3;4;5;6;7;8;9;10,10,1,26,1,FALSE,NA,match,2,17,17,657,17
1,1;2;3;4;5;6;7;8;9;10,10,1,26,1,FALSE,NA,match,2,18,18,658,18
1,1;2;3;4;5;6;7;8;9;10,10,1,26,1,FALSE,NA,match,2,19,19,659,19
1,1;2;3;4;5;6;7;8;9;10,10,1,26,1,FALSE,NA,match,2,20,20,660,20
1,1;2;3;4;5;6;7;8;9;10,4,1,27,1,FALSE,NA,match,2,11,11,661,11
1,1;2;3;4;5;6;7;8;9;10,4,1,27,1,FALSE,NA,match,2,12,12,662,12
1,1;2;3;4;5;6;7;8;9;10,4,1,27,1,FALSE,NA,match,2,13,13,663,13
1,1;2;3;4;5;6;7;8;9;10,4,1,27,1,FALSE,NA,match,2,14,14,664,14
1,1;2;3;4;5;6;7;8;9;10,4,1,27,1,FALSE,NA,match,2,15,15,665,15
1,1;2;3;4;5;6;7;8;9;10,4,1,27,1,FALSE,NA,match,2,16,16,666,16
1,1;2;3;4;5;6;7;8;9;10,4,1,27,1,FALSE,NA,match,2,17,17,667,17
1,1;2;3;4;5;6;7;8;9;10,4,1,27,1,FALSE,NA,match,2,18,18,668,18
1,1;2;3;4;5;6;7;8;9;10,4,1,27,1,FALSE,NA,match,2,19,19,669,19
1,1;2;3;4;5;6;7;8;9;10,4,1,27,1,FALSE,NA,match,2,20,20,670,20
1,1;2;3;4;5;6;7;8;9;10,8,1,28,1,FALSE,NA,match,2,11,11,671,11
1,1;2;3;4;5;6;7;8;9;10,8,1,28,1,FALSE,NA,match,2,12,12,672,12
1,1;2;3;4;5;6;7;8;9;10,8,1,28,1,FALSE,NA,match,2,13,13,673,13
1,1;2;3;4;5;6;7;8;9;10,8,1,28,1,FALSE,NA,match,2,14,14,674,14
1,1;2;3;4;5;6;7;8;9;10,8,1,28,1,FALSE,NA,match,2,15,15,675,15
1,1;2;3;4;5;6;7;8;9;10,8,1,28,1,FALSE,NA,match,2,16,16,676,16
1,1;2;3;4;5;6;7;8;9;10,8,1,28,1,FALSE,NA,match,2,17,17,677,17
1,1;2;3;4;5;6;7;8;9;10,8,1,28,1,FALSE,NA,match,2,18,18,678,18
1,1;2;3;4;5;6;7;8;9;10,8,1,28,1,FALSE,NA,match,2,19,19,679,19
1,1;2;3;4;5;6;7;8;9;10,8,1,28,1,FALSE,NA,match,2,20,20,680,20
1,1;2;3;4;5;6;7;8;9;10,2,1,29,1,FALSE,NA,match,2,11,11,681,11
1,1;2;3;4;5;6;7;8;9;10,2,1,29,1,FALSE,NA,match,2,12,12,682,12
1,1;2;3;4;5;6;7;8;9;10,2,1,29,1,FALSE,NA,match,2,13,13,683,13
1,1;2;3;4;5;6;7;8;9;10,2,1,29,1,FALSE,NA,match,2,14,14,684,14
1,1;2;3;4;5;6;7;8;9;10,2,1,29,1,FALSE,NA,match,2,15,15,685,15
1,1;2;3;4;5;6;7;8;9;10,2,1,29,1,FALSE,NA,match,2,16,16,686,16
1,1;2;3;4;5;6;7;8;9;10,2,1,29,1,FALSE,NA,match,2,17,17,687,17
1,1;2;3;4;5;6;7;8;9;10,2,1,29,1,FALSE,NA,match,2,18,18,688,18
1,1;2;3;4;5;6;7;8;9;10,2,1,29,1,FALSE,NA,match,2,19,19,689,19
1,1;2;3;4;5;6;7;8;9;10,2,1,29,1,FALSE,NA,match,2,20,20,690,20
1,1;2;3;4;5;6;7;8;9;10,3,1,30,1,FALSE,NA,match,2,11,11,691,11
1,1;2;3;4;5;6;7;8;9;10,3,1,30,1,FALSE,NA,match,2,12,12,692,12
1,1;2;3;4;5;6;7;8;9;10,3,1,30,1,FALSE,NA,match,2,13,13,693,13
1,1;2;3;4;5;6;7;8;9;10,3,1,30,1,FALSE,NA,match,2,14,14,694,14
1,1;2;3;4;5;6;7;8;9;10,3,1,30,1,FALSE,NA,match,2,15,15,695,15
1,1;2;3;4;5;6;7;8;9;10,3,1,30,1,FALSE,NA,match,2,16,16,696,16
1,1;2;3;4;5;6;7;8;9;10,3,1,30,1,FALSE,NA,match,2,17,17,697,17
1,1;2;3;4;5;6;7;8;9;10,3,1,30,1,FALSE,NA,match,2,18,18,698,18
1,1;2;3;4;5;6;7;8;9;10,3,1,30,1,FALSE,NA,match,2,19,19,699,19
1,1;2;3;4;5;6;7;8;9;10,3,1,30,1,FALSE,NA,match,2,20,20,700,20
1,1;2;3;4;5;6;7;8;9;10,5,1,31,1,FALSE,NA,match,2,11,11,701,11
1,1;2;3;4;5;6;7;8;9;10,5,1,31,1,FALSE,NA,match,2,12,12,702,12
1,1;2;3;4;5;6;7;8;9;10,5,1,31,1,FALSE,NA,match,2,13,13,703,13
1,1;2;3;4;5;6;7;8;9;10,5,1,31,1,FALSE,NA,match,2,14,14,704,14
1,1;2;3;4;5;6;7;8;9;10,5,1,31,1,FALSE,NA,match,2,15,15,705,15
1,1;2;3;4;5;6;7;8;9;10,5,1,31,1,FALSE,NA,match,2,16,16,706,16
1,1;2;3;4;5;6;7;8;9;10,5,1,31,1,FALSE,NA,match,2,17,17,707,17
1,1;2;3;4;5;6;7;8;9;10,5,1,31,1,FALSE,NA,match,2,18,18,708,18
1,1;2;3;4;5;6;7;8;9;10,5,1,31,1,FALSE,NA,match,2,19,19,709,19
1,1;2;3;4;5;6;7;8;9;10,5,1,31,1,FALSE,NA,match,2,20,20,710,20
1,1;2;3;4;5;6;7;8;9;10,9,1,32,1,FALSE,NA,match,2,11,11,711,11
1,1;2;3;4;5;6;7;8;9;10,9,1,32,1,FALSE,NA,match,2,12,12,712,12
1,1;2;3;4;5;6;7;8;9;10,9,1,32,1,FALSE,NA,match,2,13,13,713,13
1,1;2;3;4;5;6;7;8;9;10,9,1,32,1,FALSE,NA,match,2,14,14,714,14
1,1;2;3;4;5;6;7;8;9;10,9,1,32,1,FALSE,NA,match,2,15,15,715,15
1,1;2;3;4;5;6;7;8;9;10,9,1,32,1,FALSE,NA,match,2,16,16,716,16
1,1;2;3;4;5;6;7;8;9;10,9,1,32,1,FALSE,NA,match,2,17,17,717,17
1,1;2;3;4;5;6;7;8;9;10,9,1,32,1,FALSE,NA,match,2,18,18,718,18
1,1;2;3;4;5;6;7;8;9;10,9,1,32,1,FALSE,NA,match,2,19,19,719,19
1,1;2;3;4;5;6;7;8;9;10,9,1,32,1,FALSE,NA,match,2,20,20,720,20
1,1;2;3;4;5;6;7;8;9;10,1,1,33,1,FALSE,NA,match,2,11,11,721,11
1,1;2;3;4;5;6;7;8;9;10,1,1,33,1,FALSE,NA,match,2,12,12,722,12
1,1;2;3;4;5;6;7;8;9;10,1,1,33,1,FALSE,NA,match,2,13,13,723,13
1,1;2;3;4;5;6;7;8;9;10,1,1,33,1,FALSE,NA,match,2,14,14,724,14
1,1;2;3;4;5;6;7;8;9;10,1,1,33,1,FALSE,NA,match,2,15,15,725,15
1,1;2;3;4;5;6;7;8;9;10,1,1,33,1,FALSE,NA,match,2,16,16,726,16
1,1;2;3;4;5;6;7;8;9;10,1,1,33,1,FALSE,NA,match,2,17,17,727,17
1,1;2;3;4;5;6;7;8;9;10,1,1,33,1,FALSE,NA,match,2,18,18,728,18
1,1;2;3;4;5;6;7;8;9;10,1,1,33,1,FALSE,NA,match,2,19,19,729,19
1,1;2;3;4;5;6;7;8;9;10,1,1,33,1,FALSE,NA,match,2,20,20,730,20
1,1;2;3;4;5;6;7;8;9;10,7,1,34,1,FALSE,NA,match,2,11,11,731,11
1,1;2;3;4;5;6;7;8;9;10,7,1,34,1,FALSE,NA,match,2,12,12,732,12
1,1;2;3;4;5;6;7;8;9;10,7,1,34,1,FALSE,NA,match,2,13,13,733,13
1,1;2;3;4;5;6;7;8;9;10,7,1,34,1,FALSE,NA,match,2,14,14,734,14
1,1;2;3;4;5;6;7;8;9;10,7,1,34,1,FALSE,NA,match,2,15,15,735,15
1,1;2;3;4;5;6;7;8;9;10,7,1,34,1,FALSE,NA,match,2,16,16,736,16
1,1;2;3;4;5;6;7;8;9;10,7,1,34,1,FALSE,NA,match,2,17,17,737,17
1,1;2;3;4;5;6;7;8;9;10,7,1,34,1,FALSE,NA,match,2,18,18,738,18
1,1;2;3;4;5;6;7;8;9;10,7,1,34,1,FALSE,NA,match,2,19,19,739,19
1,1;2;3;4;5;6;7;8;9;10,7,1,34,1,FALSE,NA,match,2,20,20,740,20
1,1;2;3;4;5;6;7;8;9;10,3,1,35,1,FALSE,NA,match,2,11,11,741,11
1,1;2;3;4;5;6;7;8;9;10,3,1,35,1,FALSE,NA,match,2,12,12,742,12
1,1;2;3;4;5;6;7;8;9;10,3,1,35,1,FALSE,NA,match,2,13,13,743,13
1,1;2;3;4;5;6;7;8;9;10,3,1,35,1,FALSE,NA,match,2,14,14,744,14
1,1;2;3;4;5;6;7;8;9;10,3,1,35,1,FALSE,NA,match,2,15,15,745,15
1,1;2;3;4;5;6;7;8;9;10,3,1,35,1,FALSE,NA,match,2,16,16,746,16
1,1;2;3;4;5;6;7;8;9;10,3,1,35,1,FALSE,NA,match,2,17,17,747,17
1,1;2;3;4;5;6;7;8;9;10,3,1,35,1,FALSE,NA,match,2,18,18,748,18
1,1;2;3;4;5;6;7;8;9;10,3,1,35,1,FALSE,NA,match,2,19,19,749,19
1,1;2;3;4;5;6;7;8;9;10,3,1,35,1,FALSE,NA,match,2,20,20,750,20
1,1;2;3;4;5;6;7;8;9;10,6,1,36,1,FALSE,NA,match,2,11,11,751,11
1,1;2;3;4;5;6;7;8;9;10,6,1,36,1,FALSE,NA,match,2,12,12,752,12
1,1;2;3;4;5;6;7;8;9;10,6,1,36,1,FALSE,NA,match,2,13,13,753,13
1,1;2;3;4;5;6;7;8;9;10,6,1,36,1,FALSE,NA,match,2,14,14,754,14
1,1;2;3;4;5;6;7;8;9;10,6,1,36,1,FALSE,NA,match,2,15,15,755,15
1,1;2;3;4;5;6;7;8;9;10,6,1,36,1,FALSE,NA,match,2,16,16,756,16
1,1;2;3;4;5;6;7;8;9;10,6,1,36,1,FALSE,NA,match,2,17,17,757,17
1,1;2;3;4;5;6;7;8;9;10,6,1,36,1,FALSE,NA,match,2,18,18,758,18
1,1;2;3;4;5;6;7;8;9;10,6,1,36,1,FALSE,NA,match,2,19,19,759,19
1,1;2;3;4;5;6;7;8;9;10,6,1,36,1,FALSE,NA,match,2,20,20,760,20
1,1;2;3;4;5;6;7;8;9;10,10,1,37,1,FALSE,NA,match,2,11,11,761,11
1,1;2;3;4;5;6;7;8;9;10,10,1,37,1,FALSE,NA,match,2,12,12,762,12
1,1;2;3;4;5;6;7;8;9;10,10,1,37,1,FALSE,NA,match,2,13,13,763,13
1,1;2;3;4;5;6;7;8;9;10,10,1,37,1,FALSE,NA,match,2,14,14,764,14
1,1;2;3;4;5;6;7;8;9;10,10,1,37,1,FALSE,NA,match,2,15,15,765,15
1,1;2;3;4;5;6;7;8;9;10,10,1,37,1,FALSE,NA,match,2,16,16,766,16
1,1;2;3;4;5;6;7;8;9;10,10,1,37,1,FALSE,NA,match,2,17,17,767,17
1,1;2;3;4;5;6;7;8;9;10,10,1,37,1,FALSE,NA,match,2,18,18,768,18
1,1;2;3;4;5;6;7;8;9;10,10,1,37,1,FALSE,NA,match,2,19,19,769,19
1,1;2;3;4;5;6;7;8;9;10,10,1,37,1,FALSE,NA,match,2,20,20,770,20
1,1;2;3;4;5;6;7;8;9;10,4,1,38,1,FALSE,NA,match,2,11,11,771,11
1,1;2;3;4;5;6;7;8;9;10,4,1,38,1,FALSE,NA,match,2,12,12,772,12
1,1;2;3;4;5;6;7;8;9;10,4,1,38,1,FALSE,NA,match,2,13,13,773,13
1,1;2;3;4;5;6;7;8;9;10,4,1,38,1,FALSE,NA,match,2,14,14,774,14
1,1;2;3;4;5;6;7;8;9;10,4,1,38,1,FALSE,NA,match,2,15,15,775,15
1,1;2;3;4;5;6;7;8;9;10,4,1,38,1,FALSE,NA,match,2,16,NA,776,16
1,1;2;3;4;5;6;7;8;9;10,4,1,38,1,FALSE,NA,match,2,17,17,777,17
1,1;2;3;4;5;6;7;8;9;10,4,1,38,1,FALSE,NA,match,2,18,18,778,18
1,1;2;3;4;5;6;7;8;9;10,4,1,38,1,FALSE,NA,match,2,19,19,779,19
1,1;2;3;4;5;6;7;8;9;10,4,1,38,1,FALSE,NA,match,2,20,20,780,20
1,1;2;3;4;5;6;7;8;9;10,8,1,39,1,FALSE,NA,match,2,11,11,781,11
1,1;2;3;4;5;6;7;8;9;10,8,1,39,1,FALSE,NA,match,2,12,12,782,12
1,1;2;3;4;5;6;7;8;9;10,8,1,39,1,FALSE,NA,match,2,13,13,783,13
1,1;2;3;4;5;6;7;8;9;10,8,1,39,1,FALSE,NA,match,2,14,14,784,14
1,1;2;3;4;5;6;7;8;9;10,8,1,39,1,FALSE,NA,match,2,15,15,785,15
1,1;2;3;4;5;6;7;8;9;10,8,1,39,1,FALSE,NA,match,2,16,16,786,16
1,1;2;3;4;5;6;7;8;9;10,8,1,39,1,FALSE,NA,match,2,17,17,787,17
1,1;2;3;4;5;6;7;8;9;10,8,1,39,1,FALSE,NA,match,2,18,18,788,18
1,1;2;3;4;5;6;7;8;9;10,8,1,39,1,FALSE,NA,match,2,19,19,789,19
1,1;2;3;4;5;6;7;8;9;10,8,1,39,1,FALSE,NA,match,2,20,20,790,20
1,1;2;3;4;5;6;7;8;9;10,2,1,40,1,FALSE,NA,match,2,11,11,791,11
1,1;2;3;4;5;6;7;8;9;10,2,1,40,1,FALSE,NA,match,2,12,12,792,12
1,1;2;3;4;5;6;7;8;9;10,2,1,40,1,FALSE,NA,match,2,13,13,793,13
1,1;2;3;4;5;6;7;8;9;10,2,1,40,1,FALSE,NA,match,2,14,14,794,14
1,1;2;3;4;5;6;7;8;9;10,2,1,40,1,FALSE,NA,match,2,15,15,795,15
1,1;2;3;4;5;6;7;8;9;10,2,1,40,1,FALSE,NA,match,2,16,16,796,16
1,1;2;3;4;5;6;7;8;9;10,2,1,40,1,FALSE,NA,match,2,17,17,797,17
1,1;2;3;4;5;6;7;8;9;10,2,1,40,1,FALSE,NA,match,2,18,18,798,18
1,1;2;3;4;5;6;7;8;9;10,2,1,40,1,FALSE,NA,match,2,19,19,799,19
1,1;2;3;4;5;6;7;8;9;10,2,1,40,1,FALSE,NA,match,2,20,20,800,20
